stage,global_epoch,local_epoch,train_time_sec,train_lr,train_loss,train_loss_recon_total,train_loss_recon_exact_total,train_loss_recon_tol_total,train_loss_vq,train_loss_enc_var,train_blank,train_blank_sep,train_loss_isi,train_loss_ctx,train_loss_ctx_field,train_loss_sp_cons,train_loss_sp_token,train_loss_sp_pixel,train_lambda_sp_token_eff,train_lambda_sp_pixel_eff,train_sp_memory_used,train_adj_memory_used,train_adj_pred_mean,train_adj_allowed_mean,train_adj_tgt_mean,train_adj_conf_mean,train_avg_vq_blank_frac,train_avg_vq_residual_norm,train_avg_vq_commit,train_avg_vq_usage,train_blank_token_norm,train_activity_offset_norm,train_pos_weight_eff,train_lambda_ctx_eff,train_lambda_isi,train_cfg_drop_prob,train_pred_mean_p,train_tgt_mean,train_loss_recon_l1,train_loss_recon_l1_exact,train_loss_recon_l1_tol,train_loss_recon_l2,train_loss_recon_l2_exact,train_loss_recon_l2_tol,train_perplexity_nonblank_l1,train_active_codes_nonblank_l1,train_child_per_active_parent_l1,train_vq_commit_l1,train_vq_usage_l1,train_vq_soft_usage_raw_l1,train_perplexity_nonblank_l2,train_active_codes_nonblank_l2,train_child_per_active_parent_l2,train_vq_commit_l2,train_vq_usage_l2,train_vq_soft_usage_raw_l2,train_vq_num_levels,train_vq_near_zero_thresh,train_vq_l1_num_codes,train_vq_l1_code_dim,train_vq_l1_alive,train_vq_l1_dead,train_vq_l1_alive_frac,train_vq_l1_dead_frac,train_vq_l1_norm_min,train_vq_l1_norm_max,train_vq_l1_norm_mean,train_vq_l1_norm_std,train_vq_l1_cos_max,train_vq_l1_cos_min,train_vq_l1_cos_mean,train_vq_l1_cos_std,train_vq_l2_num_codes,train_vq_l2_code_dim,train_vq_l2_alive,train_vq_l2_dead,train_vq_l2_alive_frac,train_vq_l2_dead_frac,train_vq_l2_norm_min,train_vq_l2_norm_max,train_vq_l2_norm_mean,train_vq_l2_norm_std,train_vq_l2_cos_max,train_vq_l2_cos_min,train_vq_l2_cos_mean,train_vq_l2_cos_std,train_vq_total_codes,train_vq_total_alive,train_vq_total_dead,train_vq_total_alive_frac,train_vq_total_dead_frac,train_AUPRC_tol_cond,val_val_loss_BCE,val_val_loss_BCE_full,val_val_loss_vq,val_AUPRC,val_BestF1,val_BestF1_threshold,val_eval_count,val_eval_density,val_eval_mask_frac,val_val_loss_recon_ref1_cond,val_val_loss_recon_ref1_exact_cond,val_val_loss_recon_ref1_tol_cond,val_val_loss_recon_ref2_cond,val_val_loss_recon_ref2_exact_cond,val_val_loss_recon_ref2_tol_cond,val_val_loss_BCE_cond,val_val_loss_BCE_full_cond,val_val_loss_vq_cond,val_AUPRC_cond,val_BestF1_cond,val_BestF1_threshold_cond,val_AUPRC_tol_cond,val_BestF1_tol_cond,val_BestF1_threshold_tol_cond,val_val_loss_BCE_uncond,val_val_loss_BCE_full_uncond,val_val_loss_vq_uncond,val_AUPRC_uncond,val_BestF1_uncond,val_BestF1_threshold_uncond,val_AUPRC_tol_uncond,val_BestF1_tol_uncond,val_BestF1_threshold_tol_uncond,val_val_loss_recon_ref1_uncond,val_val_loss_recon_ref1_exact_uncond,val_val_loss_recon_ref1_tol_uncond,val_val_loss_recon_ref2_uncond,val_val_loss_recon_ref2_exact_uncond,val_val_loss_recon_ref2_tol_uncond,is_base,is_finetune,base_best_epoch,ft_shift_offset
base,1,1,183.8035864830017,0.0009999728588359286,2.2260913548306522,2.01406516886165,0.4317967693647768,1.5822683901040473,0.07021313200457993,0.1418130546489842,6.5177776874640045,0.002622029425103667,0.009355404594586154,0.0,0.0,0.0,0.0,0.0,0.0,0.0,0.0,1.0,0.06489698950481863,0.0673969963676909,0.05391759704002458,0.9996964106192956,0.9173427483974359,0.4430905720617017,0.06960605446281087,0.0006070773695092091,0.1700088083744049,0.17640897631645203,100.0,0.0,0.0001,0.0,0.22976209624455526,0.000120025042338251,1.8264658532590947,0.2928584018069455,1.533607450305906,0.37519861375674224,0.2778767351156626,0.09732187959628227,11.890535658241337,16.675213675213676,1.0,0.08802103973988794,0.0011330779428438593,1.1330778894261417,49.48847678991464,69.52136752136752,4.182244319745122,0.05119106940065439,8.107679544385367e-05,0.0810767911438249,2,1e-06,32,64,32,0,1.0,0.0,6.23048210144043,7.667088508605957,6.930500507354736,0.40829232335090637,0.9536808729171753,-0.9174825549125671,-0.00027396937366575,0.4160842001438141,256,64,256,0,1.0,0.0,0.6268311738967896,5.486412525177002,3.136353015899658,0.9059163331985474,0.9854212999343872,-0.9450525045394897,0.0028388204518705606,0.31944796442985535,288,288,0,1.0,0.0,0.001181878290295298,0.20937860963192392,0.20937860963192392,0.046447995851965664,0.0001500335801888126,0.0008080857064425057,0.13118279036334765,186,26880.0,1.0,0.20937860963192392,0.044589404254517656,0.16478920395069935,0.0,0.0,0.0,0.20937860963192392,0.20937860963192392,0.046447995851965664,0.0001500335801888126,0.0008080857064425057,0.13118279036334765,0.001181878290295298,0.003986204317952406,0.22892472546507595,0.20937860963192392,0.20937860963192392,0.046447995851965664,0.0001500335801888126,0.0008080857064425057,0.13118279036334765,0.001181878290295298,0.003986204317952406,0.22892472546507595,0.20937860963192392,0.044589404254517656,0.16478920395069935,0.0,0.0,0.0,1,0,294,294
base,2,2,183.6230330467224,0.0009998914383200486,0.6447964183285705,0.5778600492029109,0.08340577945972864,0.49445427202770853,0.03519936802231858,0.02988489991865861,6.017384109334049,5.125288820132039e-08,2.1003067481227604e-06,0.0,0.0,0.0,0.0,0.0,0.0,0.0,0.0,1.0,0.014596879299188781,0.06739699579456933,0.053917597135544844,0.9996964167325925,0.9185780582264957,0.28894325390330744,0.03500648255213203,0.00019288551608104515,0.1815733164548874,0.184881791472435,99.97656161737225,0.0,0.0001,0.0,0.022603665796928425,0.00011869685968277682,0.47063132789399886,0.07044389242163071,0.40018743556788844,0.2144574472027966,0.025923774076195862,0.18853367291964018,22.524142143053886,28.52991452991453,1.0,0.04880040067319687,0.0003627113237754147,0.36271130529224366,99.14491193722456,126.16239316239316,4.388351509321234,0.021212564542507514,2.3059709484676623e-05,0.02305970844040569,2,1e-06,32,64,32,0,1.0,0.0,6.965181350708008,7.844400882720947,7.468958854675293,0.23793523013591766,0.929550290107727,-0.9562562108039856,-0.013608220964670181,0.5071610808372498,256,64,256,0,1.0,0.0,0.8132709264755249,5.9529242515563965,2.8493852615356445,0.9428426027297974,0.9652916193008423,-0.9558131694793701,-0.00011128164624096826,0.37746843695640564,288,288,0,1.0,0.0,0.0010964504688926872,0.2040380426543824,0.2040380426543824,0.027212693772100387,0.00015175307819561724,0.0006280001026102729,0.13349462040169266,186,26880.0,1.0,0.2040380426543824,0.010817803283955188,0.19322023873633526,0.0,0.0,0.0,0.2040380426543824,0.2040380426543824,0.027212693772100387,0.00015175307819561724,0.0006280001026102729,0.13349462040169266,0.0010964504688926872,0.003625564233594579,0.2517204240705537,0.2040380426543824,0.2040380426543824,0.027212693772100387,0.00015175307819561724,0.0006280001026102729,0.13349462040169266,0.0010964504688926872,0.003625564233594579,0.2517204240705537,0.2040380426543824,0.010817803283955188,0.19322023873633526,0.0,0.0,0.0,1,0,294,294
base,3,3,205.35265350341797,0.0009997557473810372,0.5921405472307124,0.5520298750991495,0.07763499550871615,0.4743948831008031,0.021229434193263196,0.011694926633220961,5.873153384934124,5.428305092794437e-08,2.3066951516972413e-08,0.0,0.0,0.0,0.0,0.0,0.0,0.0,0.0,1.0,0.007438587836730175,0.06752485415747023,0.05401988274967059,0.9996958543092777,0.9176536625267094,0.21756609166279817,0.02106822071135299,0.00016121349988244553,0.18438106775283813,0.18781323730945587,99.9062696003429,0.0,0.0001,0.0,0.010099736480121939,0.00012205871972295208,0.4401856742353521,0.07072356114020714,0.36946211487818986,0.22368840503896403,0.013822868737018006,0.20986553644522643,23.84121422889905,29.743589743589745,1.0,0.030167191185885005,0.0003020313999871325,0.30203138661180806,107.27017893342891,134.07692307692307,4.470550345938382,0.011969250105480608,2.039559982439929e-05,0.020395598859868497,2,1e-06,32,64,32,0,1.0,0.0,7.271368503570557,8.056138038635254,7.839677810668945,0.1569279581308365,0.9521654844284058,-0.9785465598106384,-0.016687357798218727,0.572566568851471,256,64,256,0,1.0,0.0,0.6587902307510376,5.134020805358887,2.2670016288757324,0.8117551207542419,0.9871491193771362,-0.9698467254638672,-0.0014588760677725077,0.42219072580337524,288,288,0,1.0,0.0,0.0011261172779585091,0.20184581552414185,0.20184581552414185,0.015913849716332366,0.00015914346178555382,0.0007081509658785773,0.12295698750043108,186,26880.0,1.0,0.20184581552414185,0.011019382586187504,0.1908264325020161,0.0,0.0,0.0,0.20184581552414185,0.20184581552414185,0.015913849716332366,0.00015914346178555382,0.0007081509658785773,0.12295698750043108,0.0011261172779585091,0.003995504323596521,0.17892472792456868,0.20184581552414185,0.20184581552414185,0.015913849716332366,0.00015914346178555382,0.0007081509658785773,0.12295698750043108,0.0011261172779585091,0.003995504323596521,0.17892472792456868,0.20184581552414185,0.011019382586187504,0.1908264325020161,0.0,0.0,0.0,1,0,294,294
base,4,4,210.607754945755,0.000999565800898935,0.5739746878289769,0.5411185150981969,0.07974249083930865,0.46137602601805305,0.011823320379241919,0.00523928770970585,5.796149824419592,5.580815657655184e-08,0.0,0.0,0.0,0.0,0.0,0.0,0.0,0.0,0.0,1.0,0.004918403597150603,0.06735369139629552,0.05388295363921385,0.9996959663863875,0.9151350494123932,0.1602289314326058,0.011679666550654886,0.00014365383807065277,0.18425367772579193,0.19073490798473358,99.7891933186463,0.0,0.0001,0.0,0.01274038661016613,0.00012622875156245218,0.44208655729253066,0.07154897823292986,0.3705375828804114,0.19806391204524243,0.016387025212757606,0.18167688627528328,24.52554088168674,30.042735042735043,1.0,0.016841594408401567,0.0002702146500043579,0.27021463712056476,113.46154941656651,140.68376068376068,4.634948693172539,0.006517738639178057,1.7093025613210822e-05,0.017093024702153653,2,1e-06,32,64,32,0,1.0,0.0,7.809324264526367,8.230019569396973,8.107315063476562,0.08379187434911728,0.9715049266815186,-0.9923223257064819,-0.011378751136362553,0.6330203413963318,256,64,256,0,1.0,0.0,0.46456870436668396,3.7837040424346924,1.6548423767089844,0.5925744771957397,0.9879603385925293,-0.9827625751495361,-0.0026175519451498985,0.4570072293281555,288,288,0,1.0,0.0,0.0011192270491935028,0.19852067878905763,0.19852067878905763,0.008693539587027848,0.00016788129630273738,0.0006706854742382132,0.1247311812194605,186,26880.0,1.0,0.19852067878905763,0.014884048934154053,0.18363662951804222,0.0,0.0,0.0,0.19852067878905763,0.19852067878905763,0.008693539587027848,0.00016788129630273738,0.0006706854742382132,0.1247311812194605,0.0011192270491935028,0.0032253772128618733,0.2073118277094377,0.19852067878905763,0.19852067878905763,0.008693539587027848,0.00016788129630273738,0.0006706854742382132,0.1247311812194605,0.0011192270491935028,0.0032253772128618733,0.2073118277094377,0.19852067878905763,0.014884048934154053,0.18363662951804222,0.0,0.0,0.0,1,0,294,294
base,5,5,196.59585642814636,0.0009993216197035143,0.5679666990907783,0.5315597001303974,0.07558469046862462,0.4559750146845467,0.006703648469450637,0.002530150640851412,5.691229371943026,5.828507812760722e-08,0.0,0.0,0.0,0.0,0.0,0.0,0.0,0.0,0.0,1.0,0.0031724838742938563,0.06750147296195357,0.05400117821036241,0.9996967259635273,0.9169316740117521,0.11748899455763336,0.00657885583738486,0.0001247926517170814,0.18372634053230286,0.1968000829219818,99.6254483124377,0.0,0.0001,0.0,0.015352251103673225,0.0001189022148179754,0.4375687582880004,0.06631082799444851,0.3712579345601237,0.18798188521311834,0.018547724948352218,0.16943416024884608,25.245219450730545,30.641025641025642,1.0,0.009675191205918279,0.00023572877566598786,0.23572876514532629,117.610838800414,144.17948717948718,4.668455784455831,0.003482520492731506,1.385652772930767e-05,0.01385652713286571,2,1e-06,32,64,32,0,1.0,0.0,8.004749298095703,8.331646919250488,8.249027252197266,0.058181282132864,0.9780099391937256,-0.994478702545166,-0.015820326283574104,0.682196319103241,256,64,256,0,1.0,0.0,0.28110137581825256,3.5284016132354736,1.3044321537017822,0.5291407108306885,0.9857295751571655,-0.9829778075218201,-0.0018341203685849905,0.48909860849380493,288,288,0,1.0,0.0,0.0013569288658477636,0.199766421254645,0.199766421254645,0.005527719558077924,0.00018753411596437842,0.0011851651187136803,0.15016128793759373,186,26880.0,1.0,0.199766421254645,0.013945579092870367,0.18582084299402035,0.0,0.0,0.0,0.199766421254645,0.199766421254645,0.005527719558077924,0.00018753411596437842,0.0011851651187136803,0.15016128793759373,0.0013569288658477636,0.007964024070358676,0.23360214539633323,0.199766421254645,0.199766421254645,0.005527719558077924,0.00018753411596437842,0.0011851651187136803,0.15016128793759373,0.0013569288658477636,0.007964024070358676,0.23360214539633323,0.199766421254645,0.013945579092870367,0.18582084299402035,0.0,0.0,0.0,1,0,294,294
base,6,6,193.5081398487091,0.0009990232305719946,0.5788198245896233,0.5320926145610646,0.07559428883031902,0.4564983267814685,0.004405646204836985,0.0014942347700906615,5.575729476081,6.321893414840224e-08,0.0,0.0,0.0,0.0,0.0,0.0,0.0,0.0,0.0,1.0,0.0020110259493255718,0.0673948984561313,0.053915918812665165,0.9996962425036308,0.9156796708066239,0.09393982748445283,0.004299938477750899,0.00010570771694949502,0.18304306268692017,0.2072657197713852,99.41519617826904,0.0,0.0001,0.0,0.01377732150702395,0.00012405265103871378,0.4356701366412334,0.0670996154539096,0.36857052211068636,0.19284495596702284,0.016989346752818834,0.17585560934156433,25.965979494600216,30.854700854700855,1.0,0.006373586168942543,0.0002028076174051071,0.20280760781377807,124.33789659157777,150.52991452991452,4.840459079272089,0.0022262908363093934,8.60781589532659e-06,0.008607815473507613,2,1e-06,32,64,32,0,1.0,0.0,8.235560417175293,8.381118774414062,8.336140632629395,0.028094835579395294,0.9814367890357971,-0.9960072636604309,-0.01595243811607361,0.7063466310501099,256,64,256,0,1.0,0.0,0.15311135351657867,2.4827558994293213,1.0510728359222412,0.4317818582057953,0.9824870824813843,-0.9887772798538208,-0.002065604319795966,0.5151318311691284,288,288,0,1.0,0.0,0.0022395147280090035,0.19890528124697665,0.19890528124697665,0.0035749588686814333,0.00022980724612299,0.0029266772489057575,0.1345161264061287,186,26880.0,1.0,0.19890528124697665,0.01321711577475071,0.1856881674933941,0.0,0.0,0.0,0.19890528124697665,0.19890528124697665,0.0035749588686814333,0.00022980724612299,0.0029266772489057575,0.1345161264061287,0.0022395147280090035,0.022037320033691247,0.27440859451489424,0.19890528124697665,0.19890528124697665,0.0035749588686814333,0.00022980724612299,0.0029266772489057575,0.1345161264061287,0.0022395147280090035,0.022037320033691247,0.27440859451489424,0.19890528124697665,0.01321711577475071,0.1856881674933941,0.0,0.0,0.0,1,0,294,294
base,7,7,182.64791011810303,0.0009986706662261067,0.5871495380360856,0.5282405951084235,0.07093330689220347,0.4573072930559134,0.0031080181694501997,0.0008917110136304146,5.328214653536805,7.163526900631352e-08,0.0,0.0,0.0,0.0,0.0,0.0,0.0,0.0,0.0,1.0,0.0009215914770666287,0.06739699655873144,0.05391759727882524,0.9996964131665026,0.9170568743322649,0.07793953435288535,0.003022815509794805,8.520265816289008e-05,0.1836533099412918,0.22327031195163727,99.15864440961272,0.0,0.0001,0.0,0.012756371687556434,0.00012113793438293526,0.43526292382142484,0.06308528300151865,0.3721776431442326,0.18595534779577175,0.015696047781369626,0.17025929982336158,26.73650894817124,31.17094017094017,1.0,0.0045149183939569276,0.00016450156507721075,0.16450155698336089,127.5445550119775,152.8803418803419,4.877239262324327,0.001530712611702645,5.9037516814539085e-06,0.005903751422197391,2,1e-06,32,64,32,0,1.0,0.0,8.337053298950195,8.438703536987305,8.384265899658203,0.020183462649583817,0.9876403212547302,-0.9935522079467773,-0.01529503334313631,0.718824028968811,256,64,256,0,1.0,0.0,0.1254497915506363,2.26051926612854,0.8964497447013855,0.398417592048645,0.9867363572120667,-0.9876598119735718,0.002634347416460514,0.5135101079940796,288,288,0,1.0,0.0,0.0030206209861306332,0.19879215385051482,0.19879215385051482,0.0026971716929147854,0.0003393127547213382,0.00476124846599432,0.16387096332806733,186,26880.0,1.0,0.19879215385051482,0.011079795579326914,0.18771235835044942,0.0,0.0,0.0,0.19879215385051482,0.19879215385051482,0.0026971716929147854,0.0003393127547213382,0.00476124846599432,0.16387096332806733,0.0030206209861306332,0.027969679385717826,0.24725805697662215,0.19879215385051482,0.19879215385051482,0.0026971716929147854,0.0003393127547213382,0.00476124846599432,0.16387096332806733,0.0030206209861306332,0.027969679385717826,0.24725805697662215,0.19879215385051482,0.011079795579326914,0.18771235835044942,0.0,0.0,0.0,1,0,294,294
base,8,8,183.23796963691711,0.0009982639653285047,0.5884560377169878,0.5218836975912763,0.0643321192290029,0.4575515823104443,0.0022784374877173677,0.001250711078636157,4.618468470043606,8.529654727638437e-08,0.0,0.0,0.0,0.0,0.0,0.0,0.0,0.0,0.0,1.0,0.0013454576753255012,0.0673969958582495,0.05391759780418669,0.9996964116381784,0.9173469217414529,0.06690952057639758,0.002209155312858713,6.928217126731662e-05,0.19090518355369568,0.247395321726799,98.8560461920905,0.0,0.0001,0.0,0.010060395480284834,0.00012173081428107595,0.4335356848871606,0.05798410097312214,0.37555158596772414,0.1766960301205643,0.01269603651176151,0.16399999268544027,27.290836741781643,31.34188034188034,1.0,0.003292345887639074,0.00013286325655570134,0.1328632505530985,129.49333399585169,154.31623931623932,4.898470488408537,0.001125964730615831,5.701085720464372e-06,0.005701085441132896,2,1e-06,32,64,32,0,1.0,0.0,8.390472412109375,8.480135917663574,8.433125495910645,0.022927720099687576,0.9918573498725891,-0.9796643257141113,-0.00827538687735796,0.7238575220108032,256,64,256,0,1.0,0.0,0.16642069816589355,2.0286598205566406,0.759048342704773,0.319444477558136,0.9915124177932739,-0.9769824743270874,0.032103318721055984,0.5001028180122375,288,288,0,1.0,0.0,0.0075512066020652835,0.1896318625262443,0.1896318625262443,0.0021459933276228764,0.0007923840090683449,0.006487283002433708,0.14290322250215917,186,26880.0,1.0,0.1896318625262443,0.007752405618257979,0.18187945827524712,0.0,0.0,0.0,0.1896318625262443,0.1896318625262443,0.0021459933276228764,0.0007923840090683449,0.006487283002433708,0.14290322250215917,0.0075512066020652835,0.03262573785100993,0.16462365194394063,0.1896318625262443,0.1896318625262443,0.0021459933276228764,0.0007923840090683449,0.006487283002433708,0.14290322250215917,0.0075512066020652835,0.03262573785100993,0.16462365194394063,0.1896318625262443,0.007752405618257979,0.18187945827524712,0.0,0.0,0.0,1,0,294,294
base,9,9,184.67485737800598,0.0009978031724785245,0.5676880657163441,0.5114175386917896,0.05928233065881217,0.45213520475941843,0.002071975755234623,0.0005259861867142539,3.107026381370349,1.0189667925005857e-07,2.027534101238782e-05,0.0,0.0,0.0,0.0,0.0,0.0,0.0,0.0,1.0,0.013301591848572478,0.0675345189933084,0.054027615560807735,0.9996947849917616,0.9165164262820513,0.06496004878073676,0.0020125347396565806,5.944102101946353e-05,0.19735564291477203,0.25978410243988037,98.50770015360997,0.0,0.0001,0.0,0.006853911715249221,0.0001224214031694867,0.42522241086022466,0.05458290252484318,0.370639507077698,0.17239025158759874,0.009398856267937992,0.16299139536344087,27.81222265194624,31.45299145299145,1.0,0.002964406487189679,0.00011493403004491344,0.11493402464776976,134.2478257529756,158.83760683760684,5.0385825621025235,0.0010606629985910004,3.948012162600518e-06,0.003948011968889807,2,1e-06,32,64,32,0,1.0,0.0,8.463577270507812,8.534871101379395,8.504014015197754,0.01457664743065834,0.992184042930603,-0.8981934785842896,0.0446188822388649,0.6920787692070007,256,64,256,0,1.0,0.0,0.13080722093582153,2.7861247062683105,0.7457574009895325,0.3374306559562683,0.9932906627655029,-0.9580686688423157,0.16724184155464172,0.4358603060245514,288,288,0,1.0,0.0,0.013603215113342289,0.16727789697494913,0.16727789697494913,0.002782819956105123,0.0019440128332941533,0.007467614161664299,0.1431182761105799,186,26880.0,1.0,0.16727789697494913,0.005136653899829438,0.16214124414514988,0.0,0.0,0.0,0.16727789697494913,0.16727789697494913,0.002782819956105123,0.0019440128332941533,0.007467614161664299,0.1431182761105799,0.013603215113342289,0.03506334098957239,0.19817203863133345,0.16727789697494913,0.16727789697494913,0.002782819956105123,0.0019440128332941533,0.007467614161664299,0.1431182761105799,0.013603215113342289,0.03506334098957239,0.19817203863133345,0.16727789697494913,0.005136653899829438,0.16214124414514988,0.0,0.0,0.0,1,0,294,294
base,10,10,186.2916874885559,0.0009972883382072953,0.5503736576463423,0.502172936231662,0.055726092625170566,0.44644684287217945,0.0022154194422257254,0.003717032698994009,2.0042672106343455,1.0529628912761712e-07,3.112922476401805e-06,0.0,0.0,0.0,0.0,0.0,0.0,0.0,0.0,1.0,0.01090762203033918,0.06750586004848154,0.05400468824574581,0.9996884933903686,0.9175952357104701,0.0685230534300845,0.002153047187349353,6.237225723950367e-05,0.19697298109531403,0.2592948377132416,98.11395006965479,0.0,0.0001,0.0,0.0042508123243530085,0.0001230507168035037,0.41866837199936563,0.05232091247239429,0.36634745862748885,0.1670091285919532,0.006810360305552554,0.1601987684893812,27.858936154944264,31.376068376068375,1.0,0.003119874578446914,0.00011896967892729056,0.11896967276548728,132.01958874759512,157.17948717948718,4.980206954805333,0.0011862198042118142,5.774836543318647e-06,0.00577483625493498,2,1e-06,32,64,32,0,1.0,0.0,8.617981910705566,8.658448219299316,8.632207870483398,0.009444868192076683,0.9935886263847351,-0.8138428926467896,0.09568271040916443,0.6580082178115845,256,64,256,0,1.0,0.0,0.16201724112033844,2.4989376068115234,0.7431056499481201,0.35599544644355774,0.9895169734954834,-0.9471526741981506,0.09178932756185532,0.437273234128952,288,288,0,1.0,0.0,0.014361583202156008,0.16630543704996717,0.16630543704996717,0.002237175992551319,0.0020496635475591505,0.007842827022516279,0.16940859961573795,186,26880.0,1.0,0.16630543704996717,0.0035577223963163635,0.16274771316254394,0.0,0.0,0.0,0.16630543704996717,0.16630543704996717,0.002237175992551319,0.0020496635475591505,0.007842827022516279,0.16940859961573795,0.014361583202156008,0.03561591077595949,0.20510752340878852,0.16630543704996717,0.16630543704996717,0.002237175992551319,0.0020496635475591505,0.007842827022516279,0.16940859961573795,0.014361583202156008,0.03561591077595949,0.20510752340878852,0.16630543704996717,0.0035577223963163635,0.16274771316254394,0.0,0.0,0.0,1,0,294,294
base,11,11,183.09201192855835,0.0009967195189721962,0.5293377243046068,0.4958819479514391,0.05271484220149712,0.4431671063359986,0.0021667370152795035,0.0036858833737225616,1.093559822975061,1.0482498509857493e-07,3.7663416636579683e-06,0.0,0.21589181221957898,8.132181988585846e-11,3.323090865713809e-06,0.0,2.4471741852423235e-05,0.0,1.0,1.0,0.011632077125275237,0.06750634411333972,0.05400507585105733,0.9996965873954643,0.9175910623664529,0.06720995963511305,0.0021121596597119146,5.457735199179763e-05,0.19633682072162628,0.25884145498275757,97.6751845240198,0.0024471741852423235,0.0001,0.0,0.0029293026448760787,0.0001205947375684702,0.4153708993879139,0.04998968062428837,0.3653812197029081,0.16102209712705043,0.005450323154417495,0.15557177326618096,28.257853630261543,31.623931623931625,1.0,0.0030844401683594682,0.00010375224323629831,0.10375223811875042,133.14222828139606,157.81196581196582,4.98327481539229,0.0011398791396218296,5.402461310872723e-06,0.005402461076394105,2,1e-06,32,64,32,0,1.0,0.0,8.783110618591309,8.849961280822754,8.813002586364746,0.018086807802319527,0.9948933124542236,-0.7348761558532715,0.15434449911117554,0.6175874471664429,256,64,256,0,1.0,0.0,0.14030799269676208,3.5407350063323975,0.7745805978775024,0.4596090018749237,0.9937828183174133,-0.9764947295188904,0.0609995499253273,0.46033716201782227,288,288,0,1.0,0.0,0.01441948705412928,0.1672006959610797,0.1672006959610797,0.0023466915095304236,0.0020646151438135133,0.00804972092330616,0.18317204119978092,186,26880.0,1.0,0.1672006959610797,0.0026344223482970227,0.1645662749701358,0.0,0.0,0.0,0.1672006959610797,0.1672006959610797,0.0023466915095304236,0.0020646151438135133,0.00804972092330616,0.18317204119978092,0.01441948705412928,0.03600508103808088,0.1794085985710544,0.1672006959610797,0.1672006959610797,0.0023466915095304236,0.0020646151438135133,0.00804972092330616,0.18317204119978092,0.01441948705412928,0.03600508103808088,0.1794085985710544,0.1672006959610797,0.0026344223482970227,0.1645662749701358,0.0,0.0,0.0,1,0,294,294
base,12,12,183.21895384788513,0.0009960967771506667,0.5069577207422664,0.4924920221679231,0.05122061464716641,0.441271405826267,0.0021908321590998615,0.005025289809474578,0.21123441907330456,1.0552648681568904e-07,1.9602976828424748e-05,0.0,0.23931128181453443,9.675958740318441e-11,1.0132795480777943e-06,0.0,9.549150281252627e-05,0.0,1.0,1.0,0.012582883354212739,0.06791420799926814,0.05433136625931813,0.9996953071692051,0.9180981236645299,0.0675728306428999,0.0021335543342269002,5.7277824950696e-05,0.19691571593284607,0.26304560899734497,97.19183652532571,0.009549150281252628,0.0001,0.0,0.0022358347380207456,0.00012013268846763262,0.41344231265222925,0.048850599222649366,0.36459171109729344,0.1580994206870723,0.004740030849034078,0.15335938945794717,28.160237222655205,31.495726495726494,1.0,0.0031165636709740018,0.00010949362564506606,0.10949362037528275,132.59622348883212,157.5982905982906,4.980154134992844,0.0011505450119073384,5.062024060531941e-06,0.005062023798624675,2,1e-06,32,64,32,0,1.0,0.0,8.947278022766113,9.077205657958984,9.012451171875,0.034491002559661865,0.9947535395622253,-0.6821019649505615,0.1971578449010849,0.5859565734863281,256,64,256,0,1.0,0.0,0.1471557766199112,3.582444906234741,0.7923197150230408,0.5084231495857239,0.9887496829032898,-0.9833345413208008,0.06048355996608734,0.46700355410575867,288,288,0,1.0,0.0,0.01573161812378995,0.15492173078212332,0.15492173078212332,0.0024902953597855694,0.002290929432943343,0.00856421352864834,0.1973118259000682,186,26880.0,1.0,0.15492173078212332,0.002621641248821261,0.15230009149997792,0.0,0.0,0.0,0.15492173078212332,0.15492173078212332,0.0024902953597855694,0.002290929432943343,0.00856421352864834,0.1973118259000682,0.01573161812378995,0.03978995681409874,0.23537634018688433,0.15492173078212332,0.15492173078212332,0.0024902953597855694,0.002290929432943343,0.00856421352864834,0.1973118259000682,0.01573161812378995,0.03978995681409874,0.23537634018688433,0.15492173078212332,0.002621641248821261,0.15230009149997792,0.0,0.0,0.0,1,0,294,294
base,13,13,186.55758833885193,0.0009954201810333646,0.5011247179956517,0.4927903046974769,0.05161463219322201,0.4411756737619384,0.0023454951707464764,0.003920163027942181,0.0,1.1015292974055531e-07,5.271743474106635e-05,0.0,0.20074547718987507,2.0884439287150555e-10,1.0132795568229358e-06,0.0,0.00020610737385376343,0.0,1.0,1.0,0.015271280197681397,0.06755990216619948,0.05404792133814249,0.9996922877099779,0.9166937934027778,0.06770997742811839,0.002289094425873178,5.640074596158229e-05,0.19884856045246124,0.26814985275268555,96.66438307969194,0.020610737385376346,0.0001,0.0,0.0020206122784517133,0.00012347633160877592,0.4137527896807744,0.04933060618897534,0.36442218504400337,0.15807502965132395,0.004568052008493334,0.15350697743587005,28.216490232027493,31.675213675213676,1.0,0.003423349657215369,0.00010862290685345682,0.1086229014600444,136.34622153257712,161.98290598290598,5.098864951829296,0.001154839182093453,4.17858535125273e-06,0.004178585150302985,2,1e-06,32,64,32,0,1.0,0.0,9.126262664794922,9.316505432128906,9.225309371948242,0.04728587344288826,0.9941667318344116,-0.6238936185836792,0.2452991008758545,0.5467032194137573,256,64,256,0,1.0,0.0,0.15482529997825623,5.821462154388428,0.8732693791389465,0.7026117444038391,0.9955848455429077,-0.9713199138641357,0.041858330368995667,0.495449423789978,288,288,0,1.0,0.0,0.01506534516460873,0.16676402948004135,0.16676402948004135,0.0029722597360848746,0.00230121292187632,0.00886139391873893,0.15483870539533837,186,26880.0,1.0,0.16676402948004135,0.002079159148939033,0.16468487109275573,0.0,0.0,0.0,0.16676402948004135,0.16676402948004135,0.0029722597360848746,0.00230121292187632,0.00886139391873893,0.15483870539533837,0.01506534516460873,0.03789219027885827,0.19467741442263448,0.16676402948004135,0.16676402948004135,0.0029722597360848746,0.00230121292187632,0.00886139391873893,0.15483870539533837,0.01506534516460873,0.03789219027885827,0.19467741442263448,0.16676402948004135,0.002079159148939033,0.16468487109275573,0.0,0.0,0.0,1,0,294,294
base,14,14,181.69649624824524,0.0009946898048166792,0.49170615810614365,0.48603313193361986,0.04921204486859835,0.4368210836735546,0.002463153452994541,0.0015414265883911368,0.0012711026729681552,1.1392636125272972e-07,2.0347391488585944e-05,0.0,0.09390924469782756,3.500794779895803e-10,1.013279554879571e-06,0.0,0.0003454915028125263,0.0,1.0,1.0,0.013915157188366875,0.06740883658202286,0.0539270697050115,0.9996961161621616,0.9170547876602564,0.06659365499503592,0.0024000234338733503,6.31300252466761e-05,0.20106704533100128,0.27204760909080505,96.0933447199891,0.034549150281252626,0.0001,0.0,0.001936371326764934,0.00012005650847625389,0.40779876275959176,0.04702363689390258,0.3607751238040435,0.1564687356734887,0.004376815949391542,0.15209191973902222,27.902459266858223,31.52991452991453,1.0,0.003684116115507025,0.00012264129579237377,0.12264129035493247,135.38057532677283,160.32478632478632,5.075518535043008,0.0011159307696522237,3.6187540390198365e-06,0.0036187538733849158,2,1e-06,32,64,32,0,1.0,0.0,9.281315803527832,9.521012306213379,9.399787902832031,0.057729579508304596,0.9939500093460083,-0.5825865268707275,0.2793090343475342,0.516635537147522,256,64,256,0,1.0,0.0,0.18712767958641052,4.89418363571167,0.9285402297973633,0.7480261325836182,0.9933710098266602,-0.9799533486366272,0.03248518705368042,0.5166394710540771,288,288,0,1.0,0.0,0.01586278017500155,0.16511246657117884,0.16511246657117884,0.0024393850025978495,0.0026079246073946235,0.009834049174421898,0.16822580185027852,186,26880.0,1.0,0.16511246657117884,0.002154248294747494,0.16295821869626959,0.0,0.0,0.0,0.16511246657117884,0.16511246657117884,0.0024393850025978495,0.0026079246073946235,0.009834049174421898,0.16822580185027852,0.01586278017500155,0.03914526299202955,0.20924730575893835,0.16511246657117884,0.16511246657117884,0.0024393850025978495,0.0026079246073946235,0.009834049174421898,0.16822580185027852,0.01586278017500155,0.03914526299202955,0.20924730575893835,0.16511246657117884,0.002154248294747494,0.16295821869626959,0.0,0.0,0.0,1,0,294,294
base,15,15,177.2412190437317,0.000993905728594593,0.4880461687715644,0.4814540557881706,0.04749079692748606,0.4339632600163802,0.0024362525367377023,0.0018638398530136826,0.0007460914615891938,1.164234657398293e-07,0.0021558791491418845,0.0,0.09049188234230392,5.066397946947389e-10,1.0132795480777943e-06,0.0,0.0004999999999999999,0.0,1.0,1.0,0.023291969942486185,0.06739489858349164,0.053915918876345344,0.9996962404658651,0.9194273337339743,0.06402447198828061,0.0023595065149104493,7.674602204490986e-05,0.20350399613380432,0.27466249465942383,95.47928499213593,0.049999999999999996,0.0001,0.0,0.0019067302351204567,0.00011673439419407966,0.4043644233646556,0.04535047063588077,0.3590139525058942,0.1541792668847956,0.004280652583210578,0.14989861502097204,27.11851235740205,31.495726495726494,1.0,0.00368963475100314,0.00014979368329205367,0.1497936758220705,131.59219207111587,156.82051282051282,4.969710381181461,0.0010293782852852766,3.698361400694968e-06,0.0036983612256172374,2,1e-06,32,64,32,0,1.0,0.0,9.39974308013916,9.68671989440918,9.530143737792969,0.06613966077566147,0.9938439130783081,-0.5488075017929077,0.30914410948753357,0.4890575706958771,256,64,256,0,1.0,0.0,0.19458259642124176,5.087296962738037,0.9931298494338989,0.7978858351707458,0.9948616623878479,-0.9861323833465576,0.0317678265273571,0.5257704854011536,288,288,0,1.0,0.0,0.01759838759248215,0.1574442925605368,0.1574442925605368,0.0026678252083427727,0.0029678854109313818,0.011335493362088117,0.24370967382464997,186,26880.0,1.0,0.1574442925605368,0.002367487307291161,0.15507680558143777,0.0,0.0,0.0,0.1574442925605368,0.1574442925605368,0.0026678252083427727,0.0029678854109313818,0.011335493362088117,0.24370967382464997,0.01759838759248215,0.04231369763772975,0.23930107038067552,0.1574442925605368,0.1574442925605368,0.0026678252083427727,0.0029678854109313818,0.011335493362088117,0.24370967382464997,0.01759838759248215,0.04231369763772975,0.23930107038067552,0.1574442925605368,0.002367487307291161,0.15507680558143777,0.0,0.0,0.0,1,0,294,294
base,16,16,181.22473096847534,0.0009930680383498998,0.4869214637666686,0.47968063573551994,0.047802166384943306,0.4318784698207154,0.0026166123292273562,0.001208181524824383,0.0019854381680488586,1.1911468303253028e-07,0.003993328977218345,0.0,0.10178756344522166,6.632000537537019e-10,1.0132795432193825e-06,0.0,0.0006545084971874737,0.0,1.0,1.0,0.033098120552798115,0.0673969963676909,0.05391759739026555,0.9996964167325925,0.9186239650106838,0.06471768878081925,0.002530439605570247,8.61727170963099e-05,0.20757535099983215,0.2788403630256653,94.82280989894747,0.06545084971874737,0.0001,0.0,0.0019447496295190202,0.00011943381922851858,0.40374568588713294,0.04561714125940433,0.35812854512125,0.15186989969677395,0.0043700502510779565,0.14749984939893088,26.69239715837006,31.307692307692307,1.0,0.004008915072354751,0.00016854597949850748,0.16854597156883305,130.2242648784931,155.96581196581195,4.970616588073485,0.0010519641348057324,3.799454952822765e-06,0.003799454778687567,2,1e-06,32,64,32,0,1.0,0.0,9.516471862792969,9.805580139160156,9.657360076904297,0.07661454379558563,0.9933105707168579,-0.5345453023910522,0.3391375243663788,0.4626733064651489,256,64,256,0,1.0,0.0,0.1539812833070755,4.786798000335693,1.037672519683838,0.7862453460693359,0.9964537620544434,-0.9890251159667969,0.02675987035036087,0.5357710719108582,288,288,0,1.0,0.0,0.016593908625704947,0.16635357287335903,0.16635357287335903,0.003015784318856102,0.002795908584131769,0.010982586666741359,0.17973117904877792,186,26880.0,1.0,0.16635357287335903,0.002056020674880277,0.16429755155076373,0.0,0.0,0.0,0.16635357287335903,0.16635357287335903,0.003015784318856102,0.002795908584131769,0.010982586666741359,0.17973117904877792,0.016593908625704947,0.04186275121705827,0.20032257493585348,0.16635357287335903,0.16635357287335903,0.003015784318856102,0.002795908584131769,0.010982586666741359,0.17973117904877792,0.016593908625704947,0.04186275121705827,0.20032257493585348,0.16635357287335903,0.002056020674880277,0.16429755155076373,0.0,0.0,0.0,1,0,294,294
base,17,17,184.08424305915833,0.0009921768259447744,0.4858148449506515,0.47976185572453034,0.04841974711356064,0.43134210386082655,0.0028153519607825666,0.0006902633378138909,0.0,1.229415995256313e-07,5.380249296670128e-06,0.0,0.06417424174455497,8.044351400579124e-10,1.0132795509928415e-06,0.0,0.0007938926261462365,0.0,1.0,1.0,0.011667736626874942,0.06739699678161205,0.053917597438025676,0.999696413675944,0.9175785423344017,0.06520217994594166,0.002713415088155904,0.00010193687405697921,0.20944344997406006,0.2814430892467499,94.12456730208352,0.07938926261462365,0.0001,0.0,0.0018707200278862356,0.00012188317471469402,0.40374247767986393,0.04625832583978135,0.35748414886303437,0.1520387522685222,0.0043228425475585665,0.1477159099955844,25.93287391336555,31.367521367521366,1.0,0.004359671772401939,0.00019936846371672442,0.19936845445225382,126.86456266223875,154.2905982905983,4.915798699691295,0.0010671584063973755,4.5052840211929315e-06,0.004505283812172392,2,1e-06,32,64,32,0,1.0,0.0,9.614897727966309,9.98995304107666,9.781810760498047,0.09744114428758621,0.9934192895889282,-0.5082643032073975,0.368020236492157,0.43883216381073,256,64,256,0,1.0,0.0,0.11955231428146362,4.071409225463867,1.042822003364563,0.7188356518745422,0.996869683265686,-0.9905735850334167,0.023570941761136055,0.5465466976165771,288,288,0,1.0,0.0,0.016946737832259588,0.159853051951591,0.159853051951591,0.0026783958830414933,0.00298502603207805,0.011870875815680672,0.20919354440223786,186,26880.0,1.0,0.159853051951591,0.002203586495213924,0.1576494628444631,0.0,0.0,0.0,0.159853051951591,0.159853051951591,0.0026783958830414933,0.00298502603207805,0.011870875815680672,0.20919354440223786,0.016946737832259588,0.04181519501231691,0.22005375800153582,0.159853051951591,0.159853051951591,0.0026783958830414933,0.00298502603207805,0.011870875815680672,0.20919354440223786,0.016946737832259588,0.04181519501231691,0.22005375800153582,0.159853051951591,0.002203586495213924,0.1576494628444631,0.0,0.0,0.0,1,0,294,294
base,18,18,182.63609957695007,0.0009912321891107007,0.48274644954591733,0.4759335031366756,0.04723373889170874,0.428699761055983,0.002695957564900064,0.0005849054019547935,0.0,1.2378573935679108e-07,8.085923787546395e-05,0.0,0.07809940922973502,9.165199966486827e-10,1.0132795558512532e-06,0.0,0.0009045084971874737,0.0,1.0,1.0,0.013039837085888682,0.06752485412563014,0.05401988327503204,0.9996958487054222,0.9176494891826923,0.06374912766309884,0.002596693117426247,9.926444781584959e-05,0.20965056121349335,0.28140509128570557,93.38524628268732,0.09045084971874738,0.0001,0.0,0.0018666787689917872,0.0001203993187173027,0.40069430251406807,0.04509708032203026,0.3555972188965887,0.15047840009897184,0.0042733171393569466,0.14620508431878865,26.08453256655962,31.478632478632477,1.0,0.004173752171202348,0.00019435918038963684,0.1943591700659858,128.69984051305005,155.82051282051282,4.943307415135087,0.0010196340482276028,4.16971700688048e-06,0.00416971679426666,2,1e-06,32,64,32,0,1.0,0.0,9.719552993774414,10.099577903747559,9.889654159545898,0.0997091606259346,0.9929237961769104,-0.47203177213668823,0.3918229341506958,0.4202004373073578,256,64,256,0,1.0,0.0,0.12719926238059998,3.9621188640594482,1.0608854293823242,0.7232205271720886,0.9970780611038208,-0.9868816137313843,0.01844433881342411,0.5518342852592468,288,288,0,1.0,0.0,0.019579504491380788,0.1584136295825877,0.1584136295825877,0.002895090020598566,0.0032671655807393774,0.015042868435322758,0.27129031799893866,186,26880.0,1.0,0.1584136295825877,0.002237195315017821,0.15617643486946187,0.0,0.0,0.0,0.1584136295825877,0.1584136295825877,0.002895090020598566,0.0032671655807393774,0.015042868435322758,0.27129031799893866,0.019579504491380788,0.04789955813878326,0.2766128970430263,0.1584136295825877,0.1584136295825877,0.002895090020598566,0.0032671655807393774,0.015042868435322758,0.27129031799893866,0.019579504491380788,0.04789955813878326,0.2766128970430263,0.1584136295825877,0.002237195315017821,0.15617643486946187,0.0,0.0,0.0,1,0,294,294
base,19,19,177.23106002807617,0.0009902342314377522,0.4763581681455302,0.46994056762793124,0.04482081720832353,0.42511974988330126,0.0027259331948768636,0.001026297107529946,0.0,1.2368793624645127e-07,0.0002845360002817613,0.0,0.05464409718401412,9.884828739013203e-10,1.0132795529362063e-06,0.0,0.0009755282581475768,0.0,1.0,1.0,0.013533495677014193,0.06746585288236284,0.05397268209574569,0.9996955196062723,0.9189160990918803,0.06300971841710246,0.002615478600208194,0.0001104545992705573,0.20969919860363007,0.2811240553855896,92.60557646134572,0.09755282581475769,0.0001,0.0,0.0018433516837147057,0.0001160404932213565,0.39605111265793824,0.04274714179337025,0.3533039706894475,0.14777890790222037,0.004147350829906571,0.14363155838770744,25.554181384225178,31.162393162393162,1.0,0.004235047232120847,0.00021656829033954404,0.2165682804890168,126.97054135901297,153.82051282051282,4.914531807174867,0.0009959099633205268,4.34090766665942e-06,0.004340907447358482,2,1e-06,32,64,32,0,1.0,0.0,9.817098617553711,10.26173210144043,9.994783401489258,0.11857935786247253,0.9926186800003052,-0.44251179695129395,0.40726304054260254,0.40921926498413086,256,64,256,0,1.0,0.0,0.12887908518314362,3.412646770477295,1.0446248054504395,0.658660888671875,0.9975311756134033,-0.9917346835136414,0.014871192164719105,0.5522922277450562,288,288,0,1.0,0.0,0.018389460961184195,0.16092222231499692,0.16092222231499692,0.0028298947207154113,0.003285991141863007,0.01309762510561174,0.20741934969180054,186,26880.0,1.0,0.16092222231499692,0.0021384666931438955,0.1587837557209299,0.0,0.0,0.0,0.16092222231499692,0.16092222231499692,0.0028298947207154113,0.003285991141863007,0.01309762510561174,0.20741934969180054,0.018389460961184195,0.04700676358795615,0.2532257994797121,0.16092222231499692,0.16092222231499692,0.0028298947207154113,0.003285991141863007,0.01309762510561174,0.20741934969180054,0.018389460961184195,0.04700676358795615,0.2532257994797121,0.16092222231499692,0.0021384666931438955,0.1587837557209299,0.0,0.0,0.0,1,0,294,294
base,20,20,99.82727384567261,0.0009891830623632338,0.3127660196051638,0.15629143509854618,0.005570241556558599,0.15072119369720802,0.0033445422891845815,0.005281706268970783,0.05569744383932179,1.3289674087507933e-07,0.0006857192649659605,1.2421858401443713,0.4172390436069069,1.0132795874916607e-09,1.0132795461344297e-06,0.0,0.001,0.0,1.0,1.0,0.038184279414753504,0.06740883718698452,0.05392706980053176,0.999696114124396,0.9180751702724359,0.06867521065167892,0.003138612938893593,0.00020592934792785722,0.22433795034885406,0.3083464205265045,91.78632727804168,0.1,0.0001,0.0,0.0023608666000903672,0.00011930133249788768,0.007052669667790079,0.0008484534919261932,0.0062042161440237975,0.15100193297506398,0.004933901445573976,0.14606803152550998,21.56493593688704,28.188034188034187,1.0,0.005083492099363198,0.00039937575501947,0.399375736203968,87.70243401812692,116.34188034188034,4.079895742783092,0.0011937338092690732,1.2482941263298817e-05,0.012482940641223874,2,1e-06,32,64,32,0,1.0,0.0,9.49642562866211,10.331337928771973,9.76848030090332,0.23574595153331757,0.9857460856437683,-0.7525972127914429,0.22165393829345703,0.5178973078727722,256,64,256,0,1.0,0.0,0.27317744493484497,3.2819411754608154,1.2297828197479248,0.6306692957878113,0.9952141046524048,-0.975783109664917,0.03617703914642334,0.5179725885391235,288,288,0,1.0,0.0,0.01580995778423003,0.20761031926946438,0.20761031926946438,0.0024266526984803856,0.0025553210026344223,0.015015790998179625,0.24241935056183608,186,26880.0,1.0,0.20761031926946438,0.0018744250447390244,0.2057358958619706,0.0,0.0,0.0,0.20761031926946438,0.20761031926946438,0.0024266526984803856,0.0025553210026344223,0.015015790998179625,0.24241935056183608,0.01580995778423003,0.045883419372702156,0.2431182761886908,0.20761031926946438,0.20761031926946438,0.0024266526984803856,0.0025553210026344223,0.015015790998179625,0.24241935056183608,0.01580995778423003,0.045883419372702156,0.2431182761886908,0.20761031926946438,0.0018744250447390244,0.2057358958619706,0.0,0.0,0.0,1,0,294,294
base,21,21,99.08569598197937,0.00098807879715968,0.17547892301510543,0.15387799998379162,0.005481901430349765,0.14839610100811362,0.0018062551832224568,0.0019858355562274274,0.032575226364991605,1.5729904778526492e-07,0.0005702322061632618,0.08186474818195033,0.15987077686521742,1.0132795969807462e-09,1.0132795558512532e-06,0.0,0.001,0.0,1.0,1.0,0.03702609619905806,0.06753451937538946,0.054027615735928215,0.9996947834634373,0.9182984441773504,0.055854595783683986,0.0015875703285042292,0.0002186848528525975,0.23504142463207245,0.32516515254974365,90.92830723281,0.1,0.0001,0.0,0.002327942962033881,0.00011854946728234585,0.007396885472485143,0.0005798009025235461,0.006817085111243093,0.14833033587942776,0.005047050761417127,0.14328328691996062,20.856472292516987,26.39316239316239,1.0,0.0023892870218628365,0.0004213685075290756,0.4213684888986441,75.36949255527594,103.17948717948718,3.9237085336358777,0.0007858536306681095,1.6001198761072235e-05,0.016001198026869033,2,1e-06,32,64,32,0,1.0,0.0,9.515639305114746,10.481915473937988,9.65213394165039,0.16717717051506042,0.9956839680671692,-0.8128788471221924,0.12276395410299301,0.5872743725776672,256,64,256,0,1.0,0.0,0.18076176941394806,4.924262523651123,1.0944890975952148,0.95582115650177,0.9998195767402649,-0.9872152209281921,0.017354192212224007,0.4784264862537384,288,288,0,1.0,0.0,0.01651483797468245,0.16903070534797424,0.16903070534797424,0.0016074101663531458,0.0023076203348170164,0.012048351943933515,0.28838709337256285,186,26880.0,1.0,0.16903070534797424,0.0035098291031937017,0.16552087696308784,0.0,0.0,0.0,0.16903070534797424,0.16903070534797424,0.0016074101663531458,0.0023076203348170164,0.012048351943933515,0.28838709337256285,0.01651483797468245,0.04771931468439038,0.2875806387834331,0.16903070534797424,0.16903070534797424,0.0016074101663531458,0.0023076203348170164,0.012048351943933515,0.28838709337256285,0.01651483797468245,0.04771931468439038,0.2875806387834331,0.16903070534797424,0.0035098291031937017,0.16552087696308784,0.0,0.0,0.0,1,0,294,294
base,22,22,100.41848134994507,0.0009869215569222143,0.1390052253109777,0.12462610674974246,0.006834746019031184,0.11779136108791727,0.0012839471764114294,0.0011553667071792814,0.0069153800479367245,1.6824200107142437e-07,0.00035745425723437643,0.06656716119808455,0.09874566517069809,1.013279584644935e-09,1.0132795432193825e-06,0.0,0.001,0.0,1.0,1.0,0.034780656377601825,0.0675345195345899,0.05402761497176611,0.9996947819351131,0.9173803084935898,0.05037025782542351,0.0011646833870774852,0.00011926378703300052,0.2386930286884308,0.3304583728313446,90.0323630878453,0.1,0.0001,0.0,0.003820278042027902,0.00011974185141826817,0.009034611985214755,0.0007019293231841845,0.008332682470990043,0.11785014776083139,0.006308299042563089,0.11154184923467474,25.292884402804905,30.623931623931625,1.0,0.0016879506745479172,0.000222078797844752,0.22207878797482222,98.15197085519122,131.06837606837607,4.265541612169809,0.0006414161053283188,1.644877572083264e-05,0.01644877490834293,2,1e-06,32,64,32,0,1.0,0.0,9.538931846618652,9.752177238464355,9.620153427124023,0.0598888024687767,0.9972910284996033,-0.8170117139816284,0.10983171314001083,0.6157845854759216,256,64,256,0,1.0,0.0,0.07170195132493973,5.064209461212158,0.7246952056884766,0.8406084775924683,0.9998195767402649,-0.987117350101471,0.010922442190349102,0.4654291868209839,288,288,0,1.0,0.0,0.01821930908788276,0.16255891069452813,0.16255891069452813,0.0011918851907582993,0.0024394151777835183,0.013690308240863184,0.27752687703938256,186,26880.0,1.0,0.16255891069452813,0.004559438195119196,0.15799947273223958,0.0,0.0,0.0,0.16255891069452813,0.16255891069452813,0.0011918851907582993,0.0024394151777835183,0.013690308240863184,0.27752687703938256,0.01821930908788276,0.052363573433330625,0.2712365531973461,0.16255891069452813,0.16255891069452813,0.0011918851907582993,0.0024394151777835183,0.013690308240863184,0.27752687703938256,0.01821930908788276,0.052363573433330625,0.2712365531973461,0.16255891069452813,0.004559438195119196,0.15799947273223958,0.0,0.0,0.0,1,0,294,294
base,23,23,101.83184552192688,0.0009857114685552697,0.1290908194759972,0.11738945741174567,0.007711025231525811,0.10967843228171015,0.0011939629593975523,0.00026414587170395075,0.0012711026092879793,1.7176869236749568e-07,0.00028141166970771346,0.05813774681833182,0.08730911186490303,4.4133540621005085e-07,0.0004413353969654116,0.0,0.001,0.0,1.0,1.0,0.03366952989664343,0.0674630814892614,0.05397046557985819,0.9996962786739708,0.9171570345886753,0.0491972889783036,0.0010951367917303473,9.882616157281316e-05,0.2404295951128006,0.33262360095977783,89.09937903184999,0.1,0.0001,0.0,0.004782259931915209,0.00012279236721547527,0.009420975660666442,0.0007432095197021451,0.008677766363844912,0.11032372572992602,0.007153618099709225,0.10317010763618681,26.101932069175263,31.58974358974359,1.0,0.0015774143672683556,0.00019174912026794787,0.1917491122188731,119.92188204251804,149.13675213675214,4.712373819687502,0.0006128592169385913,5.903201507606308e-06,0.005903201225476387,2,1e-06,32,64,32,0,1.0,0.0,9.554677963256836,9.776287078857422,9.639897346496582,0.06114814803004265,0.9960893392562866,-0.8134089708328247,0.11197695881128311,0.614418625831604,256,64,256,0,1.0,0.0,0.09069348126649857,3.942582607269287,0.5916961431503296,0.4107407033443451,0.9922832250595093,-0.9877910017967224,0.006705354433506727,0.4835163354873657,288,288,0,1.0,0.0,0.019937506736686792,0.15516229195797698,0.15516229195797698,0.001255609746527006,0.002734974107106707,0.016956790126309358,0.2813440802837572,186,26880.0,1.0,0.15516229195797698,0.005414984322727677,0.14974730763029545,0.0,0.0,0.0,0.15516229195797698,0.15516229195797698,0.001255609746527006,0.002734974107106707,0.016956790126309358,0.2813440802837572,0.019937506736686792,0.059160240925848484,0.2904301006947794,0.15516229195797698,0.15516229195797698,0.001255609746527006,0.002734974107106707,0.016956790126309358,0.2813440802837572,0.019937506736686792,0.059160240925848484,0.2904301006947794,0.15516229195797698,0.005414984322727677,0.14974730763029545,0.0,0.0,0.0,1,0,294,294
base,24,24,100.6173267364502,0.0009844486647586721,0.12441025476934564,0.11383369889778969,0.008022820643690597,0.10581087817748387,0.001297629992557196,0.00032289572155628447,0.00615220319511544,1.7305476901058753e-07,0.00024241706386454517,0.047428505322060145,0.07811089866181724,1.013279586542752e-09,1.0132795451627471e-06,0.0,0.001,0.0,1.0,1.0,0.03307545470057899,0.06755990213435939,0.05404792138590263,0.9996922872005365,0.9187366452991453,0.05143814021323481,0.0011888187255264602,0.00010881126787026938,0.24088133871555328,0.3328652083873749,88.13027580744684,0.1,0.0001,0.0,0.005311010236270789,0.00011977166141305989,0.009913659503317287,0.0006783157268650511,0.009235343362531092,0.1063984545887026,0.007514083840581788,0.09888437065558556,25.487898068550304,31.273504273504273,1.0,0.0017096360430965184,0.00021535534473607698,0.21535533513778296,121.26040333152837,147.97435897435898,4.7081570108196935,0.0006680014129314157,2.2671896053606183e-06,0.002267189514942658,2,1e-06,32,64,32,0,1.0,0.0,9.56532096862793,9.801287651062012,9.65385913848877,0.0662393793463707,0.9950406551361084,-0.813493013381958,0.11624346673488617,0.6120281219482422,256,64,256,0,1.0,0.0,0.09133986383676529,1.8886497020721436,0.600477933883667,0.31415343284606934,0.9938311576843262,-0.9888452291488647,0.0028668143786489964,0.5054217576980591,288,288,0,1.0,0.0,0.021681544355927937,0.1566398486177972,0.1566398486177972,0.0015355115261008131,0.002879474266064203,0.017602577949473536,0.2834946178100122,186,26880.0,1.0,0.1566398486177972,0.005590422118597842,0.1510494259443689,0.0,0.0,0.0,0.1566398486177972,0.1566398486177972,0.0015355115261008131,0.002879474266064203,0.017602577949473536,0.2834946178100122,0.021681544355927937,0.062483600671252894,0.2564516071310287,0.1566398486177972,0.1566398486177972,0.0015355115261008131,0.002879474266064203,0.017602577949473536,0.2834946178100122,0.021681544355927937,0.062483600671252894,0.2564516071310287,0.1566398486177972,0.005590422118597842,0.1510494259443689,0.0,0.0,0.0,1,0,294,294
base,25,25,100.54919958114624,0.0009831332840130884,0.12109832497488739,0.11159149869384928,0.008240373641984839,0.10335112503196439,0.0014573047116685372,0.0002900061205538929,0.0,1.729203310455537e-07,0.00022840174601036328,0.04118364847874126,0.07282254854455972,1.0132796017252892e-09,1.0132795607096652e-06,0.0,0.001,0.0,1.0,1.0,0.0331784663323918,0.06769460869523194,0.054155686997577675,0.9996961136149545,0.9171779013087606,0.05491719716507146,0.001339206334728843,0.00011809838235002154,0.24066606163978577,0.332326203584671,87.12600980251705,0.1,0.0001,0.0,0.00573091399975312,0.00012107665903526,0.010077078118283525,0.0004727241033926988,0.00960435419001131,0.10403368991409612,0.007885830568420326,0.09614785938945591,25.011652221027603,31.05128205128205,1.0,0.0019142667068423242,0.00023361818957476853,0.2336181779193063,121.52532613379324,147.2905982905983,4.732520552418264,0.000764145965102869,2.5785765192743843e-06,0.002578576405843099,2,1e-06,32,64,32,0,1.0,0.0,9.588380813598633,9.827280044555664,9.673810005187988,0.06912369281053543,0.9945600628852844,-0.8080577254295349,0.12621945142745972,0.606651782989502,256,64,256,0,1.0,0.0,0.05808252468705177,4.954853057861328,0.742390513420105,0.6091311573982239,0.9944889545440674,-0.9903552532196045,0.005311234854161739,0.5214342474937439,288,288,0,1.0,0.0,0.021986754250622565,0.15555163457038554,0.15555163457038554,0.0016202998169242068,0.0029217044713967027,0.01735770902771663,0.2649462301163904,186,26880.0,1.0,0.15555163457038554,0.005470656700670085,0.15008097760220793,0.0,0.0,0.0,0.15555163457038554,0.15555163457038554,0.0016202998169242068,0.0029217044713967027,0.01735770902771663,0.2649462301163904,0.021986754250622565,0.06485239533527244,0.25263440144318405,0.15555163457038554,0.15555163457038554,0.0016202998169242068,0.0029217044713967027,0.01735770902771663,0.2649462301163904,0.021986754250622565,0.06485239533527244,0.25263440144318405,0.15555163457038554,0.005470656700670085,0.15008097760220793,0.0,0.0,0.0,1,0,294,294
base,26,26,99.57804012298584,0.0009817654705648405,0.11857859688436884,0.1105091910586398,0.008421705995933114,0.10208748510250679,0.0017088357355190902,0.0001054325849454627,0.0,1.723979797437399e-07,0.00021863616364452097,0.029434606371224564,0.06623310761319266,1.013279593185112e-09,1.0132795519645238e-06,0.0,0.001,0.0,1.0,1.0,0.032577484495874144,0.06735369184205675,0.053882953718814075,0.9996959658769461,0.9180501302083334,0.05860049509976664,0.0015748922601660602,0.00013394348045241914,0.24061450362205505,0.3317975401878357,86.08757210636101,0.1,0.0001,0.0,0.005972107528095953,0.00011927980287711964,0.010822238066257575,0.0005119674417198214,0.01031027084741837,0.10239251219054572,0.008037730422603268,0.09435478196694301,24.28106032477485,31.0,1.0,0.0022677011473470517,0.0002635051660502377,0.2635051531669421,116.16691833887344,142.47008547008548,4.584260300528377,0.0008820833789550851,4.381795439553376e-06,0.004381795214791583,2,1e-06,32,64,32,0,1.0,0.0,9.512344360351562,9.865791320800781,9.66319751739502,0.08730971813201904,0.9944897294044495,-0.8061538338661194,0.12963956594467163,0.6056854128837585,256,64,256,0,1.0,0.0,0.0579075887799263,7.475512981414795,0.8556935787200928,0.8180569410324097,0.9988646507263184,-0.9947558641433716,0.0031884238123893738,0.5496456027030945,288,288,0,1.0,0.0,0.024476233093688887,0.15161705017089844,0.15161705017089844,0.0018532229265435895,0.0031758141015425967,0.0197238612654669,0.277795692695485,186,26880.0,1.0,0.15161705017089844,0.0056615760302210745,0.14595547572095344,0.0,0.0,0.0,0.15161705017089844,0.15161705017089844,0.0018532229265435895,0.0031758141015425967,0.0197238612654669,0.277795692695485,0.024476233093688887,0.07095331425267842,0.260322573684877,0.15161705017089844,0.15161705017089844,0.0018532229265435895,0.0031758141015425967,0.0197238612654669,0.277795692695485,0.024476233093688887,0.07095331425267842,0.260322573684877,0.15161705017089844,0.0056615760302210745,0.14595547572095344,0.0,0.0,0.0,1,0,294,294
base,27,27,99.778475522995,0.0009803453744100864,0.11808302635565782,0.10923042103775546,0.008566853027138064,0.10066356809220763,0.002049945016256255,0.0009003074155149297,0.0,1.7168603644929843e-07,0.00018771170886646002,0.027735690562388837,0.06257531225171864,1.0132795855938435e-09,1.0132795441910648e-06,0.0,0.001,0.0,1.0,1.0,0.03243592695102223,0.06742373077023743,0.05393898522115161,0.9996912703554854,0.9183756510416666,0.06417119003131859,0.001891757215325458,0.00015818780034001416,0.24043481051921844,0.33123257756233215,85.01598753161271,0.1,0.0001,0.0,0.00607591682077887,0.00011850144135243107,0.01074544334004068,0.0006536412188130566,0.01009180250330868,0.10117133834168442,0.008076622113028271,0.09309471608736576,23.245154918768467,30.726495726495727,1.0,0.0027268187682200065,0.0003106226378073717,0.3106226228241228,111.54553865775084,139.33333333333334,4.501011278935724,0.0010566956639234135,5.752963182623296e-06,0.005752962878626636,2,1e-06,32,64,32,0,1.0,0.0,9.52249813079834,9.850568771362305,9.646102905273438,0.08627080917358398,0.9934645891189575,-0.8255282640457153,0.12499114871025085,0.6106252670288086,256,64,256,0,1.0,0.0,0.09509352594614029,8.79450798034668,1.0318998098373413,1.0725668668746948,0.9944208860397339,-0.9792019128799438,0.00355159561149776,0.5587998032569885,288,288,0,1.0,0.0,0.024754938551835637,0.14498895977405793,0.14498895977405793,0.002500395642276457,0.0030514064998496122,0.01772713639663272,0.30322579909316316,186,26880.0,1.0,0.14498895977405793,0.006303161377721327,0.13868579965956668,0.0,0.0,0.0,0.14498895977405793,0.14498895977405793,0.002500395642276457,0.0030514064998496122,0.01772713639663272,0.30322579909316316,0.024754938551835637,0.07152552170658945,0.29064515449347034,0.14498895977405793,0.14498895977405793,0.002500395642276457,0.0030514064998496122,0.01772713639663272,0.30322579909316316,0.024754938551835637,0.07152552170658945,0.29064515449347034,0.14498895977405793,0.006303161377721327,0.13868579965956668,0.0,0.0,0.0,1,0,294,294
base,28,28,98.3419337272644,0.0009788731512783728,0.11964763535393609,0.10774750256130838,0.008182808105101507,0.09956469469600254,0.002571009642754992,0.0021965096776302043,0.004531627982600123,1.705842948757323e-07,8.744346297564733e-05,0.03508006134985858,0.06796034037047981,1.0132795855938435e-09,1.0132795441910648e-06,0.0,0.001,0.0,1.0,1.0,0.027164069171517324,0.06791420777638753,0.05433136652995888,0.9996953000370253,0.9191101595886753,0.07050560758664058,0.0023594522952205604,0.00021155733627846273,0.24076198041439056,0.3302023708820343,83.91231360287347,0.1,0.0001,0.0,0.006041184727412959,0.00011813047672343305,0.009486211670769585,0.00021456398515619783,0.009271648195054796,0.10063284387191136,0.008021885112254348,0.09261095854971144,21.143633202609852,30.017094017094017,1.0,0.003440765874922021,0.00041403928070138087,0.41403926132071733,100.84371456733116,129.87179487179486,4.286690422306444,0.0012781386995990563,9.075391433834428e-06,0.009075390986907177,2,1e-06,32,64,32,0,1.0,0.0,9.37836742401123,9.88053035736084,9.628499984741211,0.13018380105495453,0.9928362369537354,-0.8374341130256653,0.11379503458738327,0.6167784929275513,256,64,256,0,1.0,0.0,0.11942077428102493,5.272325038909912,1.041598916053772,0.8340379595756531,0.9971662759780884,-0.9854111671447754,0.002455509267747402,0.5622014999389648,288,288,0,1.0,0.0,0.024475013313975225,0.14598347500283668,0.14598347500283668,0.002572717561208187,0.003251979153187725,0.018323452445998867,0.2988171969910943,186,26880.0,1.0,0.14598347500283668,0.006122463110319161,0.1398610123928557,0.0,0.0,0.0,0.14598347500283668,0.14598347500283668,0.002572717561208187,0.003251979153187725,0.018323452445998867,0.2988171969910943,0.024475013313975225,0.06942507406316137,0.28537633670594104,0.14598347500283668,0.14598347500283668,0.002572717561208187,0.003251979153187725,0.018323452445998867,0.2988171969910943,0.024475013313975225,0.06942507406316137,0.28537633670594104,0.14598347500283668,0.006122463110319161,0.1398610123928557,0.0,0.0,0.0,1,0,294,294
base,29,29,98.569162607193,0.0009773489626155566,0.11628141540747422,0.10759627239571677,0.008412153921766669,0.09918411897543149,0.0022964929339961493,0.00019007532769798214,0.0,1.7080091980075778e-07,7.938867473395227e-05,0.029688785193909883,0.06459378075395894,1.0132795884405692e-09,1.013279547106112e-06,0.0,0.001,0.0,1.0,1.0,0.025695281023653146,0.06734867462426679,0.05387893916131594,0.9996959735185672,0.9186218783386753,0.06706203259209283,0.0021578005383698605,0.0001386923938228462,0.24151960015296936,0.33069419860839844,82.77763951306277,0.1,0.0001,0.0,0.006101925063352936,0.00011767008481522361,0.010367498438582461,0.00051629315647814,0.009851206062186478,0.09982064850309975,0.008024934066348096,0.09179571442879163,24.153685317080246,30.931623931623932,1.0,0.0031750069286387702,0.0002688909986535979,0.2688909860757681,110.765930404011,137.8803418803419,4.440901264281874,0.0011405941406384301,8.493788630628718e-06,0.008493788221962431,2,1e-06,32,64,32,0,1.0,0.0,9.527633666992188,9.813044548034668,9.62743854522705,0.08776675164699554,0.9925881624221802,-0.857974648475647,0.10249622911214828,0.6268800497055054,256,64,256,0,1.0,0.0,0.06801795214414597,6.8772993087768555,1.0373204946517944,0.8668130040168762,0.9957798719406128,-0.9900450706481934,-0.002314856508746743,0.5841914415359497,288,288,0,1.0,0.0,0.025861527375195936,0.14602337745909996,0.14602337745909996,0.0022261959916733682,0.0034217915181020495,0.020812904070411878,0.28935483182149546,186,26880.0,1.0,0.14602337745909996,0.006005518400962365,0.14001785852807633,0.0,0.0,0.0,0.14602337745909996,0.14602337745909996,0.0022261959916733682,0.0034217915181020495,0.020812904070411878,0.28935483182149546,0.025861527375195936,0.07378710146432602,0.2753763353472115,0.14602337745909996,0.14602337745909996,0.0022261959916733682,0.0034217915181020495,0.020812904070411878,0.28935483182149546,0.025861527375195936,0.07378710146432602,0.2753763353472115,0.14602337745909996,0.006005518400962365,0.14001785852807633,0.0,0.0,0.0,1,0,294,294
base,30,30,101.56591844558716,0.0009757729755661006,0.11213119888407552,0.10592995469386761,0.008936540245548146,0.0969934151468114,0.0021644740835086913,1.540043765408361e-05,0.0,1.7089638795835364e-07,4.640074659728931e-05,0.010899065589257635,0.058629157355962656,1.013279586542752e-09,1.0132795451627471e-06,0.0,0.001,0.0,1.0,1.0,0.023718752468434665,0.06756272052343075,0.05405017692181799,0.999696116671603,0.9171632946047008,0.06432939814324053,0.002032111584941228,0.00013236249539589224,0.24178862571716309,0.3307707905769348,81.61308504851638,0.1,0.0001,0.0,0.0066152241749641225,0.00012230547686041787,0.011067730239313891,0.00046710377065544453,0.010600626978099856,0.0976291572691029,0.008586212417556562,0.0890429449132365,24.511616861718334,31.085470085470085,1.0,0.003016868809190316,0.0002580421642672955,0.2580421521113469,114.76203448955829,142.16239316239316,4.559972190148349,0.001047354380094693,6.682826234927599e-06,0.00668282590360723,2,1e-06,32,64,32,0,1.0,0.0,9.453018188476562,9.816038131713867,9.637008666992188,0.08346500992774963,0.9922507405281067,-0.8491541743278503,0.10644670575857162,0.6242348551750183,256,64,256,0,1.0,0.0,0.05541114881634712,7.229511260986328,1.0201224088668823,0.9259615540504456,0.9985287189483643,-0.9936772584915161,-0.0031360192224383354,0.5866411924362183,288,288,0,1.0,0.0,0.025800929099361422,0.14014286753979135,0.14014286753979135,0.0021278758711637336,0.0037237126461570702,0.024454046983361965,0.30537633657936125,186,26880.0,1.0,0.14014286753979135,0.006659632855828138,0.13348323455516328,0.0,0.0,0.0,0.14014286753979135,0.14014286753979135,0.0021278758711637336,0.0037237126461570702,0.024454046983361965,0.30537633657936125,0.025800929099361422,0.07538928848601156,0.3049999912900309,0.14014286753979135,0.14014286753979135,0.0021278758711637336,0.0037237126461570702,0.024454046983361965,0.30537633657936125,0.025800929099361422,0.07538928848601156,0.3049999912900309,0.14014286753979135,0.006659632855828138,0.13348323455516328,0.0,0.0,0.0,1,0,294,294
base,31,31,100.19725203514099,0.0009741453629547445,0.10963383877379262,0.10391552606199542,0.008932408222005282,0.09498311853052205,0.0020610948300196063,0.0,0.0,1.706150738866013e-07,1.6959359473381768e-05,0.009432702711345548,0.054278936873898544,1.0132795884405692e-09,1.013279547106112e-06,0.0,0.001,0.0,1.0,1.0,0.020720274414485082,0.0678638748697236,0.054291100105923466,0.9996964274308621,0.9184278178418803,0.061918988632850155,0.0019059096986396064,0.00015518512901686865,0.24164330959320068,0.33026352524757385,80.41979948389248,0.1,0.0001,0.0,0.006644532547141306,0.000119346046257982,0.01066279105651073,0.0005075592292934401,0.01015523254361927,0.09591843308801325,0.008551738811975233,0.08736669412280759,23.45549166915763,30.256410256410255,1.0,0.0028391355752117103,0.00030237373870570597,0.30237372308714777,109.41069026686188,136.42735042735043,4.483913782727517,0.0009726838305250256,7.996520810818642e-06,0.007996520425519373,2,1e-06,32,64,32,0,1.0,0.0,9.57497501373291,9.90444278717041,9.687294006347656,0.0851127877831459,0.9924693703651428,-0.832838773727417,0.11955202370882034,0.6179462671279907,256,64,256,0,1.0,0.0,0.04168225824832916,4.5688676834106445,0.9364537000656128,0.6779344081878662,0.9963310360908508,-0.9937752485275269,0.00010115978511748835,0.5781021118164062,288,288,0,1.0,0.0,0.026421330954318725,0.13996080705460082,0.13996080705460082,0.0019019081931006402,0.003610429652560983,0.022523400033273362,0.28946235830024364,186,26880.0,1.0,0.13996080705460082,0.0066343443616828385,0.1333264635598406,0.0,0.0,0.0,0.13996080705460082,0.13996080705460082,0.0019019081931006402,0.003610429652560983,0.022523400033273362,0.28946235830024364,0.026421330954318725,0.0770865201709732,0.3127956915126052,0.13996080705460082,0.13996080705460082,0.0019019081931006402,0.003610429652560983,0.022523400033273362,0.28946235830024364,0.026421330954318725,0.0770865201709732,0.3127956915126052,0.13996080705460082,0.0066343443616828385,0.1333264635598406,0.0,0.0,0.0,1,0,294,294
base,32,32,100.26152038574219,0.0009724663032675527,0.10857612334000759,0.10301986304867981,0.009233057451171752,0.09378680504030651,0.0018781506054453615,1.0028035722227178e-05,0.0,1.701514940643983e-07,3.1930153895724325e-06,0.010671515387888903,0.05201860256174691,1.013279586542752e-09,1.0132795451627471e-06,0.0,0.001,0.0,1.0,1.0,0.016055316178717166,0.06750886594383125,0.054007092443032145,0.9996968044175042,0.9172467614850427,0.05850953382686672,0.001702570652939443,0.0001755799550556132,0.2415076196193695,0.3298983871936798,79.1989604479762,0.1,0.0001,0.0,0.006921710762887811,0.00012089945800039264,0.010989556964646038,0.0005122478732950666,0.01047730853414943,0.09477769494311422,0.008848871542220442,0.08592882363969444,22.43316785698263,30.367521367521366,1.0,0.0025419004442584184,0.00034441692646668473,0.34441690974765354,108.2741435776409,136.2905982905983,4.4799848248666025,0.000863240847690429,6.742985165224554e-06,0.006742984820634891,2,1e-06,32,64,32,0,1.0,0.0,9.560798645019531,9.93413257598877,9.701029777526855,0.08804149925708771,0.9924050569534302,-0.8246000409126282,0.12923011183738708,0.613583505153656,256,64,256,0,1.0,0.0,0.033715445548295975,7.672731876373291,0.953380286693573,0.7665286064147949,0.9977025985717773,-0.9943652153015137,0.0033685858361423016,0.5809723138809204,288,288,0,1.0,0.0,0.02737459765687104,0.13665837810394613,0.13665837810394613,0.002033230216995357,0.0037814606067484184,0.024265343437261718,0.3144085964648634,186,26880.0,1.0,0.13665837810394613,0.007165658327334738,0.1294927178545201,0.0,0.0,0.0,0.13665837810394613,0.13665837810394613,0.002033230216995357,0.0037814606067484184,0.024265343437261718,0.3144085964648634,0.02737459765687104,0.08104931221654017,0.31602149753160375,0.13665837810394613,0.13665837810394613,0.002033230216995357,0.0037814606067484184,0.024265343437261718,0.3144085964648634,0.02737459765687104,0.08104931221654017,0.31602149753160375,0.13665837810394613,0.007165658327334738,0.1294927178545201,0.0,0.0,0.0,1,0,294,294
base,33,33,99.23900437355042,0.0009707359806323412,0.1116030777239392,0.10296218772219796,0.009261674250667103,0.09370051356207611,0.0019046610328727043,2.84819139374627e-05,0.0,1.698556748396318e-07,1.801572978940714e-06,0.03340307034106336,0.06734879095202838,1.013279591287295e-09,1.0132795500211591e-06,0.0,0.001,0.0,1.0,1.0,0.014067405496493109,0.06760996258539012,0.054087969991895885,0.9996936137859638,0.9188618456196581,0.058362745162513524,0.001709169550981914,0.00019549148817174535,0.2411320060491562,0.3299383819103241,77.95177276150234,0.1,0.0001,0.0,0.006840379676845275,0.00011647770019734684,0.011712147129906548,0.0007580274509059058,0.01095412022028214,0.09417807731108788,0.008693153686367739,0.0854849233968645,21.572795941279484,29.77777777777778,1.0,0.0025509536628507906,0.0003829696524140035,0.382969634145753,102.71823569240733,130.8803418803419,4.361377837080587,0.0008673854411030427,8.013324215161812e-06,0.00801332384093195,2,1e-06,32,64,32,0,1.0,0.0,9.54432487487793,9.97556209564209,9.72768783569336,0.09546320885419846,0.9926166534423828,-0.8108241558074951,0.1343686431646347,0.6120057106018066,256,64,256,0,1.0,0.0,0.0591055303812027,7.5173115730285645,1.007238507270813,0.9538583159446716,0.9981456995010376,-0.9945241212844849,0.001689324388280511,0.5834819674491882,288,288,0,1.0,0.0,0.030571027423545557,0.13508624726153434,0.13508624726153434,0.001967232399421962,0.004293917191355059,0.027704879646540007,0.3333333263434069,186,26880.0,1.0,0.13508624726153434,0.007167024324905682,0.12791922292176713,0.0,0.0,0.0,0.13508624726153434,0.13508624726153434,0.001967232399421962,0.004293917191355059,0.027704879646540007,0.3333333263434069,0.030571027423545557,0.08826028087967507,0.32672042303508325,0.13508624726153434,0.13508624726153434,0.001967232399421962,0.004293917191355059,0.027704879646540007,0.3333333263434069,0.030571027423545557,0.08826028087967507,0.32672042303508325,0.13508624726153434,0.007167024324905682,0.12791922292176713,0.0,0.0,0.0,1,0,294,294
base,34,34,100.63798713684082,0.0009689545847984858,0.10919392783927102,0.10235164995886321,0.009247329486056399,0.09310432033151643,0.0018636046940635922,0.0005957204848527908,0.0006092898866050264,1.6969963358184404e-07,2.1304007715175845e-06,0.016267793233164102,0.05451417407100527,1.0132795950829292e-09,1.0132795539078886e-06,0.0,0.001,0.0,1.0,1.0,0.013962652506386368,0.06746308072509928,0.05397046468833573,0.9996962756173223,0.9175347222222222,0.05772725301675308,0.001678061720310177,0.00018554296828089998,0.24084429442882538,0.32965022325515747,76.67946724814264,0.1,0.0001,0.0,0.007030529366073827,0.00012108162727055704,0.01152690659221421,0.00040456517320922297,0.011122341848846175,0.0937064696326215,0.008943905610129492,0.0847625639448818,22.051960040361454,30.188034188034187,1.0,0.0025062537433691006,0.0003616868874752639,0.36168687160198504,104.9508532662677,134.31623931623932,4.426915680442076,0.0008498696927737413,9.399047714520522e-06,0.009399047264685998,2,1e-06,32,64,32,0,1.0,0.0,9.564445495605469,10.02719783782959,9.769291877746582,0.0998489186167717,0.9927202463150024,-0.7968891263008118,0.14790648221969604,0.6040831804275513,256,64,256,0,1.0,0.0,0.05558311194181442,6.638808250427246,0.9907681941986084,0.853181779384613,0.9972853660583496,-0.9936758279800415,0.004031261894851923,0.5853710770606995,288,288,0,1.0,0.0,0.03064183530808296,0.13623079911191413,0.13623079911191413,0.0019206739194255243,0.004227388873308276,0.026879597238079714,0.31182794979903644,186,26880.0,1.0,0.13623079911191413,0.007244463831661863,0.12898633470560641,0.0,0.0,0.0,0.13623079911191413,0.13623079911191413,0.0019206739194255243,0.004227388873308276,0.026879597238079714,0.31182794979903644,0.03064183530808296,0.08995501501786132,0.3196774117087805,0.13623079911191413,0.13623079911191413,0.0019206739194255243,0.004227388873308276,0.026879597238079714,0.31182794979903644,0.03064183530808296,0.08995501501786132,0.3196774117087805,0.13623079911191413,0.007244463831661863,0.12898633470560641,0.0,0.0,0.0,1,0,294,294
base,35,35,99.93454670906067,0.0009671223111161144,0.10743207191554908,0.10133662399573204,0.009244512639239304,0.09209211164305353,0.0018542958214544714,0.0003148644095939449,0.0,1.6958688417469244e-07,1.48053512943369e-06,0.015485999900768073,0.04755376483130659,1.013279584644935e-09,1.0132795432193825e-06,0.0,0.001,0.0,1.0,1.0,0.012668485968158795,0.06750886562543038,0.05400709234751188,0.9996968095119183,0.9177392160790598,0.05688020278118614,0.0016492704639975459,0.00020502536168568727,0.24070481956005096,0.32944604754447937,75.38329951983147,0.1,0.0001,0.0,0.006979047378493298,0.00012023536614406035,0.011130116434178801,0.0004949911346292903,0.010635125331389599,0.09298903698849882,0.008873269280307313,0.08411576764451133,21.202873604929344,30.22222222222222,1.0,0.002480999056178217,0.00040076442215090187,0.4007644021612966,101.80798085530598,132.1965811965812,4.364986268350585,0.000817541875796886,9.28630220770197e-06,0.009286301767724192,2,1e-06,32,64,32,0,1.0,0.0,9.587565422058105,10.069742202758789,9.791376113891602,0.09151357412338257,0.9926440119743347,-0.786949872970581,0.15016844868659973,0.60518479347229,256,64,256,0,1.0,0.0,0.0602501705288887,7.678376197814941,0.9953868389129639,0.946919858455658,0.9952623844146729,-0.9939860701560974,0.005635077133774757,0.5743820071220398,288,288,0,1.0,0.0,0.03086290953140105,0.13648762316145796,0.13648762316145796,0.0018538052483679766,0.004239945537260463,0.025166241286863244,0.31387096038588913,186,26880.0,1.0,0.13648762316145796,0.007163888081274134,0.12932373678430598,0.0,0.0,0.0,0.13648762316145796,0.13648762316145796,0.0018538052483679766,0.004239945537260463,0.025166241286863244,0.31387096038588913,0.03086290953140105,0.08614821841199231,0.31521504660767896,0.13648762316145796,0.13648762316145796,0.0018538052483679766,0.004239945537260463,0.025166241286863244,0.31387096038588913,0.03086290953140105,0.08614821841199231,0.31521504660767896,0.13648762316145796,0.007163888081274134,0.12932373678430598,0.0,0.0,0.0,1,0,294,294
base,36,36,99.82745480537415,0.000965239360514684,0.10794450094302495,0.10130941886932422,0.009135247096737735,0.09217417233774805,0.001766284699870162,3.5297125577926636e-06,0.0006439799809048319,1.6952375567131801e-07,7.444595785097983e-07,0.023971384294673354,0.048718602452267945,1.0132795950829292e-09,1.0132795539078886e-06,0.0,0.001,0.0,1.0,1.0,0.011727245715566171,0.06750147254803242,0.05400117797156175,0.9996967183219062,0.9177287827190171,0.056216454817953274,0.0015849290837525812,0.0001813556177344603,0.24116036295890808,0.3295479416847229,74.06454873762847,0.1,0.0001,0.0,0.006931781240452368,0.00012032479498573703,0.011492177971407898,0.0004162494347900407,0.011075928679898255,0.092690285645489,0.008823060016665194,0.08386722582782435,22.195999569363064,30.068376068376068,1.0,0.0023674967581342556,0.0003548056486960198,0.3548056325341901,107.37987785665398,136.11111111111111,4.509248459931472,0.0008023614098684082,7.905585516515497e-06,0.007905585134131277,2,1e-06,32,64,32,0,1.0,0.0,9.625326156616211,10.055109977722168,9.821372985839844,0.09214657545089722,0.9928848147392273,-0.7592500448226929,0.16076511144638062,0.597264289855957,256,64,256,0,1.0,0.0,0.04757033661007881,7.167375564575195,0.882413923740387,0.7078882455825806,0.9987313151359558,-0.9934655427932739,0.0028543707448989153,0.5723512768745422,288,288,0,1.0,0.0,0.03377803132659005,0.13790331178523124,0.13790331178523124,0.0017993573515497623,0.004326776423308778,0.025925220255689916,0.3112365527739448,186,26880.0,1.0,0.13790331178523124,0.006661098217591643,0.13124221404816241,0.0,0.0,0.0,0.13790331178523124,0.13790331178523124,0.0017993573515497623,0.004326776423308778,0.025925220255689916,0.3112365527739448,0.03377803132659005,0.09388444726906156,0.31731182048397677,0.13790331178523124,0.13790331178523124,0.0017993573515497623,0.004326776423308778,0.025925220255689916,0.3112365527739448,0.03377803132659005,0.09388444726906156,0.31731182048397677,0.13790331178523124,0.006661098217591643,0.13124221404816241,0.0,0.0,0.0,1,0,294,294
base,37,37,102.18126106262207,0.000963305939480947,0.10517890764097883,0.1007409794972493,0.009362636762870174,0.09137834220105766,0.0016812222112272668,4.0924781535425755e-06,0.0,1.6956981463043385e-07,3.726125540835532e-07,0.008515634339175418,0.03802100513289627,1.013279593185112e-09,1.0132795519645238e-06,0.0,0.001,0.0,1.0,1.0,0.011464011712143054,0.06772705202556065,0.054181640951806664,0.9996957289866912,0.9165059929220085,0.054696743909874536,0.0015251276035530444,0.00015609460450265094,0.24126873910427094,0.3292730748653412,72.72451634934094,0.1,0.0001,0.0,0.0070153445753658936,0.00012198585240666867,0.011137122781867655,0.0005840729826535934,0.010553049226092476,0.09238813721980804,0.008924582025879977,0.0834635552814883,23.323210088615742,30.23931623931624,1.0,0.002295791591382307,0.0003038658231892822,0.30386580768813437,113.49267496614375,141.52136752136752,4.6586037115706835,0.0007544636281613165,8.323388612521569e-06,0.008323388221936349,2,1e-06,32,64,32,0,1.0,0.0,9.627883911132812,10.133304595947266,9.840063095092773,0.10111882537603378,0.9932118058204651,-0.7481019496917725,0.1666230708360672,0.5934104323387146,256,64,256,0,1.0,0.0,0.043894339352846146,5.070770263671875,0.8368253111839294,0.5875778794288635,0.9977988600730896,-0.9954321384429932,0.00698332441970706,0.5669316649436951,288,288,0,1.0,0.0,0.03150694122067302,0.13548361335663087,0.13548361335663087,0.0017195404631065879,0.004325619361097975,0.02479301392531363,0.3063978417826596,186,26880.0,1.0,0.13548361335663087,0.00691399676229884,0.1285696156481479,0.0,0.0,0.0,0.13548361335663087,0.13548361335663087,0.0017195404631065879,0.004325619361097975,0.02479301392531363,0.3063978417826596,0.03150694122067302,0.08841435382923772,0.31295698168136743,0.13548361335663087,0.13548361335663087,0.0017195404631065879,0.004325619361097975,0.02479301392531363,0.3063978417826596,0.03150694122067302,0.08841435382923772,0.31295698168136743,0.13548361335663087,0.00691399676229884,0.1285696156481479,0.0,0.0,0.0,1,0,294,294
base,38,38,100.8404266834259,0.0009613222600363074,0.10516871664768611,0.10039335769465846,0.009127177841340503,0.09126617956874716,0.0016270784022382055,2.4332991267880823e-07,0.0,1.6909189119741134e-07,1.2551260949313687e-06,0.012587512511477416,0.03778571982541655,1.013279586542752e-09,1.0132795451627471e-06,0.0,0.001,0.0,1.0,1.0,0.011141212199392736,0.06827214277452892,0.05461771480548076,0.9996967493978322,0.9161721254006411,0.05380484945753701,0.0014684720613603664,0.00015860633441032126,0.24094347655773163,0.3287736177444458,71.36452480515207,0.1,0.0001,0.0,0.00698070196657736,0.0001223336306964515,0.011015812555948893,0.00031657598944556,0.010699236494863136,0.09213149815033643,0.008889745843286315,0.08324175219759981,23.21565924750434,30.4017094017094,1.0,0.002206593662357101,0.0003086744625326326,0.30867444755684614,111.06782922989282,138.9059829059829,4.5548776444022705,0.000730350446433593,8.538205802168759e-06,0.00853820539947249,2,1e-06,32,64,32,0,1.0,0.0,9.641217231750488,10.115336418151855,9.854665756225586,0.09727600961923599,0.9932297468185425,-0.7391843795776367,0.17055867612361908,0.5911327600479126,256,64,256,0,1.0,0.0,0.04645662009716034,4.11429500579834,0.8566137552261353,0.6165861487388611,0.996660590171814,-0.9956413507461548,0.005451459903270006,0.5694712400436401,288,288,0,1.0,0.0,0.02988741034141151,0.1376770836241702,0.1376770836241702,0.0016424176382257582,0.004342597799115284,0.026639642971267384,0.2965591332765036,186,26880.0,1.0,0.1376770836241702,0.006861752741276584,0.13081533033797083,0.0,0.0,0.0,0.1376770836241702,0.1376770836241702,0.0016424176382257582,0.004342597799115284,0.026639642971267384,0.2965591332765036,0.02988741034141151,0.08673789287086135,0.3091397770950871,0.1376770836241702,0.1376770836241702,0.0016424176382257582,0.004342597799115284,0.026639642971267384,0.2965591332765036,0.02988741034141151,0.08673789287086135,0.3091397770950871,0.1376770836241702,0.006861752741276584,0.13081533033797083,0.0,0.0,0.0,1,0,294,294
base,39,39,99.80816888809204,0.0009592885397135703,0.1040659830865697,0.10016402462099352,0.009071234942007905,0.09109278997549644,0.0015642053575024137,0.0,0.0,1.687043458853304e-07,6.525474959245113e-07,0.0065965664356103185,0.03356191031953208,1.0132795950829292e-09,1.0132795539078886e-06,0.0,0.001,0.0,1.0,1.0,0.010409431735005898,0.06740883712330435,0.05392706964133132,0.9996961151432787,0.9178894564636753,0.05253268940708576,0.0014024507095161667,0.00016175464935437578,0.24044768512248993,0.3284529447555542,69.98591625252222,0.1,0.0001,0.0,0.006841537273990421,0.00011970376145367263,0.011288618939554589,0.0004862239823127404,0.010802395323402861,0.09169756060736811,0.008706566959253361,0.0829909934829443,22.999685254871334,30.316239316239315,1.0,0.0021089382517414214,0.0003171764778343435,0.3171764622386704,110.36554760403104,137.32478632478632,4.516749079528353,0.0006959631613208952,6.332821610943254e-06,0.006332821316189236,2,1e-06,32,64,32,0,1.0,0.0,9.653594970703125,10.126143455505371,9.866880416870117,0.10397130995988846,0.9934706091880798,-0.736204981803894,0.17249292135238647,0.5905283689498901,256,64,256,0,1.0,0.0,0.046257033944129944,7.1582231521606445,0.9012676477432251,0.7831774950027466,0.9962631464004517,-0.9961481094360352,0.005093650426715612,0.5726966261863708,288,288,0,1.0,0.0,0.03016528126693541,0.13673779843969547,0.13673779843969547,0.0015050846132192207,0.004297210424963224,0.02644791918736632,0.29930106806819157,186,26880.0,1.0,0.13673779843969547,0.006684191633967009,0.13005360675619004,0.0,0.0,0.0,0.13673779843969547,0.13673779843969547,0.0015050846132192207,0.004297210424963224,0.02644791918736632,0.29930106806819157,0.03016528126693541,0.0872086797870936,0.3079569814025715,0.13673779843969547,0.13673779843969547,0.0015050846132192207,0.004297210424963224,0.02644791918736632,0.29930106806819157,0.03016528126693541,0.0872086797870936,0.3079569814025715,0.13673779843969547,0.006684191633967009,0.13005360675619004,0.0,0.0,0.0,1,0,294,294
base,40,40,99.29876065254211,0.0009572050015330871,0.10403176569021665,0.09996445782673664,0.008993018717051316,0.09097143994946764,0.0015106546756230358,0.0,0.0,1.683130795155994e-07,6.160043739210054e-07,0.007522488055197506,0.03608808180906324,1.0132795893894777e-09,1.0132795480777943e-06,0.0,0.001,0.0,1.0,1.0,0.009824645271699907,0.06813695654273033,0.054509565425224796,0.9996968762487428,0.9172321547809829,0.051659533706231,0.0013643121321956252,0.00014634254137521738,0.24004915356636047,0.32796671986579895,68.59005121165134,0.1,0.0001,0.0,0.006860865423312554,0.00011973191511869017,0.011457807997353056,0.00036223971436166356,0.011095568665072449,0.09137110208344255,0.00872133893924009,0.08264976345066331,23.67498981443226,30.376068376068375,1.0,0.0020553276726864595,0.00028697990998426755,0.28697989740942276,114.09554923293938,140.42735042735043,4.613427090557958,0.0006732965951873006,5.705171420387105e-06,0.005705171161227756,2,1e-06,32,64,32,0,1.0,0.0,9.65576457977295,10.174241065979004,9.880773544311523,0.11008384823799133,0.9931628704071045,-0.7301878929138184,0.1772112399339676,0.5879215002059937,256,64,256,0,1.0,0.0,0.05426762253046036,7.669417858123779,0.8827698230743408,0.8400712013244629,0.9961531162261963,-0.9944782257080078,0.007993578910827637,0.5692904591560364,288,288,0,1.0,0.0,0.031984353009911794,0.13653180732371958,0.13653180732371958,0.0016037481044359663,0.004788773363113143,0.02868573527572857,0.30161289682471626,186,26880.0,1.0,0.13653180732371958,0.006581853178547735,0.12994995491301758,0.0,0.0,0.0,0.13653180732371958,0.13653180732371958,0.0016037481044359663,0.004788773363113143,0.02868573527572857,0.30161289682471626,0.031984353009911794,0.08987535704528132,0.3102150460084279,0.13653180732371958,0.13653180732371958,0.0016037481044359663,0.004788773363113143,0.02868573527572857,0.30161289682471626,0.031984353009911794,0.08987535704528132,0.3102150460084279,0.13653180732371958,0.006581853178547735,0.12994995491301758,0.0,0.0,0.0,1,0,294,294
base,41,41,99.022714138031,0.0009550718739782986,0.10319418982308134,0.09899316053105216,0.008887813564859586,0.09010534676221701,0.0016107316960731887,0.0,0.0,1.6769816745131215e-07,6.079803086201767e-07,0.007602315041849501,0.036601311901313625,1.3094456781939252e-09,1.0132795529362063e-06,0.004322124648098953,0.001,6.852326227130834e-08,1.0,1.0,0.01002366716066041,0.06813695581040831,0.054509564947623476,0.9996968742109772,0.9179061498397436,0.053671488649824746,0.0014993578432382555,0.00011137385233743196,0.23980706930160522,0.327370285987854,67.17830723281,0.1,0.0001,0.0,0.006777115086587067,0.00011911419415289265,0.010406212928967599,0.00035852602977528534,0.010047686915112358,0.09118850083432646,0.00861891903854811,0.08256958170324309,25.328711452647152,30.162393162393162,1.0,0.0022695819433364603,0.0002166337807987156,0.2166337702009413,125.27512858464168,149.7094017094017,4.9483974369636385,0.0007291337376675353,6.113924818680224e-06,0.006113924531855135,2,1e-06,32,64,32,0,1.0,0.0,9.702239990234375,10.171586036682129,9.907997131347656,0.10308879613876343,0.9931784272193909,-0.6996965408325195,0.18934975564479828,0.5824605226516724,256,64,256,0,1.0,0.0,0.04077987000346184,3.447641372680664,0.815000593662262,0.5687147974967957,0.9983711242675781,-0.9964463710784912,0.013573099859058857,0.5666840076446533,288,288,0,1.0,0.0,0.03281295981498495,0.13328752460631918,0.13328752460631918,0.0017470210775772624,0.0047315641328872695,0.025867466581359466,0.31860214368670536,186,26880.0,1.0,0.13328752460631918,0.006899758905885701,0.12638776495735696,0.0,0.0,0.0,0.13328752460631918,0.13328752460631918,0.0017470210775772624,0.0047315641328872695,0.025867466581359466,0.31860214368670536,0.03281295981498495,0.0878976653780668,0.32344085386683863,0.13328752460631918,0.13328752460631918,0.0017470210775772624,0.0047315641328872695,0.025867466581359466,0.31860214368670536,0.03281295981498495,0.0878976653780668,0.32344085386683863,0.13328752460631918,0.006899758905885701,0.12638776495735696,0.0,0.0,0.0,1,0,294,294
base,42,42,102.20623636245728,0.0009528893909706794,0.10663170628568046,0.09981553320191865,0.009185410958404342,0.09063012121070145,0.0016442323511498224,0.0,0.0,1.6711031467630707e-07,7.195123719664226e-07,0.02706790849333629,0.04930297818639849,2.2224063795339792e-09,1.0132795451627471e-06,0.004414398137093959,0.001,2.7390523158633554e-07,1.0,1.0,0.008861669434759861,0.06734867427402581,0.053878939495636866,0.9996959755563328,0.9161324786324786,0.053961997708449,0.0015423457112370266,0.00010188663599497249,0.2393622100353241,0.3268631398677826,65.7520775368634,0.1,0.0001,0.0,0.006906982019750608,0.00012206700066443827,0.011860658470382038,0.0005204916064046387,0.011340166768457135,0.0909200388396907,0.008795042261560885,0.0821249963890793,25.801343836336056,30.52991452991453,1.0,0.0023516729338747314,0.00019799006638180814,0.19799005679595164,128.89160139947876,153.32478632478632,5.0128851682758775,0.0007330184930768341,5.7832056334005665e-06,0.005783205358391134,2,1e-06,32,64,32,0,1.0,0.0,9.742039680480957,10.18925666809082,9.921243667602539,0.10476209223270416,0.9929184317588806,-0.6818848848342896,0.19419646263122559,0.5807417631149292,256,64,256,0,1.0,0.0,0.04648435115814209,2.721156120300293,0.7622444033622742,0.47991177439689636,0.9988235235214233,-0.9974586963653564,0.005714661907404661,0.5626054406166077,288,288,0,1.0,0.0,0.03332782499692453,0.13619043503669984,0.13619043503669984,0.0016373782443437487,0.004911126807377103,0.027676722732052128,0.3050537556009267,186,26880.0,1.0,0.13619043503669984,0.006321891156480985,0.12986854511372586,0.0,0.0,0.0,0.13619043503669984,0.13619043503669984,0.0016373782443437487,0.004911126807377103,0.027676722732052128,0.3050537556009267,0.03332782499692453,0.09239930173842817,0.31198923930686007,0.13619043503669984,0.13619043503669984,0.0016373782443437487,0.004911126807377103,0.027676722732052128,0.3050537556009267,0.03332782499692453,0.09239930173842817,0.31198923930686007,0.13619043503669984,0.006321891156480985,0.12986854511372586,0.0,0.0,0.0,1,0,294,294
base,43,43,103.2781982421875,0.0009506577918440856,0.10296119131848343,0.0983739032322525,0.008894724363429297,0.08947917838127185,0.0016358326394190518,0.00014462035435896652,0.0,1.6675570769625006e-07,5.872047820641867e-07,0.0086523752204843,0.03883190543796772,3.6528269611370327e-09,1.0132795558512532e-06,0.004287882403790967,0.001,6.155829702431115e-07,1.0,1.0,0.009466372145753767,0.06750585947535996,0.05400468748158369,0.9996884923714858,0.9167647402510684,0.05286105301899788,0.0015360645125978268,9.97681234319969e-05,0.23921045660972595,0.32657989859580994,64.31276964033061,0.1,0.0001,0.0,0.006791472922548907,0.00012405099529972247,0.010394111657753969,0.00027479810051174246,0.010119313358241675,0.09057831897949561,0.008688625782075474,0.08188969348995094,26.057389984782944,30.623931623931625,1.0,0.0023687718342591682,0.00019230367068567465,0.19230366160726955,130.65046726128995,155.04273504273505,5.032427910222682,0.0007033571884489786,7.232576702055947e-06,0.007232576353937132,2,1e-06,32,64,32,0,1.0,0.0,9.712162017822266,10.225269317626953,9.923851013183594,0.1212792843580246,0.9930524230003357,-0.693320631980896,0.19561317563056946,0.582146942615509,256,64,256,0,1.0,0.0,0.03894815593957901,3.6965489387512207,0.7706159353256226,0.5268381834030151,0.9952899813652039,-0.995686411857605,0.003921481315046549,0.563637912273407,288,288,0,1.0,0.0,0.03405935364344748,0.13441270716646883,0.13441270716646883,0.0015591931024051093,0.004964284747163014,0.02872715797150127,0.31779569214189884,186,26880.0,1.0,0.13441270716646883,0.00663979272754427,0.12777291428535542,0.0,0.0,0.0,0.13441270716646883,0.13441270716646883,0.0015591931024051093,0.004964284747163014,0.02872715797150127,0.31779569214189884,0.03405935364344748,0.09062470244343883,0.3213978425789905,0.13441270716646883,0.13441270716646883,0.0015591931024051093,0.004964284747163014,0.02872715797150127,0.31779569214189884,0.03405935364344748,0.09062470244343883,0.3213978425789905,0.13441270716646883,0.00663979272754427,0.12777291428535542,0.0,0.0,0.0,1,0,294,294
base,44,44,99.13395357131958,0.000948377321318509,0.10296023554272121,0.0981117376150229,0.008711984018898673,0.08939975309066284,0.0015384409184623351,0.0,0.0,1.6635210994843516e-07,6.220965305257811e-07,0.013688506969473619,0.038824014238312714,5.595680131978965e-09,1.0132795558512532e-06,0.004193956346816232,0.001,1.0926199633097157e-06,1.0,1.0,0.009089368703958189,0.06750634455910096,0.054005076026177816,0.99969658586714,0.9174408219818376,0.05099845871838749,0.0014484709200377648,8.996999422690242e-05,0.2389983832836151,0.32625818252563477,62.86180396633578,0.1,0.0001,0.0,0.006662998316634415,0.00011934107785166886,0.010435325977129813,0.00030269634583566943,0.010132629647214189,0.09028524306849536,0.008484961763501931,0.08180028085525219,26.488875071207683,30.871794871794872,1.0,0.002242179340722724,0.00017434345779922575,0.17434344943772015,132.3294685559395,156.33333333333334,5.056564285012562,0.0006547624946265426,5.596529983146563e-06,0.005596529724251511,2,1e-06,32,64,32,0,1.0,0.0,9.7245454788208,10.259867668151855,9.931988716125488,0.12723633646965027,0.9928871393203735,-0.6881561279296875,0.19546490907669067,0.5841497778892517,256,64,256,0,1.0,0.0,0.038644880056381226,3.6965460777282715,0.7790400981903076,0.5364480018615723,0.9970443248748779,-0.9971745610237122,0.008122147060930729,0.5743044018745422,288,288,0,1.0,0.0,0.03505260674583335,0.13321367350030452,0.13321367350030452,0.0015121761219021171,0.005027463685305569,0.02872168098486239,0.3220967672845369,186,26880.0,1.0,0.13321367350030452,0.006808351269586289,0.12640532137865715,0.0,0.0,0.0,0.13321367350030452,0.13321367350030452,0.0015121761219021171,0.005027463685305569,0.02872168098486239,0.3220967672845369,0.03505260674583335,0.0940543420973324,0.32892472449169363,0.13321367350030452,0.13321367350030452,0.0015121761219021171,0.005027463685305569,0.02872168098486239,0.3220967672845369,0.03505260674583335,0.0940543420973324,0.32892472449169363,0.13321367350030452,0.006808351269586289,0.12640532137865715,0.0,0.0,0.0,1,0,294,294
base,45,45,102.02474904060364,0.0009460482294732416,0.1033483837914263,0.09812513095700842,0.008919287379433075,0.08920584377060589,0.0015354221408120077,0.0,0.0,1.661076386714048e-07,1.1827989293350275e-06,0.01715173636081541,0.03945297817898612,8.240623437189152e-09,1.0132795490494766e-06,0.00424212428371016,0.001,1.7037086855465844e-06,1.0,1.0,0.00962372005590771,0.06734867421034564,0.053878939559317045,0.9996959679147117,0.9171236478365384,0.050840741134861596,0.0014372705412296276,9.815159678393498e-05,0.23848898708820343,0.3261232078075409,61.40061244282193,0.1,0.0001,0.0,0.00669862318616838,0.00012238331328262575,0.010655978805998452,0.00048753015824362764,0.010168448982075749,0.09013314685250959,0.008553639756770343,0.08157950690668872,26.053202539427666,30.854700854700855,1.0,0.0022230904806070984,0.00019030339688034807,0.19030338678604516,128.82723816439636,153.7948717948718,4.971610197057917,0.000651450609563428,5.9997976912697604e-06,0.00599979742979392,2,1e-06,32,64,32,0,1.0,0.0,9.728981018066406,10.273783683776855,9.949311256408691,0.1362255960702896,0.9931685924530029,-0.6884552240371704,0.2024642825126648,0.5791678428649902,256,64,256,0,1.0,0.0,0.026989145204424858,4.8555498123168945,0.8251172304153442,0.6414645910263062,0.9956704378128052,-0.9956859946250916,0.009556026197969913,0.5785538554191589,288,288,0,1.0,0.0,0.03655520721428817,0.131454273741296,0.131454273741296,0.0014736438492075244,0.0054452855675731614,0.030892070215095276,0.3304301014830989,186,26880.0,1.0,0.131454273741296,0.006918276234113789,0.12453599718022854,0.0,0.0,0.0,0.131454273741296,0.131454273741296,0.0014736438492075244,0.0054452855675731614,0.030892070215095276,0.3304301014830989,0.03655520721428817,0.09847103411792427,0.33618278961668735,0.131454273741296,0.131454273741296,0.0014736438492075244,0.0054452855675731614,0.030892070215095276,0.3304301014830989,0.03655520721428817,0.09847103411792427,0.33618278961668735,0.131454273741296,0.006918276234113789,0.12453599718022854,0.0,0.0,0.0,1,0,294,294
base,46,46,100.02942752838135,0.0009436707717194508,0.10443444569141437,0.09855086063472633,0.008801163725443503,0.08974969781871535,0.0015242924937644065,0.0,0.0,1.6580994956537046e-07,1.1233173531947808e-06,0.02225742730288169,0.04267077738594296,1.1280405084857422e-08,1.0132795412760177e-06,0.004195502495520517,0.001,2.4471741852423237e-06,1.0,1.0,0.009322509698920015,0.06735369241517833,0.05388295394169469,0.999695971990243,0.9179019764957265,0.05077208635898737,0.001427982837304027,9.630965782850822e-05,0.23777566850185394,0.3256784677505493,59.93063708941097,0.1,0.0001,0.0,0.006621666574993959,0.0001188823417835057,0.011511271835392358,0.0004994051737917794,0.011011866932241326,0.08991740701290277,0.008426609841119656,0.081490797492174,26.141864059317825,30.435897435897434,1.0,0.002203439584232739,0.00018695631962713317,0.18695630986466366,128.93882148286215,153.24786324786325,5.02259225822854,0.000652526091121567,5.6629957898777266e-06,0.005662995525914379,2,1e-06,32,64,32,0,1.0,0.0,9.750991821289062,10.315922737121582,9.968865394592285,0.1446162760257721,0.9931735396385193,-0.6728425025939941,0.20935778319835663,0.574385941028595,256,64,256,0,1.0,0.0,0.05093485862016678,6.434480667114258,0.8161338567733765,0.6799440383911133,0.9978199601173401,-0.9975683689117432,0.009554032236337662,0.5740420818328857,288,288,0,1.0,0.0,0.03738963557907971,0.13302062356725652,0.13302062356725652,0.0015473642158619267,0.005621082769701838,0.03145761623407804,0.31849461787891004,186,26880.0,1.0,0.13302062356725652,0.006658717118045117,0.12636190621142693,0.0,0.0,0.0,0.13302062356725652,0.13302062356725652,0.0015473642158619267,0.005621082769701838,0.03145761623407804,0.31849461787891004,0.03738963557907971,0.09762751825794738,0.3265053701977576,0.13302062356725652,0.13302062356725652,0.0015473642158619267,0.005621082769701838,0.03145761623407804,0.31849461787891004,0.03738963557907971,0.09762751825794738,0.3265053701977576,0.13302062356725652,0.006658717118045117,0.12636190621142693,0.0,0.0,0.0,1,0,294,294
base,47,47,101.71934866905212,0.0009412452087721706,0.1024368450555027,0.09810400951621878,0.008797728237656191,0.08930628071738105,0.0015543448523833202,0.0,0.0,1.654323975206617e-07,7.696256824010714e-07,0.00957539913435586,0.03641868553036808,1.7566107459409565e-08,3.5386614463743917e-06,0.004223889099636999,0.001,3.320978675139913e-06,1.0,1.0,0.009356937124433681,0.0674850243724819,0.05398801960942582,0.9996923503712711,0.9164663461538461,0.051215591052403815,0.0014615918292751552,9.275302220644374e-05,0.23736798763275146,0.32528597116470337,58.45332859430445,0.1,0.0001,0.0,0.0066582270933745,0.0001215254592702527,0.010958282866029657,0.0004018955091890107,0.010556387086199898,0.08988529717565602,0.008496306609744445,0.08138899040273112,26.353946473863388,30.5982905982906,1.0,0.0022627047589446744,0.00017960940923742775,0.17960940059433636,130.2477864648542,154.52136752136752,5.027396367062356,0.0006604788943818714,5.89663582065682e-06,0.005896635544605744,2,1e-06,32,64,32,0,1.0,0.0,9.675620079040527,10.341154098510742,9.983003616333008,0.15883418917655945,0.9933760166168213,-0.6658985018730164,0.21760568022727966,0.5695100426673889,256,64,256,0,1.0,0.0,0.053210705518722534,6.740290641784668,0.8488637804985046,0.7083879113197327,0.9970433712005615,-0.9960505962371826,0.011088768020272255,0.5775670409202576,288,288,0,1.0,0.0,0.03774397293986973,0.1337731864224089,0.1337731864224089,0.001587650746087286,0.005786929265796257,0.03154358319732891,0.32086020904362844,186,26880.0,1.0,0.1337731864224089,0.006540895786453435,0.12723229096290914,0.0,0.0,0.0,0.1337731864224089,0.1337731864224089,0.001587650746087286,0.005786929265796257,0.03154358319732891,0.32086020904362844,0.03774397293986973,0.09889149765974732,0.3255376277431365,0.1337731864224089,0.1337731864224089,0.001587650746087286,0.005786929265796257,0.03154358319732891,0.32086020904362844,0.03774397293986973,0.09889149765974732,0.3255376277431365,0.1337731864224089,0.006540895786453435,0.12723229096290914,0.0,0.0,0.0,1,0,294,294
base,48,48,102.15848469734192,0.000938771806621712,0.10174736991906777,0.09795312532502362,0.008607379209576573,0.08934574593336155,0.0016155454885357847,7.697779080297192e-06,0.0,1.6510226005344038e-07,1.4157161225851205e-06,0.006164528288217818,0.03109059962006206,1.9207334123953768e-08,1.0132795500211591e-06,0.004208929823317493,0.001,4.322727117869957e-06,1.0,1.0,0.010083962001033828,0.06742373102495813,0.05393898504603113,0.9996912774876652,0.9175931490384616,0.05191513259186704,0.0015264760571508072,8.906943436998587e-05,0.23713241517543793,0.32493382692337036,56.97014488262944,0.1,0.0001,0.0,0.006536792751807624,0.00012206700049342218,0.011074669850178255,0.0002991945570350712,0.010775474911062127,0.08964712338315116,0.00838298329180027,0.0812641398774253,26.606598886669193,30.64957264957265,1.0,0.002373417890153061,0.000172122397671979,0.17212238882341954,130.18809241922492,154.53846153846155,5.0171758925374075,0.0006795342176810353,6.016472757748379e-06,0.0060164724659715965,2,1e-06,32,64,32,0,1.0,0.0,9.741320610046387,10.396671295166016,10.009363174438477,0.16498759388923645,0.9937540292739868,-0.6496458053588867,0.23059600591659546,0.5630277991294861,256,64,256,0,1.0,0.0,0.06049584597349167,5.416495323181152,0.8325229287147522,0.6459664106369019,0.9976508021354675,-0.9963136911392212,0.011956227011978626,0.5793211460113525,288,288,0,1.0,0.0,0.03974249562929555,0.1334392637648481,0.1334392637648481,0.0015450913404570297,0.006336900108914462,0.03359001622815687,0.3226344021217477,186,26880.0,1.0,0.1334392637648481,0.006258838646549811,0.12718042509352906,0.0,0.0,0.0,0.1334392637648481,0.1334392637648481,0.0015450913404570297,0.006336900108914462,0.03359001622815687,0.3226344021217477,0.03974249562929555,0.10074882355508624,0.32543010056339283,0.1334392637648481,0.1334392637648481,0.0015450913404570297,0.006336900108914462,0.03359001622815687,0.3226344021217477,0.03974249562929555,0.10074882355508624,0.32543010056339283,0.1334392637648481,0.006258838646549811,0.12718042509352906,0.0,0.0,0.0,1,0,294,294
base,49,49,100.51991677284241,0.0009362508365044934,0.10149550138630418,0.09778820347582173,0.00864746579581983,0.08914073754070151,0.001552483919633823,2.0833287993047993e-06,0.0,1.6474148519805607e-07,5.656883023271444e-07,0.006553835697217375,0.029946473673877552,2.346241411980798e-08,1.0132795519645238e-06,0.004119353885284792,0.001,5.4496737905816055e-06,1.0,1.0,0.009202772174348943,0.06739699633585082,0.05391759688082414,0.9996964065437643,0.9178414630074786,0.05093936322845964,0.0014722438013722373,8.024011375297967e-05,0.23699477314949036,0.32456454634666443,55.48254967764239,0.1,0.0001,0.0,0.006520618768170094,0.00011996707982114023,0.011345024292285625,0.0004202439569127865,0.010924780470693214,0.08927943493820663,0.008332282834105257,0.0809471521876816,26.94124746730185,30.60683760683761,1.0,0.0022909983308014707,0.00015505025602089098,0.15505024918124208,133.90422860170023,156.76068376068375,5.11216599718377,0.0006534892784105216,5.4299711857901975e-06,0.005429970912444286,2,1e-06,32,64,32,0,1.0,0.0,9.737642288208008,10.40939712524414,10.036975860595703,0.1605631411075592,0.9930891990661621,-0.618647575378418,0.24200625717639923,0.553498387336731,256,64,256,0,1.0,0.0,0.05822969973087311,5.640267372131348,0.8011090755462646,0.6773867607116699,0.9961559772491455,-0.9956578612327576,0.015778981149196625,0.5733416080474854,288,288,0,1.0,0.0,0.03768421861753669,0.13256468639728872,0.13256468639728872,0.0015658067806841845,0.005652083313062547,0.031617431290527825,0.32193547615440943,186,26880.0,1.0,0.13256468639728872,0.006513422706778696,0.12605126328924868,0.0,0.0,0.0,0.13256468639728872,0.13256468639728872,0.0015658067806841845,0.005652083313062547,0.031617431290527825,0.32193547615440943,0.03768421861753669,0.09672587909685668,0.32564515292003593,0.13256468639728872,0.13256468639728872,0.0015658067806841845,0.005652083313062547,0.031617431290527825,0.32193547615440943,0.03768421861753669,0.09672587909685668,0.32564515292003593,0.13256468639728872,0.006513422706778696,0.12605126328924868,0.0,0.0,0.0,1,0,294,294
base,50,50,101.15243315696716,0.0009336825748732968,0.10268659093695828,0.09799261461211066,0.008703428704657743,0.08928918539204149,0.0015698486200780568,0.0,0.0,1.642552393055029e-07,9.068022746433907e-07,0.014860737811113333,0.0327605087405596,2.9215546578367377e-08,1.0132795480777943e-06,0.004210091568131605,0.001,6.698729810778065e-06,1.0,1.0,0.00952005648237263,0.06750886594383125,0.054007092538552404,0.9996968023797386,0.9174909021100427,0.05078447393627248,0.0014904187882764854,7.942983192594674e-05,0.23663869500160217,0.32402586936950684,53.99201105621109,0.1,0.0001,0.0,0.006480489547053973,0.00012149068111012506,0.011652180272289831,0.0005261567779458486,0.011126023072462816,0.08925347902581222,0.00830881111522834,0.08094466808769438,26.93926582988511,30.52991452991453,1.0,0.0023325206035286444,0.00015467228059473837,0.15467227218497512,135.0471736549312,158.1965811965812,5.1744838870395045,0.0006483169650643045,4.187384415400497e-06,0.004187384222307776,2,1e-06,32,64,32,0,1.0,0.0,9.744719505310059,10.42818546295166,10.063138008117676,0.17055492103099823,0.9927266240119934,-0.597274899482727,0.2530863285064697,0.5472930669784546,256,64,256,0,1.0,0.0,0.0546516552567482,5.640264511108398,0.7605202198028564,0.5816530585289001,0.9976121187210083,-0.9970207810401917,0.011791536584496498,0.5679568648338318,288,288,0,1.0,0.0,0.038059706329017555,0.1329387756104165,0.1329387756104165,0.0015771860861160019,0.005490970176955064,0.03142767020010499,0.31774192806133017,186,26880.0,1.0,0.1329387756104165,0.0063471260599474956,0.12659164930277683,0.0,0.0,0.0,0.1329387756104165,0.1329387756104165,0.0015771860861160019,0.005490970176955064,0.03142767020010499,0.31774192806133017,0.038059706329017555,0.09780133934190838,0.32580644437061845,0.1329387756104165,0.1329387756104165,0.0015771860861160019,0.005490970176955064,0.03142767020010499,0.31774192806133017,0.038059706329017555,0.09780133934190838,0.32580644437061845,0.1329387756104165,0.0063471260599474956,0.12659164930277683,0.0,0.0,0.0,1,0,294,294
base,51,51,98.13363242149353,0.0009310673033669517,0.10133603883859439,0.0970694140618683,0.008322454380014768,0.08874695970971361,0.0016105366377239553,0.0,0.0,1.6375497155045622e-07,7.352411144404253e-07,0.011028699482329445,0.0310636879159854,3.331637416850126e-08,1.0132795480777943e-06,0.004004612797373731,0.001,8.066471602728798e-06,1.0,1.0,0.009454637578823883,0.06750886533886959,0.05400709279327311,0.9996967998325316,0.9196923410790598,0.051200867813621834,0.001526872283166163,8.366435110637655e-05,0.2362634539604187,0.3234694004058838,52.5,0.1,0.0001,0.0,0.006279541450178522,0.00011700930498101606,0.01073765754699707,0.0003699737195021067,0.010367683875255095,0.08901617096530066,0.008044974086408177,0.08097119680327228,26.743212186373196,30.726495726495727,1.0,0.0023934316809456316,0.00016294297523165727,0.1629429678631644,133.4747062096229,156.4957264957265,5.086790343971935,0.000660312891854212,4.385726274196915e-06,0.004385726064698309,2,1e-06,32,64,32,0,1.0,0.0,9.757393836975098,10.48793888092041,10.085966110229492,0.18430650234222412,0.9936448335647583,-0.5779244899749756,0.26670923829078674,0.5379205942153931,256,64,256,0,1.0,0.0,0.05197422578930855,5.017879962921143,0.7859188914299011,0.6016659140586853,0.9965941905975342,-0.9982962608337402,0.009984727017581463,0.569735586643219,288,288,0,1.0,0.0,0.03759742355955544,0.13474723569890287,0.13474723569890287,0.0016183999064873825,0.0055923115528408954,0.03047510995704841,0.30784945478362424,186,26880.0,1.0,0.13474723569890287,0.006206515284770346,0.12854072039431713,0.0,0.0,0.0,0.13474723569890287,0.13474723569890287,0.0016183999064873825,0.0055923115528408954,0.03047510995704841,0.30784945478362424,0.03759742355955544,0.09689113077136778,0.31634407867026587,0.13474723569890287,0.13474723569890287,0.0016183999064873825,0.0055923115528408954,0.03047510995704841,0.30784945478362424,0.03759742355955544,0.09689113077136778,0.31634407867026587,0.13474723569890287,0.006206515284770346,0.12854072039431713,0.0,0.0,0.0,1,0,294,294
base,52,52,99.18802380561829,0.0009284053087794505,0.10210090162407638,0.09739549298826446,0.008439084918946665,0.08895640845736887,0.0016352196003143222,7.459264980931567e-06,0.0,1.632480991488553e-07,7.314872454242234e-07,0.014467782376763912,0.03231821912858221,3.9878573727176245e-08,1.0132795490494766e-06,0.004070026319450102,0.001,9.549150281252628e-06,1.0,1.0,0.009036645878297396,0.06735369206493737,0.053882953718814075,0.9996959668958288,0.9183798243856838,0.051362845505404674,0.0015290449293823834,0.00010617466664098951,0.2360597401857376,0.3231388032436371,51.00798894378891,0.1,0.0001,0.0,0.006381248712985434,0.00011784894193888793,0.01118577341748099,0.00037943576581967185,0.01080633789046198,0.08900616305251406,0.0081545080906019,0.08085165516688274,25.555120614858772,30.52991452991453,1.0,0.002394395863486088,0.0002084856231758594,0.2084856135213477,129.24957751412677,153.65811965811966,5.029575154466238,0.0006636939957761803,3.863709791294552e-06,0.0038637096046382547,2,1e-06,32,64,32,0,1.0,0.0,9.822601318359375,10.52778148651123,10.114575386047363,0.189263716340065,0.9936679601669312,-0.5504353046417236,0.2788928747177124,0.5293247103691101,256,64,256,0,1.0,0.0,0.04278083145618439,5.3689422607421875,0.7824478149414062,0.6223188638687134,0.9977651834487915,-0.9971027970314026,0.009175379760563374,0.5654698610305786,288,288,0,1.0,0.0,0.040102704648449214,0.1312521978261623,0.1312521978261623,0.001675498840260379,0.007016743238519637,0.034887938819054554,0.32446235905010856,186,26880.0,1.0,0.1312521978261623,0.006545484719916861,0.1247067134431068,0.0,0.0,0.0,0.1312521978261623,0.1312521978261623,0.001675498840260379,0.007016743238519637,0.034887938819054554,0.32446235905010856,0.040102704648449214,0.10099305671149043,0.3348924660234041,0.1312521978261623,0.1312521978261623,0.001675498840260379,0.007016743238519637,0.034887938819054554,0.32446235905010856,0.040102704648449214,0.10099305671149043,0.3348924660234041,0.1312521978261623,0.006545484719916861,0.1247067134431068,0.0,0.0,0.0,1,0,294,294
base,53,53,101.8254554271698,0.0009256968830284974,0.10374751521481408,0.0971076153537147,0.008559973596030066,0.08854764171390452,0.0016303348601755933,2.285608878502479e-06,0.0,1.6292695144403476e-07,1.3486280426628553e-06,0.029766677029064704,0.040611242429695577,4.874696190104532e-08,1.013279547106112e-06,0.0042838518354548225,0.001,1.1142701927151456e-05,1.0,1.0,0.009839326318385255,0.06737846225245386,0.05390277020951621,0.9996961314454038,0.9167271801549145,0.050676000933361866,0.0015296472314124305,0.0001006876349197422,0.2357170134782791,0.3228602409362793,49.51745032235762,0.1,0.0001,0.0,0.006474948456335781,0.00012229885312710673,0.010886007903987525,0.0003418249961657402,0.010544182398380378,0.08894310974412495,0.00830360484094574,0.08063950504247959,25.8477716201391,30.46153846153846,1.0,0.002412316197346355,0.00019827585760155757,0.19827584731273162,130.09598026112613,154.35897435897436,5.061111419530499,0.0006469782794085451,3.0994131505795094e-06,0.0030994129996014456,2,1e-06,32,64,32,0,1.0,0.0,9.787430763244629,10.5653076171875,10.118293762207031,0.2209625095129013,0.9925581216812134,-0.5684945583343506,0.275447279214859,0.535006046295166,256,64,256,0,1.0,0.0,0.05908116325736046,6.4398512840271,0.7950841784477234,0.6845179200172424,0.9962518811225891,-0.9975634813308716,0.0048160976730287075,0.5667973756790161,288,288,0,1.0,0.0,0.04062237592554221,0.13321595242682924,0.13321595242682924,0.001499976784466429,0.006404517508882989,0.03419916882425026,0.31591397179390796,186,26880.0,1.0,0.13321595242682924,0.006206128216209881,0.12700982296720464,0.0,0.0,0.0,0.13321595242682924,0.13321595242682924,0.001499976784466429,0.006404517508882989,0.03419916882425026,0.31591397179390796,0.04062237592554221,0.1018066058656381,0.320376336734782,0.13321595242682924,0.13321595242682924,0.001499976784466429,0.006404517508882989,0.03419916882425026,0.31591397179390796,0.04062237592554221,0.1018066058656381,0.320376336734782,0.13321595242682924,0.006206128216209881,0.12700982296720464,0.0,0.0,0.0,1,0,294,294
base,54,54,101.85261845588684,0.0009229423231234972,0.10220014323026706,0.09683829928055787,0.008535815928226862,0.08830248418017331,0.0016429063497891284,3.596866487437843e-05,0.0,1.626547332909825e-07,7.038527008983627e-07,0.018721357247648902,0.036215569728460066,5.5967053244454974e-08,1.0132795490494766e-06,0.004278969493272723,0.001,1.2842758726130289e-05,1.0,1.0,0.009348704664705273,0.06768600951529975,0.05414880818536139,0.9996965425646204,0.9168419471153846,0.050745651539829045,0.0015266771302916682,0.0001162292237573156,0.23548990488052368,0.3224109411239624,48.029855117370566,0.1,0.0001,0.0,0.006489078390897594,0.00012202394207587275,0.010471642526805911,0.0002968242933225428,0.010174818528004182,0.08898456770385432,0.008313197698284928,0.08067137028417017,25.091947311010117,30.632478632478634,1.0,0.0024053758123698523,0.00022944259815739913,0.2294425862467187,127.26707712809245,152.23076923076923,4.9586133888244275,0.0006479784362734511,3.015850486812829e-06,0.003015850344274798,2,1e-06,32,64,32,0,1.0,0.0,9.701678276062012,10.596108436584473,10.144023895263672,0.22460274398326874,0.9938311576843262,-0.5426042675971985,0.2914165258407593,0.5249958038330078,256,64,256,0,1.0,0.0,0.06696804612874985,3.4511122703552246,0.7600749731063843,0.5352797508239746,0.9967842102050781,-0.9963028430938721,0.007889247499406338,0.5644221901893616,288,288,0,1.0,0.0,0.04003862833844558,0.13560761321098247,0.13560761321098247,0.0016648050253973046,0.005900281551544384,0.03265321865722898,0.30075268016787626,186,26880.0,1.0,0.13560761321098247,0.0060635431164360425,0.12954406995088497,0.0,0.0,0.0,0.13560761321098247,0.13560761321098247,0.0016648050253973046,0.005900281551544384,0.03265321865722898,0.30075268016787626,0.04003862833844558,0.10171039238251665,0.3097849379303635,0.13560761321098247,0.13560761321098247,0.0016648050253973046,0.005900281551544384,0.03265321865722898,0.30075268016787626,0.04003862833844558,0.10171039238251665,0.3097849379303635,0.13560761321098247,0.0060635431164360425,0.12954406995088497,0.0,0.0,0.0,1,0,294,294
base,55,55,101.86398673057556,0.0009201419311329846,0.10041141726522364,0.09674133634210652,0.008418119944329573,0.08832321577092521,0.0015952832306313335,9.260586120633998e-06,0.0,1.6234099515010254e-07,6.974207136958986e-07,0.006048799101382685,0.02921191306832509,6.066895941371153e-08,1.0132795422477002e-06,0.004073544714846608,0.001,1.4644660940672622e-05,1.0,1.0,0.00952809350963077,0.06750585950720005,0.0540046873383033,0.9996884898242787,0.9167188334668803,0.04965960734292992,0.0014992873254033108,9.599591194429141e-05,0.23547719419002533,0.3222734332084656,46.54667140569554,0.1,0.0001,0.0,0.0063940884931506506,0.00012165132222870518,0.01067007759697417,0.0002910857701785544,0.010378991946195945,0.08873877776229483,0.008199805618685663,0.08053897193863861,26.145594254518166,30.632478632478634,1.0,0.0023788939693815308,0.0001887138899983878,0.18871388068565956,133.15560906565088,157.03418803418805,5.100045594257063,0.0006196806811763403,3.2779336599062835e-06,0.0032779334956764155,2,1e-06,32,64,32,0,1.0,0.0,9.721356391906738,10.609673500061035,10.137813568115234,0.2366437315940857,0.9935323596000671,-0.5637845993041992,0.28387874364852905,0.5315947532653809,256,64,256,0,1.0,0.0,0.056503016501665115,3.333268404006958,0.733496904373169,0.5029402375221252,0.9967866539955139,-0.9975579977035522,0.001681150053627789,0.5657777190208435,288,288,0,1.0,0.0,0.03965460977226656,0.1319093900792142,0.1319093900792142,0.0015804960610384636,0.005975887802134078,0.03186719595224306,0.32134407869870624,186,26880.0,1.0,0.1319093900792142,0.006238324830229295,0.1256710631733245,0.0,0.0,0.0,0.1319093900792142,0.1319093900792142,0.0015804960610384636,0.005975887802134078,0.03186719595224306,0.32134407869870624,0.03965460977226656,0.0993941926387369,0.32618278753693386,0.1319093900792142,0.1319093900792142,0.0015804960610384636,0.005975887802134078,0.03186719595224306,0.32134407869870624,0.03965460977226656,0.0993941926387369,0.32618278753693386,0.1319093900792142,0.006238324830229295,0.1256710631733245,0.0,0.0,0.0,1,0,294,294
base,56,56,103.8824896812439,0.0009172960141514989,0.10066625061962339,0.09686239273884358,0.008593199953723412,0.08826919282094026,0.0015749615432025914,0.0,0.0,1.6208532754146103e-07,1.004268021863094e-06,0.0070545101810931266,0.030467488572128817,7.110487598526238e-08,1.0132795529362063e-06,0.0042368134953336325,0.001,1.654346968205709e-05,1.0,1.0,0.010276442791661646,0.06827214242428796,0.05461771461444023,0.9996967509261563,0.9150974893162394,0.049610066012694284,0.0014950308399513746,7.993070853716877e-05,0.23526260256767273,0.32202765345573425,45.06936291058902,0.1,0.0001,0.0,0.006457237110863256,0.00012533611957651452,0.011039692112523267,0.0003844905151133863,0.010655201907850739,0.0885826237181313,0.008304832061418356,0.08027779151741256,26.9436645833855,30.974358974358974,1.0,0.0023705183416923396,0.0001571489581723825,0.15714895012032273,137.88465164054153,162.35897435897436,5.235569269183006,0.0006195433295041354,2.7124597825422047e-06,0.0027124596457196097,2,1e-06,32,64,32,0,1.0,0.0,9.711797714233398,10.634883880615234,10.161613464355469,0.25559544563293457,0.993425190448761,-0.5582091808319092,0.29472190141677856,0.5225440859794617,256,64,256,0,1.0,0.0,0.04505399614572525,5.9904704093933105,0.7646555304527283,0.6033082604408264,0.9965064525604248,-0.9972647428512573,0.004472274798899889,0.5686497688293457,288,288,0,1.0,0.0,0.04174469681757112,0.13102375319663515,0.13102375319663515,0.0015222700931964085,0.006646991292420294,0.03423851772501905,0.33204300381163115,186,26880.0,1.0,0.13102375319663515,0.006244224674524145,0.12477952812580352,0.0,0.0,0.0,0.13102375319663515,0.13102375319663515,0.0015222700931964085,0.006646991292420294,0.03423851772501905,0.33204300381163115,0.04174469681757112,0.10437994428299448,0.32994622953476443,0.13102375319663515,0.13102375319663515,0.0015222700931964085,0.006646991292420294,0.03423851772501905,0.33204300381163115,0.04174469681757112,0.10437994428299448,0.32994622953476443,0.13102375319663515,0.006244224674524145,0.12477952812580352,0.0,0.0,0.0,1,0,294,294
base,57,57,99.90224123001099,0.0009144048842659077,0.10057364143112786,0.09647348491299866,0.008173580960028319,0.0882999043688815,0.0015231567329496273,0.0,0.0,1.6178443783514805e-07,1.0396303516055954e-06,0.010147008693649665,0.03124443374765225,7.673992273926432e-08,1.0132795500211591e-06,0.004085827184021154,0.001,1.8533980447508127e-05,1.0,1.0,0.009707276160136247,0.06827214290188928,0.05461771435971953,0.9996967539828048,0.9177371294070513,0.04882308805727551,0.0014456926186322274,7.7464110492858e-05,0.23500098288059235,0.3215835988521576,43.59938755717807,0.1,0.0001,0.0,0.0062110789108257266,0.000120308234175502,0.010949473095755292,0.0002454819125879524,0.01070399162096855,0.08826138034590289,0.007989469527577361,0.08027191065315507,27.087576205913837,31.017094017094017,1.0,0.002290747014996715,0.00015199751078009876,0.1519975030524099,136.16889999259232,159.71794871794873,5.146916505043591,0.000600638223760244,2.9307105962335554e-06,0.00293071045834794,2,1e-06,32,64,32,0,1.0,0.0,9.685042381286621,10.666360855102539,10.185921669006348,0.26739221811294556,0.993235170841217,-0.5421340465545654,0.30611664056777954,0.5166031122207642,256,64,256,0,1.0,0.0,0.05148429796099663,6.316317558288574,0.7648242115974426,0.6462507247924805,0.9951122999191284,-0.9975473284721375,0.009703448973596096,0.5675819516181946,288,288,0,1.0,0.0,0.040755204821345946,0.13227025340212153,0.13227025340212153,0.0015215703306045937,0.006206990474389405,0.032740638270894046,0.323602143454776,186,26880.0,1.0,0.13227025340212153,0.006048027678650428,0.12622222494571766,0.0,0.0,0.0,0.13227025340212153,0.13227025340212153,0.0015215703306045937,0.006206990474389405,0.032740638270894046,0.323602143454776,0.040755204821345946,0.10157942056896226,0.32413977721045095,0.13227025340212153,0.13227025340212153,0.0015215703306045937,0.006206990474389405,0.032740638270894046,0.323602143454776,0.040755204821345946,0.10157942056896226,0.32413977721045095,0.13227025340212153,0.006048027678650428,0.12622222494571766,0.0,0.0,0.0,1,0,294,294
base,58,58,98.40299797058105,0.0009114688585211832,0.09991977542129338,0.09570601996448305,0.008010507993097616,0.08769551225197621,0.0014779237755693686,0.0,0.0,1.6138004245756468e-07,1.662980562805307e-06,0.011741748444326064,0.031231473048782755,8.289398525241178e-08,1.0132795451627471e-06,0.003972720829411768,0.001,2.0610737385376345e-05,1.0,1.0,0.010139440357462209,0.06746308117086051,0.0539704652932974,0.999696277655088,0.9190433860844017,0.0481006438151384,0.0014024024409377295,7.552133500476519e-05,0.2348601520061493,0.32129397988319397,42.138196033664244,0.1,0.0001,0.0,0.006065401147143581,0.00011730077688912583,0.010475220843258068,0.00029671841706985084,0.010178502808269272,0.08784960452308002,0.007787969180295228,0.08006163514577426,27.161202748616535,31.025641025641026,1.0,0.0022236752944688,0.00014770507090376754,0.14770506386064056,135.36329579149555,158.35042735042734,5.093467899257667,0.0005811295789491354,3.337599417187044e-06,0.0033375992734208065,2,1e-06,32,64,32,0,1.0,0.0,9.704169273376465,10.701322555541992,10.198728561401367,0.2789216935634613,0.9932584166526794,-0.534427285194397,0.3100524842739105,0.5140073299407959,256,64,256,0,1.0,0.0,0.04818030819296837,4.156499862670898,0.7405725717544556,0.5268806219100952,0.996138334274292,-0.9969783425331116,0.007584842387586832,0.5650967359542847,288,288,0,1.0,0.0,0.04445355337473654,0.13085855289976647,0.13085855289976647,0.001543827580307868,0.007382977485997221,0.03447512118396179,0.32865590746364287,186,26880.0,1.0,0.13085855289976647,0.006251916051545041,0.12460663787862088,0.0,0.0,0.0,0.13085855289976647,0.13085855289976647,0.001543827580307868,0.007382977485997221,0.03447512118396179,0.32865590746364287,0.04445355337473654,0.10691978157527986,0.3320430036514036,0.13085855289976647,0.13085855289976647,0.001543827580307868,0.007382977485997221,0.03447512118396179,0.32865590746364287,0.04445355337473654,0.10691978157527986,0.3320430036514036,0.13085855289976647,0.006251916051545041,0.12460663787862088,0.0,0.0,0.0,1,0,294,294
base,59,59,102.23418998718262,0.0009084882588856339,0.10047003677767566,0.09589898242400242,0.00824859125030219,0.0876503908353993,0.001496594710649652,0.0,0.0,1.610930535178294e-07,1.7964557025248757e-06,0.014624537185678242,0.032238187125095956,9.640962855021478e-08,1.0132795509928415e-06,0.004189922195972684,0.001,2.276804824924864e-05,1.0,1.0,0.01043353021208547,0.06772705145243905,0.054181641317967676,0.9996957320433396,0.9167751736111112,0.04855171177122328,0.001431671375185888,6.492333111062678e-05,0.23467610776424408,0.3210407793521881,40.68723035966941,0.1,0.0001,0.0,0.006186618036829317,0.00012210674643798624,0.010176936275938638,0.00036966986158209987,0.009807266231276032,0.08826627996232775,0.007971338860085633,0.08029494128930263,27.79563541901417,31.153846153846153,1.0,0.002268378319354075,0.00012650788515660926,0.12650787932241064,138.07747144780606,162.0,5.186592831743012,0.0005949644337539586,3.338777259466594e-06,0.003338777101956881,2,1e-06,32,64,32,0,1.0,0.0,9.613882064819336,10.736406326293945,10.213504791259766,0.298639178276062,0.9938958883285522,-0.5219467878341675,0.31635019183158875,0.5094019770622253,256,64,256,0,1.0,0.0,0.034639958292245865,3.221569061279297,0.7488363981246948,0.5161272287368774,0.9968977570533752,-0.9960338473320007,0.006494908593595028,0.5682817101478577,288,288,0,1.0,0.0,0.042768293711286716,0.1304077181093236,0.1304077181093236,0.0014818560609475096,0.006788085682958525,0.036574941183570575,0.3370967671195025,186,26880.0,1.0,0.1304077181093236,0.005929767193787909,0.12447795208464278,0.0,0.0,0.0,0.1304077181093236,0.1304077181093236,0.0014818560609475096,0.006788085682958525,0.036574941183570575,0.3370967671195025,0.042768293711286716,0.10516964918583312,0.33618278857520834,0.1304077181093236,0.1304077181093236,0.0014818560609475096,0.006788085682958525,0.036574941183570575,0.3370967671195025,0.042768293711286716,0.10516964918583312,0.33618278857520834,0.1304077181093236,0.005929767193787909,0.12447795208464278,0.0,0.0,0.0,1,0,294,294
base,60,60,102.02130627632141,0.0009054634122155986,0.09989449967685927,0.09625790077142227,0.00816511313438925,0.08809278803503412,0.0015354314022976109,0.0,0.0,1.6081834263510774e-07,2.364996024352927e-06,0.0055633587722913325,0.030894449044369224,1.089409564192329e-07,1.0132795509928415e-06,0.004317107271606055,0.001,2.4999999999999994e-05,1.0,1.0,0.011497297785921484,0.06746308101166008,0.05397046481569608,0.9996962786739708,0.9168586404914529,0.04909303994515003,0.001468627413129832,6.680398842152685e-05,0.23449355363845825,0.32074230909347534,39.24792246313662,0.1,0.0001,0.0,0.0061613951887314515,0.0001224793669458978,0.010944621175782293,0.0002756677727159272,0.01066895325978597,0.08804943514430624,0.007958362300872292,0.08009107283547394,27.738497807429386,31.162393162393162,1.0,0.0023297995993565037,0.00012907127218677176,0.1290712662232228,136.18867910010184,159.86324786324786,5.120842028496364,0.0006074552239181522,4.536704346072349e-06,0.004536704120472965,2,1e-06,32,64,32,0,1.0,0.0,9.645650863647461,10.746084213256836,10.227462768554688,0.304966002702713,0.993773877620697,-0.49748140573501587,0.3231944143772125,0.5017592310905457,256,64,256,0,1.0,0.0,0.055415909737348557,2.99692440032959,0.775825023651123,0.5179995894432068,0.9964344501495361,-0.9977769255638123,0.009690718725323677,0.575468122959137,288,288,0,1.0,0.0,0.041899017731769274,0.13091137593096874,0.13091137593096874,0.001490457508554484,0.006854973953738007,0.03570423924153851,0.32580644504157125,186,26880.0,1.0,0.13091137593096874,0.006018271124822662,0.12489310493494601,0.0,0.0,0.0,0.13091137593096874,0.13091137593096874,0.001490457508554484,0.006854973953738007,0.03570423924153851,0.32580644504157125,0.041899017731769274,0.10613246158927038,0.331129025948304,0.13091137593096874,0.13091137593096874,0.001490457508554484,0.006854973953738007,0.03570423924153851,0.32580644504157125,0.041899017731769274,0.10613246158927038,0.331129025948304,0.13091137593096874,0.006018271124822662,0.12489310493494601,0.0,0.0,0.0,1,0,294,294
base,61,61,101.53215098381042,0.0009023946502196013,0.09928690310981539,0.09598256482018365,0.008196577704392182,0.08778598675361046,0.0014961431704413814,0.0,0.0,1.605297977889716e-07,2.4409010840360115e-06,0.0038402132892933413,0.028481150332551736,1.1641356475950879e-07,1.013279547106112e-06,0.004227043182238873,0.001,2.7300475013022663e-05,1.0,1.0,0.011430132013753567,0.06746585240476152,0.05397268193654525,0.9996955241912451,0.9172509348290598,0.0485632105006112,0.0014282847688987087,6.785840166704809e-05,0.2343350350856781,0.3203701674938202,37.82169276719,0.1,0.0001,0.0,0.006134755279606161,0.0001203794456983799,0.01070636867457985,0.0003858384095196031,0.010320529978499453,0.08795278831424876,0.007907198905212503,0.08004558926973587,27.655811701065456,30.965811965811966,1.0,0.0022628451816928694,0.000130988355491183,0.13098834926246578,136.43877575540134,160.34188034188034,5.15935464856488,0.0005937243511295344,4.728447898784915e-06,0.0047284476777427215,2,1e-06,32,64,32,0,1.0,0.0,9.724871635437012,10.777050971984863,10.255853652954102,0.3097127676010132,0.9928585886955261,-0.49602213501930237,0.3348456919193268,0.49144482612609863,256,64,256,0,1.0,0.0,0.06731303036212921,3.235905647277832,0.7807601690292358,0.5560877323150635,0.9977042078971863,-0.9965018033981323,0.012100220657885075,0.5702577233314514,288,288,0,1.0,0.0,0.042446345005745206,0.1316364309255113,0.1316364309255113,0.001581944867057052,0.006722327639093442,0.03416790941640014,0.32091397075082667,186,26880.0,1.0,0.1316364309255113,0.005955660240130222,0.12568076985313537,0.0,0.0,0.0,0.1316364309255113,0.1316364309255113,0.001581944867057052,0.006722327639093442,0.03416790941640014,0.32091397075082667,0.042446345005745206,0.10312536577143336,0.3265053709988953,0.1316364309255113,0.1316364309255113,0.001581944867057052,0.006722327639093442,0.03416790941640014,0.32091397075082667,0.042446345005745206,0.10312536577143336,0.3265053709988953,0.1316364309255113,0.005955660240130222,0.12568076985313537,0.0,0.0,0.0,1,0,294,294
base,62,62,97.8622534275055,0.0008992823094219767,0.09867862745737419,0.09541797160338132,0.007909488894093113,0.08750848344758026,0.0014890355056024387,0.0,0.0,1.6021264066219948e-07,1.7933126019985887e-06,0.0036060509657980795,0.028217799643166046,1.2489892182227575e-07,1.0132795529362063e-06,0.00417641316078858,0.001,2.9663167846209984e-05,1.0,1.0,0.010676071262703491,0.06768601040682222,0.054148808376401916,0.9996965466401516,0.9180334368322649,0.04900530913574064,0.0014186800292366717,7.035547680108067e-05,0.23412655293941498,0.3200664222240448,36.40994878834866,0.1,0.0001,0.0,0.006080416777433875,0.00011750613118479084,0.010184138249128293,0.00012519237641085926,0.010058946079678006,0.08777986823493598,0.007815594611784969,0.07996427388782175,27.511761771308052,31.076923076923077,1.0,0.0022317745263139024,0.0001359846775393145,0.13598467142154008,134.51531408587073,157.93162393162393,5.076534677883398,0.0006055855229556656,4.726275631419879e-06,0.004726275419577574,2,1e-06,32,64,32,0,1.0,0.0,9.72661018371582,10.820874214172363,10.294889450073242,0.3121397793292999,0.9935280680656433,-0.43763476610183716,0.3582168221473694,0.4743419289588928,256,64,256,0,1.0,0.0,0.06035640835762024,3.133819580078125,0.7400321960449219,0.5067267417907715,0.9964349269866943,-0.9978285431861877,0.02095138467848301,0.5651714205741882,288,288,0,1.0,0.0,0.039657023059384476,0.13157440753693275,0.13157440753693275,0.0014285017399394767,0.00603736835652061,0.031062813166538954,0.31655913391100465,186,26880.0,1.0,0.13157440753693275,0.006062711544453781,0.1255116952543563,0.0,0.0,0.0,0.13157440753693275,0.13157440753693275,0.0014285017399394767,0.00603736835652061,0.031062813166538954,0.31655913391100465,0.039657023059384476,0.09966566521794565,0.32586020776020586,0.13157440753693275,0.13157440753693275,0.0014285017399394767,0.00603736835652061,0.031062813166538954,0.31655913391100465,0.039657023059384476,0.09966566521794565,0.32586020776020586,0.13157440753693275,0.006062711544453781,0.1255116952543563,0.0,0.0,0.0,1,0,294,294
base,63,63,101.89431834220886,0.0008961267311259662,0.09951358269422482,0.09605732101660508,0.008170903927017735,0.08788641688660678,0.001456297791769935,0.0,0.0,1.59854630121708e-07,1.5207288006673578e-06,0.00451310543427005,0.030970304233268794,1.3759726890267052e-07,1.0132795529362063e-06,0.0042573929213098865,0.001,3.208160252273499e-05,1.0,1.0,0.011042191814153623,0.0673969965428114,0.05391759723106511,0.9996964116381784,0.9176390558226496,0.04742246417280955,0.0013764335437574321,7.986425317407976e-05,0.2338850200176239,0.3196732997894287,35.0140837474778,0.1,0.0001,0.0,0.006165996519251702,0.00012211171465773636,0.011301126745012071,0.0002782600096020943,0.011022866281688724,0.08758147570312533,0.00796220892180617,0.07961926717534025,26.935571279281223,30.752136752136753,1.0,0.002187661126128629,0.00015517318606104018,0.1551731773930737,135.30897883879834,158.67521367521368,5.1493743228485895,0.0005652059596449805,4.555321365686777e-06,0.004555321147299221,2,1e-06,32,64,32,0,1.0,0.0,9.789512634277344,10.848575592041016,10.322569847106934,0.3218413293361664,0.9943299889564514,-0.41570281982421875,0.3707973062992096,0.4645857512950897,256,64,256,0,1.0,0.0,0.0376150943338871,3.5948736667633057,0.7568793296813965,0.5717418789863586,0.9963140487670898,-0.9984816312789917,0.014127101749181747,0.563543438911438,288,288,0,1.0,0.0,0.04299478808678286,0.13144990674992826,0.13144990674992826,0.0014019350773912477,0.006779515502413595,0.034080447120872395,0.3231720364782759,186,26880.0,1.0,0.13144990674992826,0.005866835012714913,0.12558307149942885,0.0,0.0,0.0,0.13144990674992826,0.13144990674992826,0.0014019350773912477,0.006779515502413595,0.034080447120872395,0.3231720364782759,0.04299478808678286,0.10418917326837458,0.3277419292798606,0.13144990674992826,0.13144990674992826,0.0014019350773912477,0.006779515502413595,0.034080447120872395,0.3231720364782759,0.04299478808678286,0.10418917326837458,0.3277419292798606,0.13144990674992826,0.005866835012714913,0.12558307149942885,0.0,0.0,0.0,1,0,294,294
base,64,64,99.9089241027832,0.0008929282613762903,0.09851719152468902,0.09534669189881055,0.007910642014720883,0.08743605024030066,0.0014008829244770682,0.0,0.0,1.5941296088680963e-07,1.468588794110055e-06,0.0033187142388724014,0.028752031123154182,1.438971063938516e-07,1.0132795539078886e-06,0.004135668441418431,0.001,3.454915028125263e-05,1.0,1.0,0.010828213551296638,0.0675058602872822,0.05400468783182466,0.9996884918620443,0.9181419437767094,0.04664840081181282,0.0013275483820157556,7.333454379834767e-05,0.2337648868560791,0.3192150592803955,33.63547519484793,0.1,0.0001,0.0,0.005991492920921335,0.00011851965791720431,0.010652831476977747,0.00023690202774909826,0.010415928995507395,0.0873570684184376,0.007732965487939043,0.0796241034936701,27.3983366632054,30.641025641025642,1.0,0.002108655014258419,0.00014141669045908886,0.141416684175149,135.75343670804276,158.8803418803419,5.159319160311183,0.0005464417515143466,5.2523961717542215e-06,0.005252395939623189,2,1e-06,32,64,32,0,1.0,0.0,9.765741348266602,10.884446144104004,10.335935592651367,0.3357298970222473,0.9946551322937012,-0.4243619740009308,0.37545037269592285,0.4614361822605133,256,64,256,0,1.0,0.0,0.05200028419494629,5.017472743988037,0.7744544744491577,0.6174353361129761,0.9970545768737793,-0.998378574848175,0.011078141629695892,0.5693209767341614,288,288,0,1.0,0.0,0.04275778609938839,0.1297970859611288,0.1297970859611288,0.0014067685746766152,0.007029888599420026,0.03665152261964977,0.3274193483615114,186,26880.0,1.0,0.1297970859611288,0.005765275692844645,0.12403181005031505,0.0,0.0,0.0,0.1297970859611288,0.1297970859611288,0.0014067685746766152,0.007029888599420026,0.03665152261964977,0.3274193483615114,0.04275778609938839,0.10702484032960348,0.33365590774243875,0.1297970859611288,0.1297970859611288,0.0014067685746766152,0.007029888599420026,0.03665152261964977,0.3274193483615114,0.04275778609938839,0.10702484032960348,0.33365590774243875,0.1297970859611288,0.005765275692844645,0.12403181005031505,0.0,0.0,0.0,1,0,294,294
base,65,65,101.5786440372467,0.0008896872509212002,0.09855772064537065,0.09530223415702836,0.008057406176136345,0.08724482733215022,0.001423096218600105,0.0,0.0,1.5895086215146472e-07,2.5819671273346075e-06,0.003914606944522542,0.028815432220824763,1.581941315568489e-07,1.0132795422477002e-06,0.004241362648904642,0.001,3.7059047744873964e-05,1.0,1.0,0.011909409573413113,0.06750147242067206,0.054001178592443466,0.9996967254540859,0.9173719618055556,0.04683898421179535,0.001343367943683496,7.972827274004061e-05,0.23368890583515167,0.3187972903251648,32.27548365065905,0.1,0.0001,0.0,0.0060633977110951375,0.00012205043940334262,0.011002861536466159,0.0002906853492316018,0.010712176306634886,0.08705008749523734,0.007839392158242628,0.07921069535689476,26.98186201111883,30.641025641025642,1.0,0.0021338481356541063,0.000154198401952839,0.1541983938624716,134.72869781754974,157.72649572649573,5.146465327096583,0.0005528877566878995,5.258144713666414e-06,0.00525814447647486,2,1e-06,32,64,32,0,1.0,0.0,9.606868743896484,10.909997940063477,10.365816116333008,0.3503088355064392,0.9951193928718567,-0.3714587092399597,0.39704689383506775,0.4475334584712982,256,64,256,0,1.0,0.0,0.08620128780603409,5.124180316925049,0.7827179431915283,0.6922703385353088,0.9975823163986206,-0.9975982308387756,0.01221090741455555,0.567088782787323,288,288,0,1.0,0.0,0.044873974225934476,0.1299389695867579,0.1299389695867579,0.0014160490753327279,0.006749971809181114,0.03274092074703946,0.3202688090142704,186,26880.0,1.0,0.1299389695867579,0.005941408208293959,0.12399756179210987,0.0,0.0,0.0,0.1299389695867579,0.1299389695867579,0.0014160490753327279,0.006749971809181114,0.03274092074703946,0.3202688090142704,0.044873974225934476,0.10794832080762873,0.3281720363164461,0.1299389695867579,0.1299389695867579,0.0014160490753327279,0.006749971809181114,0.03274092074703946,0.3202688090142704,0.044873974225934476,0.10794832080762873,0.3281720363164461,0.1299389695867579,0.005941408208293959,0.12399756179210987,0.0,0.0,0.0,1,0,294,294
base,66,66,101.03218650817871,0.0008864040551740152,0.0987431501221453,0.09529869646852852,0.007946566919374287,0.08735212970238465,0.0013872715624638347,0.0,0.0,1.5856394175261033e-07,2.5516047791206297e-06,0.005496425132275137,0.030147405818868905,1.7051111152461525e-07,1.0132795626530299e-06,0.0042797710336585585,0.001,3.960441545911204e-05,1.0,1.0,0.011694433768558452,0.06750886623039205,0.05400709284103324,0.9996968044175042,0.9176828759348291,0.045962565857121065,0.0013030386698018345,8.423289085855772e-05,0.2335246205329895,0.3183547556400299,30.93545126237153,0.1,0.0001,0.0,0.00601439617980176,0.00012226904309344772,0.011141513657366108,0.00020254673197483405,0.010938966885591164,0.0869425613528643,0.007794656872383168,0.07914790466555163,26.722699271308052,30.46153846153846,1.0,0.0020758670517920046,0.00016368931684489799,0.1636893097152058,133.68129371577857,157.6153846153846,5.170265072030925,0.0005302102843291548,4.7764637693579325e-06,0.00477646354936127,2,1e-06,32,64,32,0,1.0,0.0,9.840597152709961,10.950766563415527,10.402939796447754,0.35264378786087036,0.9947420358657837,-0.36970090866088867,0.41154393553733826,0.4349483251571655,256,64,256,0,1.0,0.0,0.07242561876773834,4.524500370025635,0.7811322808265686,0.6576993465423584,0.9965815544128418,-0.9984388947486877,0.01203771959990263,0.5683949589729309,288,288,0,1.0,0.0,0.04401193050447331,0.13170387928790234,0.13170387928790234,0.0013692151789771432,0.00693837138423596,0.03477345339162776,0.3254301015247581,186,26880.0,1.0,0.13170387928790234,0.005952483706889634,0.12575139676002747,0.0,0.0,0.0,0.13170387928790234,0.13170387928790234,0.0013692151789771432,0.00693837138423596,0.03477345339162776,0.3254301015247581,0.04401193050447331,0.10397129591995029,0.3223655836716775,0.13170387928790234,0.13170387928790234,0.0013692151789771432,0.00693837138423596,0.03477345339162776,0.3254301015247581,0.04401193050447331,0.10397129591995029,0.3223655836716775,0.13170387928790234,0.005952483706889634,0.12575139676002747,0.0,0.0,0.0,1,0,294,294
base,67,67,102.6037187576294,0.0008830790341741476,0.09776186681965478,0.09461577147500128,0.00812141104744604,0.08649436078774624,0.0013537186418827146,0.0,0.0,1.5817736557223685e-07,2.7215168256425122e-06,0.004074106540662261,0.027695693871659093,1.8246269273459671e-07,1.0132795509928415e-06,0.004301963802864854,0.001,4.217827674798845e-05,1.0,1.0,0.011799125227695093,0.06750886572095063,0.05400709284103324,0.9996967972853245,0.9157318376068376,0.04540549896848507,0.0012720540120131057,8.166462949648277e-05,0.23350711166858673,0.3180420696735382,29.616700480168518,0.1,0.0001,0.0,0.006099617687794261,0.00012357735333632893,0.01018024968285846,0.00030380102176951547,0.00987644888396956,0.08698058434021778,0.007893560281118903,0.07908702412476906,26.899850975753914,30.521367521367523,1.0,0.002025952027378301,0.0001585661435751523,0.15856613664545566,136.07084127572867,160.1965811965812,5.243740976925224,0.0005181559926678991,4.763114339245794e-06,0.004763114146697216,2,1e-06,32,64,32,0,1.0,0.0,9.767391204833984,10.970589637756348,10.430188179016113,0.36355769634246826,0.9953440427780151,-0.31499195098876953,0.4263239800930023,0.42819106578826904,256,64,256,0,1.0,0.0,0.09523873776197433,5.383244037628174,0.746942937374115,0.6260493993759155,0.9970057010650635,-0.9980288743972778,0.013866838999092579,0.5685195326805115,288,288,0,1.0,0.0,0.04403787757199939,0.12817817545951682,0.12817817545951682,0.0013335478353373549,0.007668256045504403,0.03482090227396017,0.32682795079565174,186,26880.0,1.0,0.12817817545951682,0.0058603472264602465,0.12231782728687246,0.0,0.0,0.0,0.12817817545951682,0.12817817545951682,0.0013335478353373549,0.007668256045504403,0.03482090227396017,0.32682795079565174,0.04403787757199939,0.10698458806721754,0.337204294018848,0.12817817545951682,0.12817817545951682,0.0013335478353373549,0.007668256045504403,0.03482090227396017,0.32682795079565174,0.04403787757199939,0.10698458806721754,0.337204294018848,0.12817817545951682,0.0058603472264602465,0.12231782728687246,0.0,0.0,0.0,1,0,294,294
base,68,68,101.43584704399109,0.000879712552547619,0.0987313358574851,0.09530458331872256,0.007962818591831585,0.08734176397068888,0.001356672453813446,0.0,0.0,1.5776398711256903e-07,2.0693641297112682e-06,0.0057118775265323175,0.02997395248176196,1.9467055046405213e-07,1.013279554879571e-06,0.004325258010266046,0.001,4.477357683661733e-05,1.0,1.0,0.011451966730225036,0.06755720906787449,0.0540457666079458,0.9996961482569703,0.9170693943643162,0.04552037886574737,0.0012634180896143373,9.325436677989693e-05,0.2334594428539276,0.3175593912601471,28.320532751857364,0.1,0.0001,0.0,0.006029892768551651,0.00012202063017812335,0.011278556962298531,0.0002115412304798762,0.011067015493017996,0.08684566534227794,0.00780416267295169,0.07904150235092539,26.191235648261177,30.735042735042736,1.0,0.0020055747073557642,0.0001822190003396951,0.18221899179311898,132.6940218933627,156.76068376068375,5.095684782712033,0.0005212614723704119,4.289733232730618e-06,0.004289733039008247,2,1e-06,32,64,32,0,1.0,0.0,9.844374656677246,11.006546020507812,10.468713760375977,0.36970198154449463,0.995863676071167,-0.27271831035614014,0.44581305980682373,0.415751576423645,256,64,256,0,1.0,0.0,0.06582143902778625,4.430062770843506,0.7452883720397949,0.7098814845085144,0.9998977184295654,-0.9970136880874634,0.012133244425058365,0.5682867169380188,288,288,0,1.0,0.0,0.0441488290345797,0.12934982824198743,0.12934982824198743,0.0013461659285933414,0.007027388445817695,0.03407540116258847,0.32327956303713784,186,26880.0,1.0,0.12934982824198743,0.005822159275610713,0.12352766889206906,0.0,0.0,0.0,0.12934982824198743,0.12934982824198743,0.0013461659285933414,0.007027388445817695,0.03407540116258847,0.32327956303713784,0.0441488290345797,0.10465704673720945,0.3329032193268499,0.12934982824198743,0.12934982824198743,0.0013461659285933414,0.007027388445817695,0.03407540116258847,0.32327956303713784,0.0441488290345797,0.10465704673720945,0.3329032193268499,0.12934982824198743,0.005822159275610713,0.12352766889206906,0.0,0.0,0.0,1,0,294,294
base,69,69,101.9377646446228,0.0008763049794670771,0.09913940097276981,0.09539656423860127,0.007937455020494696,0.0874591095962076,0.0013614588767353795,1.0552644952494875e-05,0.0,1.5728748986635048e-07,1.6784668044680335e-06,0.007857327813155249,0.03169764320437725,2.1048303382093195e-07,1.0132795539078886e-06,0.004420759868768291,0.001,4.73832021878528e-05,1.0,1.0,0.011327859380433703,0.06739489880637226,0.05391591927434644,0.9996962394469824,0.9165143396100427,0.04572340097819638,0.001259220659565658,0.00010223822083879405,0.23346292972564697,0.31714409589767456,27.04822723849765,0.1,0.0001,0.0,0.0060261450867112884,0.00012257873194723023,0.011235548899723934,0.00016703050679121262,0.011068518345172588,0.08696990256380831,0.007812182136421275,0.07915772109204887,25.723583351852547,30.735042735042736,1.0,0.0019917646064781225,0.00020056281713410639,0.200562807229849,130.862795446673,155.008547008547,5.032116506136904,0.000526676723598224,3.91362484567494e-06,0.003913624673827082,2,1e-06,32,64,32,0,1.0,0.0,9.845736503601074,11.034784317016602,10.497220993041992,0.3812975287437439,0.9958949685096741,-0.2905012369155884,0.458845317363739,0.4081711173057556,256,64,256,0,1.0,0.0,0.06304136663675308,4.918911457061768,0.7715120315551758,0.7676733732223511,0.9998102784156799,-0.9967759847640991,0.010321586392819881,0.568755030632019,288,288,0,1.0,0.0,0.04375686223107961,0.1262665977503391,0.1262665977503391,0.0013274163864751129,0.007206771227966754,0.033447528346842254,0.3413978428129227,186,26880.0,1.0,0.1262665977503391,0.006172801645353753,0.12009379505477052,0.0,0.0,0.0,0.1262665977503391,0.1262665977503391,0.0013274163864751129,0.007206771227966754,0.033447528346842254,0.3413978428129227,0.04375686223107961,0.10491735752551787,0.3479032189615311,0.1262665977503391,0.1262665977503391,0.0013274163864751129,0.007206771227966754,0.033447528346842254,0.3413978428129227,0.04375686223107961,0.10491735752551787,0.3479032189615311,0.1262665977503391,0.006172801645353753,0.12009379505477052,0.0,0.0,0.0,1,0,294,294
base,70,70,101.48524713516235,0.0008728566886113098,0.10062656386031045,0.09571068912235081,0.007810354754169527,0.08790033399804026,0.0013094386842069973,0.0,0.0,1.5686628960649506e-07,3.732992558214037e-06,0.015360503210477197,0.04140328276806917,2.2197072821781046e-07,1.0132795480777943e-06,0.004419149052845235,0.001,4.9999999999999996e-05,1.0,1.0,0.011991330112020174,0.06739489893373261,0.05391591935394666,0.9996962450508379,0.9171632946047008,0.044792088656089246,0.001223533836682924,8.5904849825017e-05,0.23335039615631104,0.3167359232902527,25.80103955202381,0.1,0.0001,0.0,0.005903233238694887,0.0001218069944745646,0.0119144376526531,0.00018445847747035517,0.011729979107522557,0.08677486011869887,0.007672010897061763,0.07910284941267763,26.547119874220627,31.0,1.0,0.0019387020003130166,0.00016739219321389723,0.16739218459170088,133.07444616464468,157.48717948717947,5.072921063765059,0.0005083656700678234,4.417507255265007e-06,0.0044175070575159835,2,1e-06,32,64,32,0,1.0,0.0,9.829339027404785,11.06932258605957,10.524738311767578,0.3958202600479126,0.9964424967765808,-0.275119423866272,0.4750968813896179,0.39941102266311646,256,64,256,0,1.0,0.0,0.07822916656732559,4.918912410736084,0.6900241374969482,0.5841625332832336,0.9998053312301636,-0.9976104497909546,0.01092613860964775,0.5712255835533142,288,288,0,1.0,0.0,0.04461149409693736,0.13021455340562982,0.13021455340562982,0.0012703110993978507,0.007298838527452561,0.03481273120018824,0.32548386353238296,186,26880.0,1.0,0.13021455340562982,0.005742047098465264,0.12447250634431839,0.0,0.0,0.0,0.13021455340562982,0.13021455340562982,0.0012703110993978507,0.007298838527452561,0.03481273120018824,0.32548386353238296,0.04461149409693736,0.10732051868352198,0.3295161238601131,0.13021455340562982,0.13021455340562982,0.0012703110993978507,0.007298838527452561,0.03481273120018824,0.32548386353238296,0.04461149409693736,0.10732051868352198,0.3295161238601131,0.13021455340562982,0.005742047098465264,0.12447250634431839,0.0,0.0,0.0,1,0,294,294
base,71,71,99.91169095039368,0.000869368058124268,0.0973510244845325,0.09433464024566178,0.0076438945710149584,0.0866907462477684,0.001267528800198283,0.0,0.0,1.56624206238898e-07,2.1928380374799676e-06,0.0036390287175766616,0.02769464399251673,2.197064830389948e-07,1.0132795500211591e-06,0.004156338169366822,0.001,5.261679781214719e-05,1.0,1.0,0.011336982890995394,0.06827214290188928,0.05461771448707988,0.9996967514355978,0.9182108039529915,0.04444285310231722,0.0011953655182598876,7.216328172073858e-05,0.23316600918769836,0.31650903820991516,24.58020051610753,0.1,0.0001,0.0,0.005791342329695566,0.00011897342618538413,0.010411689933548626,0.0001702270406879421,0.010241463653042786,0.08652587292286065,0.007516224295474016,0.07900964850798631,27.304353339040382,30.99145299145299,1.0,0.0018943448941040244,0.00014014188304710656,0.140141876334818,136.59618729811447,160.34188034188034,5.163473719612488,0.0004963861476395152,4.184680313720981e-06,0.0041846801073123245,2,1e-06,32,64,32,0,1.0,0.0,9.833198547363281,11.092844009399414,10.545177459716797,0.4099140465259552,0.9942822456359863,-0.25362008810043335,0.4857669174671173,0.3915040194988251,256,64,256,0,1.0,0.0,0.03900834918022156,3.271606206893921,0.7131047248840332,0.5672727227210999,0.9994535446166992,-0.9970400333404541,0.010124260559678078,0.5698145627975464,288,288,0,1.0,0.0,0.04410658209454468,0.12828144304295805,0.12828144304295805,0.0012735617148907895,0.007488054456815164,0.03606951281538494,0.33774192891614413,186,26880.0,1.0,0.12828144304295805,0.005852980598648812,0.12242846206781711,0.0,0.0,0.0,0.12828144304295805,0.12828144304295805,0.0012735617148907895,0.007488054456815164,0.03606951281538494,0.33774192891614413,0.04410658209454468,0.1057097119108964,0.33822580018351156,0.12828144304295805,0.12828144304295805,0.0012735617148907895,0.007488054456815164,0.03606951281538494,0.33774192891614413,0.04410658209454468,0.1057097119108964,0.33822580018351156,0.12828144304295805,0.005852980598648812,0.12242846206781711,0.0,0.0,0.0,1,0,294,294
base,72,72,101.21277022361755,0.0008658394705735983,0.09774008246823254,0.09437019524411258,0.007724930997937918,0.08664526421035457,0.0012398017839027138,0.0,0.0,1.5634347250444336e-07,2.721973154133176e-06,0.006459296788944679,0.029678437476738904,2.3398975226163569e-07,1.013279547106112e-06,0.0042185687597315665,0.001,5.522642316338267e-05,1.0,1.0,0.011759551803175455,0.06752485380722927,0.054019883211351864,0.999695860932016,0.9176077557425214,0.04400161946685905,0.0011722946840012048,6.750710083432416e-05,0.23310843110084534,0.31620845198631287,23.38691495148363,0.1,0.0001,0.0,0.005827911287689438,0.00012109321986104194,0.010740659685216399,0.00020783211494612898,0.01053282796827137,0.0863147004165201,0.00756905690774831,0.0787456433615114,27.54613649743235,31.042735042735043,1.0,0.001858503916937635,0.0001309732697569789,0.1309732636834821,137.642033797044,161.17948717948718,5.184330190058778,0.0004860854679798214,4.0409322381546945e-06,0.004040932044004783,2,1e-06,32,64,32,0,1.0,0.0,9.843403816223145,11.118314743041992,10.56844711303711,0.41850703954696655,0.9946202635765076,-0.23188696801662445,0.49920782446861267,0.38340815901756287,256,64,256,0,1.0,0.0,0.04466924071311951,3.271606683731079,0.7136904001235962,0.5730366706848145,0.9994534254074097,-0.9970440864562988,0.012822838500142097,0.5690293908119202,288,288,0,1.0,0.0,0.04503656040516592,0.12943380389441836,0.12943380389441836,0.0012664743699133396,0.007261784628949939,0.03577330614745577,0.3294085963398859,186,26880.0,1.0,0.12943380389441836,0.005825319129260297,0.12360848232786706,0.0,0.0,0.0,0.12943380389441836,0.12943380389441836,0.0012664743699133396,0.007261784628949939,0.03577330614745577,0.3294085963398859,0.04503656040516592,0.10662077776887403,0.3293010699011946,0.12943380389441836,0.12943380389441836,0.0012664743699133396,0.007261784628949939,0.03577330614745577,0.3294085963398859,0.04503656040516592,0.10662077776887403,0.3293010699011946,0.12943380389441836,0.005825319129260297,0.12360848232786706,0.0,0.0,0.0,1,0,294,294
base,73,73,101.86067152023315,0.0008622713129086888,0.09726635398518325,0.09444558072803366,0.007903607938295374,0.08654197324544956,0.001196868956471101,0.0,0.0,1.560290685182168e-07,2.2763669394897256e-06,0.003256573070648612,0.025959957359183546,2.4821423828374714e-07,1.0132795441910648e-06,0.004275226411330076,0.001,5.782172325201155e-05,1.0,1.0,0.011476816442341376,0.0675627206826312,0.05405017698549817,0.9996961171810443,0.9154146634615384,0.04317730435958275,0.0011258059510618893,7.106300438311484e-05,0.2330644577741623,0.31584832072257996,22.222360486937237,0.1,0.0001,0.0,0.005997611063484771,0.00012193285712985219,0.010841987581334563,0.00020426883497554012,0.01063771940704085,0.08631408972363187,0.007750406314053724,0.07856368369016892,27.372473121708275,31.094017094017094,1.0,0.0017834213327489093,0.00013824885206856232,0.1382488450433454,137.87467408791568,161.84615384615384,5.203156304567594,0.00046819056539485854,3.87715701249246e-06,0.0038771568200527094,2,1e-06,32,64,32,0,1.0,0.0,9.855935096740723,11.13824462890625,10.604059219360352,0.4184083640575409,0.9949032068252563,-0.19282281398773193,0.5189526081085205,0.3685680031776428,256,64,256,0,1.0,0.0,0.05533474683761597,3.783747673034668,0.6805235147476196,0.5232291221618652,0.9993985891342163,-0.9968105554580688,0.013656970113515854,0.5685757994651794,288,288,0,1.0,0.0,0.04272610141384986,0.1274446930657042,0.1274446930657042,0.0011946658784662313,0.0073452686674402206,0.03531062361403739,0.33263440175803116,186,26880.0,1.0,0.1274446930657042,0.0058526166397681895,0.1215920774860585,0.0,0.0,0.0,0.1274446930657042,0.1274446930657042,0.0011946658784662313,0.0073452686674402206,0.03531062361403739,0.33263440175803116,0.04272610141384986,0.10372364699279749,0.3372042957012371,0.1274446930657042,0.1274446930657042,0.0011946658784662313,0.0073452686674402206,0.03531062361403739,0.33263440175803116,0.04272610141384986,0.10372364699279749,0.3372042957012371,0.1274446930657042,0.0058526166397681895,0.1215920774860585,0.0,0.0,0.0,1,0,294,294
base,74,74,102.19612002372742,0.0008586639764182372,0.09844950401884878,0.0943413572306307,0.007764636021521356,0.08657672205287167,0.0012133531232611237,5.155320191739971e-06,0.0,1.5561186005101277e-07,3.396525200792877e-06,0.01116287191527792,0.03546171551013095,2.650238244701797e-07,1.0132795432193825e-06,0.004371354963359797,0.001,6.0395584540887963e-05,1.0,1.0,0.012060514949739743,0.06755720801715158,0.05404576734026782,0.9996961452003218,0.9171424278846154,0.04324512183666229,0.0011316395337836673,8.171359706435225e-05,0.23302114009857178,0.315535306930542,21.087686397126543,0.1,0.0001,0.0,0.005830894896967543,0.00012187820644830314,0.010804405579200158,0.0002428674592803686,0.010561538048279591,0.08623805336463146,0.007582485421091063,0.07865556864402233,26.68755208528959,31.068376068376068,1.0,0.0017937838366557646,0.00016011956599829558,0.16011955799200597,134.6946283324152,158.64102564102564,5.1002944188428065,0.000469495232652825,3.3076279900008085e-06,0.0033076278164855437,2,1e-06,32,64,32,0,1.0,0.0,9.852082252502441,11.162103652954102,10.63814640045166,0.42126110196113586,0.9951738715171814,-0.15507355332374573,0.540805995464325,0.35662201046943665,256,64,256,0,1.0,0.0,0.06096167117357254,5.078377723693848,0.690185546875,0.60456383228302,0.9970018863677979,-0.9978523254394531,0.01787181943655014,0.5708104372024536,288,288,0,1.0,0.0,0.04430904619956529,0.12470054721578638,0.12470054721578638,0.0011734933248086971,0.00815363855524269,0.03772238906227573,0.34784945427009495,186,26880.0,1.0,0.12470054721578638,0.006045233621757398,0.11865531320267535,0.0,0.0,0.0,0.12470054721578638,0.12470054721578638,0.0011734933248086971,0.00815363855524269,0.03772238906227573,0.34784945427009495,0.04430904619956529,0.10730531525307445,0.3527956923810385,0.12470054721578638,0.12470054721578638,0.0011734933248086971,0.00815363855524269,0.03772238906227573,0.34784945427009495,0.04430904619956529,0.10730531525307445,0.3527956923810385,0.12470054721578638,0.006045233621757398,0.11865531320267535,0.0,0.0,0.0,1,0,294,294
base,75,75,101.75871157646179,0.0008550178566873405,0.10097912151334631,0.09471238831169584,0.007709204332711987,0.0870031850078167,0.001213904506025406,3.034177705900282e-05,0.0012271709294400664,1.554760650100838e-07,3.5680386538387667e-06,0.024225073776995905,0.05076685453900415,2.789315084243314e-07,1.0132795558512532e-06,0.004415538721184572,0.001,6.294095225512603e-05,1.0,1.0,0.01183352797316053,0.06746585262764214,0.05397268174550472,0.9996955175685067,0.9176286224626068,0.04347324237609521,0.001123322434643777,9.058207047990778e-05,0.23235446214675903,0.31563717126846313,19.984012468387284,0.1,0.0001,0.0,0.005794504118096243,0.00012115283933757708,0.010692597454429692,0.00021420767865119837,0.01047839007825933,0.08669294041191411,0.007548548573723588,0.07914439232176186,26.22918482723399,30.854700854700855,1.0,0.001771618998171682,0.00017784209990362503,0.1778420912913787,132.4922567025209,156.32478632478632,5.050353416061457,0.000475025879075894,3.322041091171111e-06,0.0033220409328102046,2,1e-06,32,64,32,0,1.0,0.0,9.88680362701416,11.182615280151367,10.658857345581055,0.42752695083618164,0.9949437379837036,-0.11865230649709702,0.563986599445343,0.3366333842277527,256,64,256,0,1.0,0.0,0.057435572147369385,5.0783772468566895,0.7099888324737549,0.6705943942070007,0.9945206046104431,-0.9958136081695557,0.009858584962785244,0.5691514015197754,288,288,0,1.0,0.0,0.046553902598398346,0.12846320043218898,0.12846320043218898,0.001201752651274759,0.008061978387050531,0.038313845220092006,0.3354301003799323,186,26880.0,1.0,0.12846320043218898,0.005891204915663346,0.12257199560074096,0.0,0.0,0.0,0.12846320043218898,0.12846320043218898,0.001201752651274759,0.008061978387050531,0.038313845220092006,0.3354301003799323,0.046553902598398346,0.11180769848406956,0.3384946179325863,0.12846320043218898,0.12846320043218898,0.001201752651274759,0.008061978387050531,0.038313845220092006,0.3354301003799323,0.046553902598398346,0.11180769848406956,0.3384946179325863,0.12846320043218898,0.005891204915663346,0.12257199560074096,0.0,0.0,0.0,1,0,294,294
base,76,76,101.05480790138245,0.0008513333535541156,0.09731991251564434,0.0942956164606616,0.00776903427994022,0.08652658149217948,0.0012206581827157582,2.22635447469532e-06,0.0,1.5559471082879955e-07,2.223362297879672e-06,0.004508808384297225,0.027005094127395213,2.756926777581798e-07,1.0132795509928415e-06,0.0041967278115578694,0.001,6.545084971874738e-05,1.0,1.0,0.011721207593113948,0.06734867462426679,0.05387894014835867,0.999695971990243,0.9172884949252137,0.04339597644841569,0.0011240262747145235,9.663190952483287e-05,0.2321603000164032,0.3155882954597473,18.912427893638995,0.1,0.0001,0.0,0.0058783913751602425,0.00012081830915184015,0.010697249163929215,0.00019966652537258263,0.010497582264435597,0.08627267946035434,0.0076192843918808,0.07865339479385278,25.936834677671776,30.965811965811966,1.0,0.0017755107932254418,0.0001900152683369497,0.19001525895208374,132.22369593432825,156.47863247863248,5.044486781214316,0.00047254174476107344,3.2485511033323396e-06,0.0032485509530091896,2,1e-06,32,64,32,0,1.0,0.0,9.878856658935547,11.192702293395996,10.671964645385742,0.4262264668941498,0.9952966570854187,-0.12734803557395935,0.5625362992286682,0.341825395822525,256,64,256,0,1.0,0.0,0.03423716872930527,4.653450012207031,0.6901711225509644,0.5830672383308411,0.997058629989624,-0.9967080950737,0.003081974573433399,0.5670713782310486,288,288,0,1.0,0.0,0.04350087005564923,0.12768346340732373,0.12768346340732373,0.0011890017714826985,0.007336130486525876,0.03542357507932891,0.3306989187915479,186,26880.0,1.0,0.12768346340732373,0.005751890774340706,0.12193157222676784,0.0,0.0,0.0,0.12768346340732373,0.12768346340732373,0.0011890017714826985,0.007336130486525876,0.03542357507932891,0.3306989187915479,0.04350087005564923,0.104334540905491,0.335107520543119,0.12768346340732373,0.12768346340732373,0.0011890017714826985,0.007336130486525876,0.03542357507932891,0.3306989187915479,0.04350087005564923,0.104334540905491,0.335107520543119,0.12768346340732373,0.005751890774340706,0.12193157222676784,0.0,0.0,0.0,1,0,294,294
base,77,77,102.13234496116638,0.0008476108710658509,0.0971811830233305,0.0937246843917757,0.007708107376009481,0.0860165771510866,0.001183209857210899,1.5565015089053373e-05,0.0,1.555120206587986e-07,2.7180168741087142e-06,0.007514103228832261,0.030120541795324057,2.85603702116466e-07,1.013279547106112e-06,0.004190181750151464,0.001,6.791839747726502e-05,1.0,1.0,0.011916886012141522,0.06746308104350017,0.05397046581865885,0.9996962761267637,0.9174679487179487,0.04278520103066395,0.0010928063326053575,9.040352746617432e-05,0.23214058578014374,0.3154701888561249,17.87399019748296,0.1,0.0001,0.0,0.005841621064429737,0.00012063779597047271,0.010289648659208901,0.0001817021725906266,0.010107946701538868,0.08600744789736903,0.007571830748556516,0.0784356172522928,26.230902582152275,30.914529914529915,1.0,0.0017244746952325616,0.00017811690243737152,0.17811689417586368,133.07691045907828,157.94871794871796,5.097399391136092,0.00046113797271441127,2.6901523594274177e-06,0.0026901522253313637,2,1e-06,32,64,32,0,1.0,0.0,9.880023002624512,11.20475959777832,10.688295364379883,0.43606433272361755,0.9957379698753357,-0.10030438750982285,0.5722253918647766,0.33290496468544006,256,64,256,0,1.0,0.0,0.053094878792762756,4.6534504890441895,0.6586024165153503,0.5457334518432617,0.9981482028961182,-0.9980775117874146,0.004362971521914005,0.5731952786445618,288,288,0,1.0,0.0,0.044751272967425725,0.12544920295476913,0.12544920295476913,0.0011540089345021926,0.0077671805754684475,0.037453120580614015,0.34284945493263586,186,26880.0,1.0,0.12544920295476913,0.005847560474649072,0.1196016437829809,0.0,0.0,0.0,0.12544920295476913,0.12544920295476913,0.0011540089345021926,0.0077671805754684475,0.037453120580614015,0.34284945493263586,0.044751272967425725,0.10761293228114804,0.3448924660201996,0.12544920295476913,0.12544920295476913,0.0011540089345021926,0.0077671805754684475,0.037453120580614015,0.34284945493263586,0.044751272967425725,0.10761293228114804,0.3448924660201996,0.12544920295476913,0.005847560474649072,0.1196016437829809,0.0,0.0,0.0,1,0,294,294
base,78,78,102.04627823829651,0.0008438508174347005,0.09798830524723753,0.09415695115796521,0.007632209289556322,0.08652474234501521,0.0011296185702642696,0.0,0.0,1.5536891042857962e-07,4.017177271340566e-06,0.010529543828362456,0.032969576012120284,3.0289881515049524e-07,1.013279547106112e-06,0.004291997619996118,0.001,7.033683215379001e-05,1.0,1.0,0.013036113733855577,0.06813695673377086,0.054509564756582946,0.9996968772676256,0.9169441940438035,0.04186168125169909,0.001052208438826104,7.741012266970391e-05,0.23213550448417664,0.31530922651290894,16.86972419255317,0.1,0.0001,0.0,0.005745976725513609,0.0001227559331531137,0.011099166340298124,0.0001907374502884017,0.010908428929809831,0.08583257665746233,0.007489156203830026,0.07834342077501819,26.94286597488273,30.923076923076923,1.0,0.001664782099179032,0.00015213015627585607,0.15213014936854696,135.14028157943335,159.2051282051282,5.1439357024243,0.00043963477996568015,2.6900891760239892e-06,0.0026900890545967296,2,1e-06,32,64,32,0,1.0,0.0,9.876118659973145,11.219529151916504,10.695077896118164,0.45006319880485535,0.9961142539978027,-0.10354083776473999,0.5710761547088623,0.3321422040462494,256,64,256,0,1.0,0.0,0.04391242191195488,6.133191108703613,0.6494767665863037,0.5581697225570679,0.9981017708778381,-0.9976202249526978,0.003152908757328987,0.5726869106292725,288,288,0,1.0,0.0,0.04529442867484464,0.1292983664477125,0.1292983664477125,0.0011150978203426968,0.008781752147917104,0.03916052249210176,0.3230107464697412,186,26880.0,1.0,0.1292983664477125,0.005243220747983519,0.12405514590283657,0.0,0.0,0.0,0.1292983664477125,0.1292983664477125,0.0011150978203426968,0.008781752147917104,0.03916052249210176,0.3230107464697412,0.04529442867484464,0.10871895502812119,0.32849461577271905,0.1292983664477125,0.1292983664477125,0.0011150978203426968,0.008781752147917104,0.03916052249210176,0.3230107464697412,0.04529442867484464,0.10871895502812119,0.32849461577271905,0.1292983664477125,0.005243220747983519,0.12405514590283657,0.0,0.0,0.0,1,0,294,294
base,79,79,102.54231762886047,0.0008400536049929166,0.09634728997181623,0.09358354352223568,0.007563465308700489,0.08602007911500768,0.0011455994164053765,0.0,0.0,1.552306458568979e-07,3.2518190455037206e-06,0.0034758684106726344,0.02540507333146201,3.067293017868276e-07,1.0132795500211591e-06,0.004205199481887568,0.001,7.269952498697734e-05,1.0,1.0,0.01275306426657316,0.06772705072011703,0.05418164117468728,0.9996957330622225,0.9169295873397436,0.042249890569693006,0.0010727606370495872,7.283877854734962e-05,0.23215171694755554,0.31514832377433777,15.900620968150015,0.1,0.0001,0.0,0.00568408851360536,0.00012257707629374697,0.010261656891586434,0.00018225485283849586,0.010079402189988356,0.0858873012356269,0.007426774171061623,0.07846052747251642,27.109117556840946,30.82051282051282,1.0,0.001696829924869359,0.00014296849911214592,0.1429684916113177,136.38114603156717,160.47863247863248,5.193997981611032,0.0004486913472398097,2.7090587394938752e-06,0.002709058614877554,2,1e-06,32,64,32,0,1.0,0.0,9.89781379699707,11.22752571105957,10.712597846984863,0.44696560502052307,0.9958343505859375,-0.09549262374639511,0.5829904675483704,0.32491227984428406,256,64,256,0,1.0,0.0,0.04342218488454819,3.798276424407959,0.6615042686462402,0.49453485012054443,0.9967203736305237,-0.9973422288894653,0.0018429517513141036,0.5704413652420044,288,288,0,1.0,0.0,0.04566871651738722,0.1264057327458199,0.1264057327458199,0.0011362476754893966,0.00863152131580958,0.03891899659779043,0.33279569210704935,186,26880.0,1.0,0.1264057327458199,0.005535937285922626,0.12086979648534288,0.0,0.0,0.0,0.1264057327458199,0.1264057327458199,0.0011362476754893966,0.00863152131580958,0.03891899659779043,0.33279569210704935,0.04566871651738722,0.110701085318641,0.33865590762066583,0.1264057327458199,0.1264057327458199,0.0011362476754893966,0.00863152131580958,0.03891899659779043,0.33279569210704935,0.04566871651738722,0.110701085318641,0.33865590762066583,0.1264057327458199,0.005535937285922626,0.12086979648534288,0.0,0.0,0.0,1,0,294,294
base,80,80,99.95936942100525,0.0008362196501476343,0.09625481909666306,0.0929028558680135,0.007432266218094234,0.0854705898807599,0.001101736448959917,0.0,0.0,1.5509949545771516e-07,4.172352112582973e-06,0.008721283023070512,0.02755562138831259,3.170509288726209e-07,1.0132795412760177e-06,0.004213835023200283,0.001,7.5e-05,1.0,1.0,0.012863996371021893,0.06762479904752511,0.05409983973790947,0.9996948313509297,0.9177037426549145,0.04164674346390952,0.0010267468229031716,7.498962521721196e-05,0.23222716152668,0.315008282661438,14.967636912154706,0.1,0.0001,0.0,0.0056447322285359995,0.00011893202387217859,0.00987821562677367,0.0001410077859321211,0.009737208358242981,0.08549419402057289,0.00732651038063515,0.07816768361207767,27.002825207180447,30.82051282051282,1.0,0.0016179299768076367,0.00014698539349861428,0.1469853861719115,135.62071958362546,159.82051282051282,5.165010706396969,0.0004355636714862134,2.993856874350719e-06,0.002993856739794087,2,1e-06,32,64,32,0,1.0,0.0,9.913483619689941,11.243387222290039,10.744246482849121,0.42810913920402527,0.996176540851593,-0.042611461132764816,0.6074883341789246,0.3113228976726532,256,64,256,0,1.0,0.0,0.03276805952191353,4.063300609588623,0.6479804515838623,0.4916536509990692,0.998496949672699,-0.9981857538223267,0.005585173610597849,0.5717090964317322,288,288,0,1.0,0.0,0.04104386882916573,0.12568284761398396,0.12568284761398396,0.0011003710629240153,0.007388540297641509,0.03532703332127302,0.3323118225220711,186,26880.0,1.0,0.12568284761398396,0.005487828659131489,0.12019501880128333,0.0,0.0,0.0,0.12568284761398396,0.12568284761398396,0.0011003710629240153,0.007388540297641509,0.03532703332127302,0.3323118225220711,0.04104386882916573,0.10110813469415711,0.3335483805026098,0.12568284761398396,0.12568284761398396,0.0011003710629240153,0.007388540297641509,0.03532703332127302,0.3323118225220711,0.04104386882916573,0.10110813469415711,0.3335483805026098,0.12568284761398396,0.005487828659131489,0.12019501880128333,0.0,0.0,0.0,1,0,294,294
base,81,81,101.46684789657593,0.0008323493733352072,0.09670529794743937,0.0935078712228017,0.007464777674271256,0.08604309338534999,0.0011074009891718817,0.0,0.0,1.5487727291345544e-07,3.836990537886459e-06,0.007270832343074756,0.027252280845856056,3.279897115765722e-07,1.0132795422477002e-06,0.0042336935179435415,0.001,7.723195175075135e-05,1.0,1.0,0.013064210561828481,0.06772705173899984,0.054181641556768335,0.9996957279678084,0.917655749198718,0.04201878842889753,0.0010386474174845358,6.875357255797324e-05,0.23226067423820496,0.31479784846305847,14.071692767190001,0.1,0.0001,0.0,0.005614829410870488,0.00012093754794944126,0.010407892557290884,0.0001829734995451748,0.010224919543307051,0.085701951613793,0.007327547547622369,0.07837440385523005,27.330990995097363,30.965811965811966,1.0,0.0016338244134273666,0.00013462212388194763,0.1346221173930372,135.69877595167893,159.53846153846155,5.145536009814994,0.0004434704297504778,2.8850218607339752e-06,0.002885021715082674,2,1e-06,32,64,32,0,1.0,0.0,9.929003715515137,11.256268501281738,10.756170272827148,0.4343254268169403,0.9958859086036682,-0.02185942977666855,0.617246150970459,0.29804956912994385,256,64,256,0,1.0,0.0,0.024173935875296593,5.096907615661621,0.6690475940704346,0.555885374546051,0.9981479048728943,-0.9979459047317505,0.0068625183776021,0.5675956606864929,288,288,0,1.0,0.0,0.042054227518258235,0.12468407525027052,0.12468407525027052,0.0010891446392943568,0.007376738929099614,0.03676795385532602,0.34344085305929184,186,26880.0,1.0,0.12468407525027052,0.005615682905896547,0.11906839241372778,0.0,0.0,0.0,0.12468407525027052,0.12468407525027052,0.0010891446392943568,0.007376738929099614,0.03676795385532602,0.34344085305929184,0.042054227518258235,0.10348997861948064,0.3422580576872313,0.12468407525027052,0.12468407525027052,0.0010891446392943568,0.007376738929099614,0.03676795385532602,0.34344085305929184,0.042054227518258235,0.10348997861948064,0.3422580576872313,0.12468407525027052,0.005615682905896547,0.11906839241372778,0.0,0.0,0.0,1,0,294,294
base,82,82,100.21781611442566,0.0008284431989751018,0.0964143360272432,0.09298204980854295,0.007363096128305436,0.08561895412002873,0.0010500041550049223,2.227210177060885e-06,0.0,1.5469984298325806e-07,3.4762077349905357e-06,0.008998976461191336,0.029596447220279112,3.3420578313908686e-07,1.0132795412760177e-06,0.004196946659427868,0.001,7.938926261462365e-05,1.0,1.0,0.013263796587498525,0.06791420748982674,0.05433136610011769,0.9996953041125567,0.9184507712339743,0.04083650928531957,0.0009797823497961857,7.02218048045169e-05,0.23228341341018677,0.3145981729030609,13.213672721958307,0.1,0.0001,0.0,0.005550227740890959,0.00011892705553582657,0.010078849446060311,0.00017158878155243702,0.009907260919228578,0.08542291291503824,0.007234404542141109,0.0781885084306073,27.246051364474827,30.76068376068376,1.0,0.0015409146913160116,0.0001374105250629055,0.13741051845061472,134.6805507382776,158.4017094017094,5.124013762521829,0.0004186500060376035,3.033083868622737e-06,0.0030330837282360108,2,1e-06,32,64,32,0,1.0,0.0,9.926209449768066,11.27529239654541,10.7776517868042,0.43384209275245667,0.9963593482971191,0.029341809451580048,0.6330779194831848,0.28567150235176086,256,64,256,0,1.0,0.0,0.04042278230190277,4.796049118041992,0.6555666923522949,0.5514925122261047,0.9964672923088074,-0.9967038631439209,0.008695848286151886,0.5716279149055481,288,288,0,1.0,0.0,0.0441225452488789,0.12491874048050414,0.12491874048050414,0.001021251534458567,0.007991272658835697,0.036643325741733276,0.3360214985065883,186,26880.0,1.0,0.12491874048050414,0.0058548816360850285,0.11906385929026503,0.0,0.0,0.0,0.12491874048050414,0.12491874048050414,0.001021251534458567,0.007991272658835697,0.036643325741733276,0.3360214985065883,0.0441225452488789,0.10469315112918935,0.3434946173301307,0.12491874048050414,0.12491874048050414,0.001021251534458567,0.007991272658835697,0.036643325741733276,0.3360214985065883,0.0441225452488789,0.10469315112918935,0.3434946173301307,0.12491874048050414,0.0058548816360850285,0.11906385929026503,0.0,0.0,0.0,1,0,294,294
base,83,83,100.94170618057251,0.000824501555423355,0.09749556065369876,0.09340210379953058,0.007530523284983177,0.08587158031952687,0.0010156742924959678,7.250620864140682e-06,0.0,1.544430919487699e-07,4.743845040632271e-06,0.013129814742849423,0.03514386469928118,3.5709012383690566e-07,1.0132795451627471e-06,0.004370863535481258,0.001,8.146601955249186e-05,1.0,1.0,0.013260490304798398,0.06737846228429395,0.0539027698433552,0.9996961365398179,0.9167188334668803,0.04040467621296899,0.0009388504679211312,7.682382482358724e-05,0.23222120106220245,0.3143310248851776,12.394423538654294,0.1,0.0001,0.0,0.005728569230996072,0.00012065766816540885,0.01022852536959526,0.0001222136247361827,0.010106311904059516,0.08573070964497378,0.007438863066431039,0.07829184639148223,26.79032345307179,30.82051282051282,1.0,0.0014676521731238079,0.00015092782990143308,0.1509278228140285,134.33147580399472,158.30769230769232,5.128596925517112,0.0004100487579921913,2.71982019903123e-06,0.002719820055187258,2,1e-06,32,64,32,0,1.0,0.0,9.991837501525879,11.28706169128418,10.819385528564453,0.4012320935726166,0.9965476989746094,0.08239536732435226,0.6637241840362549,0.26493507623672485,256,64,256,0,1.0,0.0,0.045977674424648285,4.525120258331299,0.628085196018219,0.548332929611206,0.9965242147445679,-0.9975735545158386,0.008269489742815495,0.5689752697944641,288,288,0,1.0,0.0,0.042739769073343405,0.12199290477214976,0.12199290477214976,0.0010709392112441996,0.007066930562848606,0.03436204067040836,0.35284945524988637,186,26880.0,1.0,0.12199290477214976,0.005972868366602888,0.11602003618757775,0.0,0.0,0.0,0.12199290477214976,0.12199290477214976,0.0010709392112441996,0.007066930562848606,0.03436204067040836,0.35284945524988637,0.042739769073343405,0.10407653833509133,0.3547311760084603,0.12199290477214976,0.12199290477214976,0.0010709392112441996,0.007066930562848606,0.03436204067040836,0.35284945524988637,0.042739769073343405,0.10407653833509133,0.3547311760084603,0.12199290477214976,0.005972868366602888,0.11602003618757775,0.0,0.0,0.0,1,0,294,294
base,84,84,100.0795111656189,0.0008205248749256009,0.0999111126885455,0.09394945146945807,0.0074143973378162096,0.08653505484008381,0.0010117871495775688,5.589169251103687e-07,0.0,1.544398009820305e-07,5.695038183596129e-06,0.023399403305827744,0.05218010322533102,3.7011732357750316e-07,1.0132795500211591e-06,0.004422710135352248,0.001,8.345653031794289e-05,1.0,1.0,0.013728379864946134,0.06740883639098233,0.053927069609491236,0.9996961217660171,0.9174408219818376,0.04002583593639553,0.0009356047739235,7.618237189171462e-05,0.23228126764297485,0.31457337737083435,11.614753717312682,0.1,0.0001,0.0,0.0056163970058640605,0.00011969382516964155,0.01077661351260976,0.00013276893828605485,0.010643844930534689,0.08586699127132057,0.007314820632609164,0.0785521711421828,26.846828216161484,30.871794871794872,1.0,0.0014691577804410178,0.00014954858899074726,0.1495485815227541,134.19761175171942,158.02564102564102,5.110588824103843,0.00040205177312724804,2.8161555600681277e-06,0.0028161554255037224,2,1e-06,32,64,32,0,1.0,0.0,9.986136436462402,11.295943260192871,10.8224515914917,0.4159005880355835,0.9961897134780884,0.06714016199111938,0.6630759239196777,0.2651557922363281,256,64,256,0,1.0,0.0,0.0015640375204384327,4.525119304656982,0.6184959411621094,0.5092298984527588,0.9972206950187683,-0.9972516298294067,0.002609990304335952,0.5705134272575378,288,288,0,1.0,0.0,0.0458240999479688,0.12664093314967256,0.12664093314967256,0.0010685077756940526,0.008506502794046756,0.03849068754953482,0.33510752104383,186,26880.0,1.0,0.12664093314967256,0.005671217923666885,0.12096971606320524,0.0,0.0,0.0,0.12664093314967256,0.12664093314967256,0.0010685077756940526,0.008506502794046756,0.03849068754953482,0.33510752104383,0.0458240999479688,0.10700003155857644,0.3379569825946644,0.12664093314967256,0.12664093314967256,0.0010685077756940526,0.008506502794046756,0.03849068754953482,0.33510752104383,0.0458240999479688,0.10700003155857644,0.3379569825946644,0.12664093314967256,0.005671217923666885,0.12096971606320524,0.0,0.0,0.0,1,0,294,294
base,85,85,100.13775706291199,0.000816513593569669,0.09655871446061338,0.09353919664763996,0.007289135238577603,0.08625006191750877,0.0010563360321192215,8.272333468636896e-07,0.00061788104283504,1.545410917033301e-07,2.9702027816595102e-06,0.006085758882526977,0.02645062257209395,3.5310691520977406e-07,1.013279547106112e-06,0.004125033593816189,0.001,8.535533905932738e-05,1.0,1.0,0.012874564084296044,0.06746585304156327,0.05397268215942587,0.9996955211345966,0.9183610443376068,0.04061947431829241,0.000981451948491745,7.488408092231267e-05,0.232385516166687,0.3144361674785614,10.87543269791649,0.1,0.0001,0.0,0.005507225851313426,0.00011882603479550284,0.010873833782652505,0.00013999766709967557,0.010733836226993136,0.08538382131065059,0.007184136988252847,0.07819968461990356,26.959654530908306,30.752136752136753,1.0,0.001547572886547408,0.00014601943910701008,0.14601943227979872,134.05262052095853,157.68376068376068,5.102186342278847,0.0004153310059585696,3.7487227347001963e-06,0.0037487225654797675,2,1e-06,32,64,32,0,1.0,0.0,10.000370025634766,11.307275772094727,10.83095932006836,0.4176696538925171,0.9961202144622803,0.07313990592956543,0.6685923933982849,0.26061975955963135,256,64,256,0,1.0,0.0,0.04719335585832596,3.0034704208374023,0.6282826662063599,0.47606346011161804,0.9968348741531372,-0.9963277578353882,0.002864950569346547,0.5739344954490662,288,288,0,1.0,0.0,0.04501270428199761,0.12528893256441076,0.12528893256441076,0.0010661453818605142,0.008449751813645644,0.03815651440902824,0.33462364819421564,186,26880.0,1.0,0.12528893256441076,0.00573360079780538,0.11955533224217435,0.0,0.0,0.0,0.12528893256441076,0.12528893256441076,0.0010661453818605142,0.008449751813645644,0.03815651440902824,0.33462364819421564,0.04501270428199761,0.10880257401575325,0.3358064453287791,0.12528893256441076,0.12528893256441076,0.0010661453818605142,0.008449751813645644,0.03815651440902824,0.33462364819421564,0.04501270428199761,0.10880257401575325,0.3358064453287791,0.12528893256441076,0.00573360079780538,0.11955533224217435,0.0,0.0,0.0,1,0,294,294
base,86,86,100.33244442939758,0.0008124681512377632,0.09583169559382984,0.09258871315381466,0.007374063203843613,0.0852146501469816,0.0010196166759770778,2.8283470588871555e-06,0.0,1.543770377097683e-07,4.111851852222089e-06,0.007842583138034003,0.02871818733839398,3.6957850022499537e-07,1.0132795441910648e-06,0.00422873887189656,0.001,8.715724127386973e-05,1.0,1.0,0.013664389996287914,0.06755720817635202,0.05404576695818677,0.9996961406153492,0.9176849626068376,0.03991515848499078,0.0009384052474728316,8.121142701174204e-05,0.2324763536453247,0.3142835795879364,10.177190101052531,0.1,0.0001,0.0,0.005589506205800189,0.0001200184186360337,0.009782806420937562,0.00012587734426443392,0.00965692956223447,0.0852516082744313,0.007279655193655282,0.07797195297530574,26.569531057634926,30.803418803418804,1.0,0.0014768660199852325,0.00015884801137468053,0.15884800446339142,132.73477270664313,156.67521367521368,5.075767771860653,0.0003999444702341675,3.574842240696954e-06,0.003574842061751928,2,1e-06,32,64,32,0,1.0,0.0,10.050010681152344,11.317049026489258,10.858884811401367,0.395341694355011,0.9964647889137268,0.11243777722120285,0.6882725358009338,0.24785512685775757,256,64,256,0,1.0,0.0,0.039111264050006866,2.992067575454712,0.6107642650604248,0.4727526307106018,0.9969809055328369,-0.9981077909469604,0.009820445440709591,0.5720370411872864,288,288,0,1.0,0.0,0.046835689404879206,0.12272139971560621,0.12272139971560621,0.0010252217526864657,0.010304926192357896,0.04276641121544745,0.35801074581761516,186,26880.0,1.0,0.12272139971560621,0.005867536021198364,0.11685386284234676,0.0,0.0,0.0,0.12272139971560621,0.12272139971560621,0.0010252217526864657,0.010304926192357896,0.04276641121544745,0.35801074581761516,0.046835689404879206,0.11086906618889301,0.3526344015713661,0.12272139971560621,0.12272139971560621,0.0010252217526864657,0.010304926192357896,0.04276641121544745,0.35801074581761516,0.046835689404879206,0.11086906618889301,0.3526344015713661,0.12272139971560621,0.005867536021198364,0.11685386284234676,0.0,0.0,0.0,1,0,294,294
base,87,87,102.16642594337463,0.000808388991558223,0.09906892185537224,0.09344703614966482,0.007497449777622381,0.08594958719789472,0.0010182854647819812,1.5199526698670836e-05,0.0,1.5429089988924522e-07,5.280741239069369e-06,0.02166419675420476,0.04843189654887742,3.857056381103288e-07,1.0132795432193825e-06,0.004329327585446274,0.001,8.885729807284856e-05,1.0,1.0,0.014020916074514389,0.06813695651089025,0.05450956478842303,0.9996968742109772,0.9162222055288461,0.039769471392162845,0.0009253334500787095,9.295201750171697e-05,0.23250477015972137,0.31444206833839417,9.52071500786408,0.1,0.0001,0.0,0.00564855677035884,0.00012193948114300784,0.010565705788441194,0.00017373952377810437,0.010391965890542055,0.08552275725409515,0.007367145132798797,0.07815561252526748,25.969384495009724,30.803418803418804,1.0,0.0014539854212974508,0.00018265712990089215,0.1826571215931167,132.02211344140207,157.02564102564102,5.088043184385572,0.0003966814820937271,3.2469045933802177e-06,0.0032469044383774456,2,1e-06,32,64,32,0,1.0,0.0,10.058048248291016,11.324066162109375,10.872488975524902,0.39394229650497437,0.9968698620796204,0.1299314945936203,0.6976814866065979,0.23891371488571167,256,64,256,0,1.0,0.0,0.04930051416158676,3.1168649196624756,0.61610347032547,0.48109832406044006,0.9964300990104675,-0.9959037899971008,0.005449223332107067,0.572340726852417,288,288,0,1.0,0.0,0.042894507968618024,0.12250809038573122,0.12250809038573122,0.001026911948351784,0.008505093937073785,0.03880109821611474,0.35333332586632943,186,26880.0,1.0,0.12250809038573122,0.005687192260743456,0.11682089846184913,0.0,0.0,0.0,0.12250809038573122,0.12250809038573122,0.001026911948351784,0.008505093937073785,0.03880109821611474,0.35333332586632943,0.042894507968618024,0.1058975263068112,0.3501612836475013,0.12250809038573122,0.12250809038573122,0.001026911948351784,0.008505093937073785,0.03880109821611474,0.35333332586632943,0.042894507968618024,0.1058975263068112,0.3501612836475013,0.12250809038573122,0.005687192260743456,0.11682089846184913,0.0,0.0,0.0,1,0,294,294
base,88,88,100.21896457672119,0.0008042765618568752,0.09734846969954988,0.09322561056185992,0.007333786218849002,0.08589182494797258,0.0010300522688059853,5.844725757582575e-07,0.0,1.545287810949569e-07,4.311639480392979e-06,0.012445495161426883,0.036945645689454853,3.8924782731514943e-07,1.0132795461344297e-06,0.0042922155569410985,0.001,9.045084971874738e-05,1.0,1.0,0.013405692373585498,0.06753537740208145,0.05402830255846692,0.9996957396849607,0.9172843215811965,0.0400889332477863,0.0009459885674067097,8.406370394897019e-05,0.23257048428058624,0.31454846262931824,8.906655280010895,0.1,0.0001,0.0,0.005561130758152049,0.00012033638760731576,0.010673457231277075,9.983572830310745e-05,0.010573621489043929,0.08522051782944264,0.007258909424114176,0.07796160883118963,26.447568795619866,30.82051282051282,1.0,0.0014889407634305267,0.00016543065517659212,0.16543064769516644,133.59856281117496,157.5897435897436,5.098366028632212,0.00040303636516412545,2.6967526739787363e-06,0.0026967525482177734,2,1e-06,32,64,32,0,1.0,0.0,10.069717407226562,11.332447052001953,10.890108108520508,0.3823242783546448,0.9963083267211914,0.13506223261356354,0.7114543914794922,0.22811634838581085,256,64,256,0,1.0,0.0,0.040140267461538315,3.5984816551208496,0.5941755771636963,0.44150036573410034,0.9960815906524658,-0.9962945580482483,0.0037956777960062027,0.5729673504829407,288,288,0,1.0,0.0,0.04607375598041921,0.12842313469724453,0.12842313469724453,0.001037416315855498,0.009250855477656968,0.04008353559640787,0.32349461791736467,186,26880.0,1.0,0.12842313469724453,0.005165831059554315,0.12325730222336789,0.0,0.0,0.0,0.12842313469724453,0.12842313469724453,0.001037416315855498,0.009250855477656968,0.04008353559640787,0.32349461791736467,0.04607375598041921,0.10849328287025933,0.326290315597929,0.12842313469724453,0.12842313469724453,0.001037416315855498,0.009250855477656968,0.04008353559640787,0.32349461791736467,0.04607375598041921,0.10849328287025933,0.326290315597929,0.12842313469724453,0.005165831059554315,0.12325730222336789,0.0,0.0,0.0,1,0,294,294
base,89,89,101.08900165557861,0.0008001313131079794,0.09555325147687879,0.09249080055289799,0.007402004553681701,0.08508879634050223,0.001018575813052141,6.48427372559523e-07,0.0,1.545951582968875e-07,3.909226881653486e-06,0.006715478322818939,0.0274258366602863,3.861939085638377e-07,1.0132795558512532e-06,0.004189773031876573,0.001,9.193352839727121e-05,1.0,1.0,0.013409823827986788,0.06740883658202286,0.05392706919557009,0.999696114124396,0.9170923477564102,0.0398464799245708,0.0009285040731088091,9.007173667847911e-05,0.2326340526342392,0.3145364224910736,8.33561692030806,0.1,0.0001,0.0,0.005576093325940654,0.00012059142503329716,0.009838577519115219,0.00017248246914301164,0.009666094922611857,0.08511186728620121,0.007272642697844432,0.07783922502118298,26.167024873260758,30.871794871794872,1.0,0.0014586137949974618,0.00017727728317189228,0.17727727563972148,132.25118477324136,156.5982905982906,5.057136671560285,0.0003983943556976688,2.8661888174229894e-06,0.0028661886850992837,2,1e-06,32,64,32,0,1.0,0.0,10.08592700958252,11.33896255493164,10.89997673034668,0.38354745507240295,0.9968106746673584,0.14819268882274628,0.7170697450637817,0.22517114877700806,256,64,256,0,1.0,0.0,0.04044090583920479,4.025655746459961,0.5998951196670532,0.49521827697753906,0.9963942170143127,-0.9973620772361755,0.00572258559986949,0.5744469165802002,288,288,0,1.0,0.0,0.045035334063633796,0.1235614667864556,0.1235614667864556,0.0010410588670601237,0.008850245185131307,0.040136057845947724,0.3494623588217843,186,26880.0,1.0,0.1235614667864556,0.0057231785353035365,0.1178382877656754,0.0,0.0,0.0,0.1235614667864556,0.1235614667864556,0.0010410588670601237,0.008850245185131307,0.040136057845947724,0.3494623588217843,0.045035334063633796,0.10740556145307198,0.3436021446701019,0.1235614667864556,0.1235614667864556,0.0010410588670601237,0.008850245185131307,0.040136057845947724,0.3494623588217843,0.045035334063633796,0.10740556145307198,0.3436021446701019,0.1235614667864556,0.0057231785353035365,0.1178382877656754,0.0,0.0,0.0,1,0,294,294
base,90,90,100.13663029670715,0.0007959536998847737,0.09848989406202593,0.09404824922482173,0.00731098628602922,0.08673726296068257,0.0009715663668158281,6.624147232271667e-06,0.0,1.5449602993325024e-07,4.248541768692255e-06,0.015129656376691265,0.03900196185160396,3.907853960048024e-07,1.0132795529362063e-06,0.004177564851099896,0.001,9.330127018922194e-05,1.0,1.0,0.013153690956214555,0.06739699690897241,0.05391759694450431,0.9996964096004127,0.9171549479166666,0.03905147161239233,0.0008813883690362494,9.017799886786299e-05,0.2327956259250641,0.3144587278366089,7.808163474674291,0.1,0.0001,0.0,0.0055313547506021,0.00011988758696810319,0.011561747799571762,0.0001267741760637006,0.011434973814548591,0.08537693843882307,0.007215905653981444,0.07816103285449183,26.071323541494515,30.931623931623932,1.0,0.0013794951622461916,0.00017789870492604552,0.1778986963451418,131.67580130161383,156.25641025641025,5.04382060540292,0.00038328157980631816,2.4572927853883953e-06,0.0024572926708775708,2,1e-06,32,64,32,0,1.0,0.0,10.104445457458496,11.343892097473145,10.910198211669922,0.37985920906066895,0.9968931674957275,0.17263668775558472,0.7335599064826965,0.21217919886112213,256,64,256,0,1.0,0.0,0.03422597050666809,4.0256571769714355,0.5866371393203735,0.48427116870880127,0.996648907661438,-0.9958204627037048,0.0050439913757145405,0.573800802230835,288,288,0,1.0,0.0,0.04723144343663608,0.12420226411616549,0.12420226411616549,0.0010223513050500225,0.009406467636180941,0.04281276661992794,0.34989246609871105,186,26880.0,1.0,0.12420226411616549,0.005790094039997363,0.11841217111399834,0.0,0.0,0.0,0.12420226411616549,0.12420226411616549,0.0010223513050500225,0.009406467636180941,0.04281276661992794,0.34989246609871105,0.04723144343663608,0.11147901121406786,0.34564515435567467,0.12420226411616549,0.12420226411616549,0.0010223513050500225,0.009406467636180941,0.04281276661992794,0.34989246609871105,0.04723144343663608,0.11147901121406786,0.34564515435567467,0.12420226411616549,0.005790094039997363,0.11841217111399834,0.0,0.0,0.0,1,0,294,294
base,91,91,98.82183599472046,0.0007917441803096255,0.09693648653407382,0.0929958784682119,0.0072531673289103135,0.08574271253031543,0.0010686737209614208,0.0002727192193747331,0.0,1.5440355613634924e-07,3.0113545111412977e-06,0.00836869134939809,0.035239160952405035,3.8845718145297815e-07,1.0132795461344297e-06,0.004097753079034961,0.001,9.45503262094184e-05,1.0,1.0,0.012914908592167318,0.06739699659057152,0.05391759748578581,0.9996964106192956,0.9185321514423077,0.040827287790867,0.000953826027460651,0.00011484769123091968,0.23292072117328644,0.3143354654312134,7.324815475980207,0.1,0.0001,0.0,0.005479095692738381,0.00011734383479362696,0.010323462323245838,0.00015378612865749587,0.010169677245311247,0.08525328217153876,0.007137827732417191,0.078115454596332,24.866619126409546,30.376068376068375,1.0,0.0014890756340633728,0.00022749830563214378,0.22749829496073926,128.5088120158921,152.63247863247864,5.010140646045037,0.0004185764265791951,2.197076216321082e-06,0.002197076112796099,2,1e-06,32,64,32,0,1.0,0.0,10.137346267700195,11.343537330627441,10.927767753601074,0.36656057834625244,0.9969240427017212,0.2231777310371399,0.7473483681678772,0.20000915229320526,256,64,256,0,1.0,0.0,0.04969270899891853,3.6253554821014404,0.5796840190887451,0.40415316820144653,0.997839093208313,-0.9911733865737915,0.0064016287215054035,0.5582308173179626,288,288,0,1.0,0.0,0.042566465684563244,0.12661736981665833,0.12661736981665833,0.00127151834610057,0.007959012435974492,0.03602482830875263,0.34139784153110236,186,26880.0,1.0,0.12661736981665833,0.005559173851036169,0.12105819662200644,0.0,0.0,0.0,0.12661736981665833,0.12661736981665833,0.00127151834610057,0.007959012435974492,0.03602482830875263,0.34139784153110236,0.042566465684563244,0.10154393962233939,0.33564515347762774,0.12661736981665833,0.12661736981665833,0.00127151834610057,0.007959012435974492,0.03602482830875263,0.34139784153110236,0.042566465684563244,0.10154393962233939,0.33564515347762774,0.12661736981665833,0.005559173851036169,0.12105819662200644,0.0,0.0,0.0,1,0,294,294
base,92,92,100.77088904380798,0.0007875032160037932,0.09853301643051653,0.09445554215429175,0.007354744241381876,0.08710079831190598,0.0011967827394827562,0.00010410280754932991,0.0006631057486574874,1.544534949017229e-07,4.214982087635347e-06,0.009678707418278752,0.03550317719515063,4.051948998247674e-07,1.0132795422477002e-06,0.004224426618032954,0.001,9.567727288213006e-05,1.0,1.0,0.013731693291766012,0.06750886575279073,0.0540070928251132,0.9996968013608557,0.9176995693108975,0.04304323520543229,0.001054597313567582,0.00014218542056703445,0.23337367177009583,0.314576655626297,6.886049930345204,0.1,0.0001,0.0,0.005544618010903016,0.00012121080236773615,0.010971053543253841,0.00011294472835257521,0.010858109873584192,0.0862272516784505,0.00727003569710745,0.07895721590671784,23.500605020767605,29.572649572649574,1.0,0.0016452802581967325,0.0002820748138927027,0.2820748019422221,123.97231126442934,148.12820512820514,4.993792613186266,0.0004639143684409304,2.296026049111982e-06,0.0022960259364201473,2,1e-06,32,64,32,0,1.0,0.0,10.172621726989746,11.352794647216797,10.938446998596191,0.3607144355773926,0.9965841770172119,0.18374109268188477,0.7493175268173218,0.2009870857000351,256,64,256,0,1.0,0.0,0.055291250348091125,3.3717730045318604,0.61473548412323,0.4411281645298004,0.9972692131996155,-0.9926244020462036,1.5619982150383294e-05,0.5684711933135986,288,288,0,1.0,0.0,0.042055401435342206,0.12400181052532602,0.12400181052532602,0.0011173837974251426,0.007815871059441419,0.036661676113663985,0.3472580567442922,186,26880.0,1.0,0.12400181052532602,0.005850954788756814,0.11815085705924541,0.0,0.0,0.0,0.12400181052532602,0.12400181052532602,0.0011173837974251426,0.007815871059441419,0.036661676113663985,0.3472580567442922,0.042055401435342206,0.10369459311327626,0.34983870250883925,0.12400181052532602,0.12400181052532602,0.0011173837974251426,0.007815871059441419,0.036661676113663985,0.3472580567442922,0.042055401435342206,0.10369459311327626,0.34983870250883925,0.12400181052532602,0.005850954788756814,0.11815085705924541,0.0,0.0,0.0,1,0,294,294
base,93,93,98.24036598205566,0.0007832312720368042,0.0974487334362462,0.09329934653818098,0.007165169797073572,0.08613417813411126,0.0010795532292925203,2.915792278627045e-05,0.0,1.5481304373687223e-07,5.263668683307097e-06,0.012640078527689712,0.03552533130551505,4.0146357683628844e-07,1.0132795451627471e-06,0.004142059655024264,0.001,9.667902132486009e-05,1.0,1.0,0.013922890345764976,0.0676860096745002,0.054148808073921084,0.9996965502062415,0.9185446714743589,0.041205949826627716,0.0009523379107992937,0.00012721531836885132,0.23365120589733124,0.3149759769439697,6.492299846390024,0.1,0.0001,0.0,0.005412456064094973,0.00011690000327588577,0.010413416939922888,0.00013282397188819372,0.010280593847617125,0.08548928370587847,0.007065551817162424,0.07842373274839841,24.241399178138145,29.94871794871795,1.0,0.0014787631598898233,0.000252170085386596,0.25217007368038863,125.14489504822299,149.87179487179486,4.994395914682878,0.00042591265922125714,2.2605505837204833e-06,0.0022605504745092145,2,1e-06,32,64,32,0,1.0,0.0,10.091714859008789,11.365257263183594,10.945466995239258,0.3677515387535095,0.9970061779022217,0.15942153334617615,0.7487753629684448,0.20598483085632324,256,64,256,0,1.0,0.0,0.0428624264895916,5.149539470672607,0.5715527534484863,0.4157848656177521,0.9965265393257141,-0.9967988729476929,-0.0017401518998667598,0.5802134871482849,288,288,0,1.0,0.0,0.042923333649072914,0.12683307157551987,0.12683307157551987,0.0010377662194437011,0.00817184714582919,0.03799375301847855,0.33575268097782646,186,26880.0,1.0,0.12683307157551987,0.005404005466187571,0.12142906480647148,0.0,0.0,0.0,0.12683307157551987,0.12683307157551987,0.0010377662194437011,0.00817184714582919,0.03799375301847855,0.33575268097782646,0.042923333649072914,0.10427075382121788,0.3312365524070237,0.12683307157551987,0.12683307157551987,0.0010377662194437011,0.00817184714582919,0.03799375301847855,0.33575268097782646,0.042923333649072914,0.10427075382121788,0.3312365524070237,0.12683307157551987,0.005404005466187571,0.12142906480647148,0.0,0.0,0.0,1,0,294,294
base,94,94,99.7190637588501,0.0007789288168754548,0.0965534903936916,0.09342144295955315,0.007365555968135595,0.08605588736951861,0.0010039087217778731,0.0001116426160129217,0.0,1.5506555252757715e-07,3.3712921755519096e-06,0.00562141259582952,0.02907897414177911,4.0607865727185765e-07,1.0132795558512532e-06,0.004152266985267146,0.001,9.755282581475769e-05,1.0,1.0,0.012895357810979726,0.06750886568911055,0.05400709245895219,0.9996968033986214,0.9172571948450855,0.0401198838192683,0.0008838527008063263,0.00012005602150014203,0.23381833732128143,0.315041720867157,6.143953807909497,0.1,0.0001,0.0,0.005574590728506764,0.0001195133111176467,0.010463037042536287,0.0001335778257722019,0.010329459467504779,0.08557416536869147,0.007265372599801446,0.07830879276889002,24.438580912402553,30.316239316239315,1.0,0.0013639420493800417,0.00023781132264188133,0.23781131067846575,124.74573197324052,149.82905982905982,4.9344388698931,0.00040376334825260006,2.3007210463538672e-06,0.002300720948439378,2,1e-06,32,64,32,0,1.0,0.0,10.202136993408203,11.359747886657715,10.97754192352295,0.3464728891849518,0.9970983266830444,0.21231213212013245,0.7716673016548157,0.19120550155639648,256,64,256,0,1.0,0.0,0.03575568273663521,5.149542331695557,0.5502949357032776,0.4268835783004761,0.9974079728126526,-0.991858184337616,0.0072774686850607395,0.5755700469017029,288,288,0,1.0,0.0,0.044076193865108235,0.12629228782780627,0.12629228782780627,0.001061247026379359,0.008974412247733843,0.038179982809089526,0.3417741868204327,186,26880.0,1.0,0.12629228782780627,0.00563799491290875,0.12065429240465164,0.0,0.0,0.0,0.12629228782780627,0.12629228782780627,0.001061247026379359,0.008974412247733843,0.038179982809089526,0.3417741868204327,0.044076193865108235,0.10599525667406538,0.33930106781503205,0.12629228782780627,0.12629228782780627,0.001061247026379359,0.008974412247733843,0.038179982809089526,0.3417741868204327,0.044076193865108235,0.10599525667406538,0.33930106781503205,0.12629228782780627,0.00563799491290875,0.12065429240465164,0.0,0.0,0.0,1,0,294,294
base,95,95,101.66700315475464,0.0007745963223324379,0.0981998272303842,0.09377474567064872,0.007414327381162817,0.08636041896210776,0.0011036471801045805,0.000207547651619738,0.0,1.551926405656761e-07,5.564475641469868e-06,0.011889895389421692,0.03848957357944077,4.1835031387443013e-07,1.0132795519645238e-06,0.0042457048220034595,0.001,9.829629131445342e-05,1.0,1.0,0.014410765714242928,0.06750634459094104,0.05400507575553706,0.9996965868860228,0.9173657017895299,0.041390085354065284,0.0009435664854434311,0.000160080694536774,0.23434408009052277,0.3154107332229614,5.841355590387291,0.1,0.0001,0.0,0.005593010787573508,0.00012206368805153064,0.01034192753653241,0.00011720934198198156,0.010224718313950758,0.0860183000819296,0.007326420372686325,0.0786918802266447,22.636749935965252,28.623931623931625,1.0,0.0014571586313347022,0.00031835277456368326,0.3183527604127542,121.88175377478966,145.0940170940171,5.053115820344174,0.0004299743412934148,1.8086128473162087e-06,0.001808612774579953,2,1e-06,32,64,32,0,1.0,0.0,10.233602523803711,11.371996879577637,10.981887817382812,0.3489219844341278,0.9966723918914795,0.20164820551872253,0.7739748358726501,0.19167789816856384,256,64,256,0,1.0,0.0,0.05595669522881508,4.524389743804932,0.5530394315719604,0.38665130734443665,0.9974014163017273,-0.9887843132019043,0.0008889023447409272,0.5738101601600647,288,288,0,1.0,0.0,0.04288198569068505,0.12248402865643197,0.12248402865643197,0.001133777933106064,0.008017504073288892,0.03727424305723479,0.35983870174455385,186,26880.0,1.0,0.12248402865643197,0.005755410470226978,0.11672861874103546,0.0,0.0,0.0,0.12248402865643197,0.12248402865643197,0.001133777933106064,0.008017504073288892,0.03727424305723479,0.35983870174455385,0.04288198569068505,0.10353316725181635,0.3557526812117587,0.12248402865643197,0.12248402865643197,0.001133777933106064,0.008017504073288892,0.03727424305723479,0.35983870174455385,0.04288198569068505,0.10353316725181635,0.3557526812117587,0.12248402865643197,0.005755410470226978,0.11672861874103546,0.0,0.0,0.0,1,0,294,294
base,96,96,101.01152992248535,0.0007702342635146028,0.10138635120840155,0.09510192650760341,0.007329977832885825,0.08777194845880198,0.0010892087374774055,2.1373164545521777e-05,0.0,1.5568754730614654e-07,7.623482082994418e-06,0.024393000864845693,0.05468250581851372,4.1792302517428146e-07,1.0132795500211591e-06,0.004215152892900997,0.001,9.890738003669029e-05,1.0,1.0,0.014452169482142497,0.06742373086575769,0.053938984584349856,0.999691267298837,0.9177350427350427,0.04119306124555759,0.0009306352262178229,0.0001585735089586387,0.23476196825504303,0.3158840835094452,5.5848038217309615,0.1,0.0001,0.0,0.005491921789625771,0.00011891215092321692,0.011758950530973256,0.00018161918538121076,0.011577331102811374,0.08628271303625189,0.00719376344484492,0.07908894987697275,22.670202687255337,28.367521367521366,1.0,0.0014361967392361318,0.00031536166470609285,0.3153616505810338,120.80936488127097,144.75213675213675,5.073560976329637,0.00042507370822450035,1.7853517568189409e-06,0.0017853516798753005,2,1e-06,32,64,32,0,1.0,0.0,10.202906608581543,11.37600040435791,10.980851173400879,0.34949520230293274,0.9964573383331299,0.19891968369483948,0.7729772925376892,0.19391730427742004,256,64,256,0,1.0,0.0,0.04048624634742737,4.524389743804932,0.5463943481445312,0.3735475540161133,0.9969176650047302,-0.9961419701576233,-0.0009077832219190896,0.588560163974762,288,288,0,1.0,0.0,0.045306827166988965,0.12702180968320115,0.12702180968320115,0.0010885174765172315,0.00865339318926256,0.03884267797493326,0.34284945555351753,186,26880.0,1.0,0.12702180968320115,0.005403946787911527,0.12161786362845847,0.0,0.0,0.0,0.12702180968320115,0.12702180968320115,0.0010885174765172315,0.00865339318926256,0.03884267797493326,0.34284945555351753,0.045306827166988965,0.10779342680208144,0.33698924126163604,0.12702180968320115,0.12702180968320115,0.0010885174765172315,0.00865339318926256,0.03884267797493326,0.34284945555351753,0.045306827166988965,0.10779342680208144,0.33698924126163604,0.12702180968320115,0.005403946787911527,0.12161786362845847,0.0,0.0,0.0,1,0,294,294
base,97,97,101.52010440826416,0.000765843118770855,0.0964483948599579,0.09333602313557242,0.0073471270565293794,0.08598889627008356,0.0010820852287121627,0.0,0.0,1.5608835668992984e-07,3.6517482610600023e-06,0.006181324959501752,0.028234780758109868,4.1572603511242096e-07,1.0132795529362063e-06,0.004172814692545714,0.001,9.938441702975689e-05,1.0,1.0,0.013973822474925436,0.06769460793106984,0.05415568725229838,0.999696116671603,0.9177183493589743,0.04108402632877358,0.0009348876610135612,0.00014719756359421514,0.23522129654884338,0.3161714971065521,5.374551687562306,0.1,0.0001,0.0,0.0055078185704719815,0.0001211544956440309,0.010279303432529809,0.00016099507482642803,0.010118308739784436,0.08562654530645436,0.007226380746429548,0.07840016484260559,23.22191311762883,28.70940170940171,1.0,0.0014463623131935794,0.00029263095310829487,0.292630939402132,124.04463140373556,147.991452991453,5.1331685720459825,0.00042341300833604147,1.7641753087063134e-06,0.0017641752194135617,2,1e-06,32,64,32,0,1.0,0.0,10.269248008728027,11.380805015563965,10.988300323486328,0.3443509340286255,0.9967498779296875,0.200263112783432,0.7748252749443054,0.19367815554141998,256,64,256,0,1.0,0.0,0.034973304718732834,1.369116187095642,0.5194123387336731,0.23512764275074005,0.9980062246322632,-0.9964444637298584,-0.0007670852355659008,0.5908199548721313,288,288,0,1.0,0.0,0.04835487276776343,0.12637180882565519,0.12637180882565519,0.001042616811204464,0.009332653406697014,0.04309910296973202,0.34209676819943613,186,26880.0,1.0,0.12637180882565519,0.005584520347257878,0.1207872893899045,0.0,0.0,0.0,0.12637180882565519,0.12637180882565519,0.001042616811204464,0.009332653406697014,0.04309910296973202,0.34209676819943613,0.04835487276776343,0.11424472124906637,0.3392473050663548,0.12637180882565519,0.12637180882565519,0.001042616811204464,0.009332653406697014,0.04309910296973202,0.34209676819943613,0.04835487276776343,0.11424472124906637,0.3392473050663548,0.12637180882565519,0.005584520347257878,0.1207872893899045,0.0,0.0,0.0,1,0,294,294
base,98,98,100.08429837226868,0.0007614233696396991,0.09601912615645646,0.09286001795886928,0.007262943684656778,0.08559707469410366,0.0009883335487057383,2.4855168711425913e-06,0.0,1.5626408714765563e-07,3.6599773858452086e-06,0.007381091475920577,0.0285955719395071,4.014139572685745e-07,1.0132795558512532e-06,0.004015004018552474,0.001,9.972609476841367e-05,1.0,1.0,0.013487207122210763,0.06740883677306338,0.05392706937069058,0.9996961202376928,0.9186427450587606,0.03940683090661326,0.0008454110745030144,0.00014292247283459507,0.23544152081012726,0.31626543402671814,5.2108066813537,0.1,0.0001,0.0,0.005488941185255973,0.00011824640328125256,0.010144993790194519,0.0001374074639991308,0.010007586234655136,0.08525127280726393,0.007159888085662427,0.07809138501811232,23.306138649964943,29.034188034188034,1.0,0.0013016943658630436,0.0002842274545214306,0.2842274404998518,122.36190525283162,146.5042735042735,5.027181025813255,0.0003891277806554786,1.6174908054843897e-06,0.001617490735828367,2,1e-06,32,64,32,0,1.0,0.0,10.224390029907227,11.372313499450684,10.989155769348145,0.3424477279186249,0.9970716238021851,0.21788176894187927,0.782725989818573,0.18850362300872803,256,64,256,0,1.0,0.0,0.0325608029961586,1.9920897483825684,0.48910999298095703,0.24072328209877014,0.9965014457702637,-0.9964183568954468,-0.0002062620042124763,0.586807906627655,288,288,0,1.0,0.0,0.04720713961268625,0.12350322940248123,0.12350322940248123,0.0010168526935926143,0.009047819019210155,0.04035352352225492,0.3516666598177405,186,26880.0,1.0,0.12350322940248123,0.005816460121423006,0.11768676958819653,0.0,0.0,0.0,0.12350322940248123,0.12350322940248123,0.0010168526935926143,0.009047819019210155,0.04035352352225492,0.3516666598177405,0.04720713961268625,0.11229308650538486,0.3528494562513085,0.12350322940248123,0.12350322940248123,0.0010168526935926143,0.009047819019210155,0.04035352352225492,0.3516666598177405,0.04720713961268625,0.11229308650538486,0.3528494562513085,0.12350322940248123,0.005816460121423006,0.11768676958819653,0.0,0.0,0.0,1,0,294,294
base,99,99,104.31178665161133,0.0007569755007964334,0.096765968343641,0.09327916514415008,0.007322673924649373,0.08595649051105875,0.0009556903855071173,1.9831240622915775e-06,0.0,1.5642001824095428e-07,4.672788968410509e-06,0.009571979523827441,0.0314302096923447,4.2024019722396036e-07,1.0132795490494766e-06,0.004195143601013363,0.001,9.99314767377287e-05,1.0,1.0,0.014762476930378849,0.06742373124783875,0.05393898474355029,0.9996912693366026,0.9174324752938035,0.03894701600074768,0.000823746232363658,0.00013194415289470847,0.23586291074752808,0.31653207540512085,5.093730399657101,0.1,0.0001,0.0,0.005515965608219242,0.00012245949363158358,0.010841668671012944,0.00011782753321095409,0.010723840477120163,0.08514791357721019,0.007234303272751152,0.07791361015321863,23.767388637249287,29.65811965811966,1.0,0.0012670298719890097,0.0002623585373179143,0.2623585248604799,125.67474886902377,150.27350427350427,5.039769697491704,0.0003804625907483009,1.529769074674429e-06,0.0015297690008440588,2,1e-06,32,64,32,0,1.0,0.0,10.217484474182129,11.356061935424805,10.984232902526855,0.3360210657119751,0.9972116947174072,0.2283959984779358,0.7910290360450745,0.1816840022802353,256,64,256,0,1.0,0.0,0.03769618645310402,3.412170886993408,0.507860541343689,0.31868642568588257,0.9956849217414856,-0.9979782104492188,0.003310208674520254,0.5804423689842224,288,288,0,1.0,0.0,0.04874789588634045,0.12459909535468892,0.12459909535468892,0.0009199190572736428,0.010501945954597285,0.04569433044682267,0.3521505310650795,186,26880.0,1.0,0.12459909535468892,0.005651501309562554,0.11894759488232592,0.0,0.0,0.0,0.12459909535468892,0.12459909535468892,0.0009199190572736428,0.010501945954597285,0.04569433044682267,0.3521505310650795,0.04874789588634045,0.11566892620776931,0.3458602079140243,0.12459909535468892,0.12459909535468892,0.0009199190572736428,0.010501945954597285,0.04569433044682267,0.3521505310650795,0.04874789588634045,0.11566892620776931,0.3458602079140243,0.12459909535468892,0.005651501309562554,0.11894759488232592,0.0,0.0,0.0,1,0,294,294
base,100,100,102.20917844772339,0.0007524999999999996,0.0958596342521855,0.09252699725648277,0.007237243607369626,0.0852897546102858,0.0008925488352990494,5.433252320075647e-06,0.0025058887962602144,1.5678412232307144e-07,5.726347567278197e-06,0.007833968672869552,0.030510846382150285,4.21140722811583e-07,1.0132795529362063e-06,0.0042012744427969055,0.001,0.0001,1.0,1.0,0.014855894188468274,0.06756272007766952,0.05405017669893738,0.9996961161621616,0.9174199552617521,0.03806100273106852,0.0007745159345153624,0.00011803289910461992,0.2364976704120636,0.3170185089111328,5.023438382627749,0.1,0.0001,0.0,0.005472332174475823,0.00011939076091979758,0.010284208843850682,0.00012332772135607197,0.010160881229954908,0.08481384087831546,0.007144747817347574,0.07766909368781962,24.49147781958947,30.35042735042735,1.0,0.0011858396241083168,0.00023471803626276425,0.23471802524012378,127.91006821852464,152.11111111111111,4.999394523701625,0.00036319224243490107,1.3477619450180714e-06,0.0013477618877704327,2,1e-06,32,64,32,0,1.0,0.0,10.235213279724121,11.347981452941895,10.987390518188477,0.32509109377861023,0.9971164464950562,0.24906732141971588,0.7999050617218018,0.17545999586582184,256,64,256,0,1.0,0.0,0.03514386713504791,1.419450283050537,0.49369916319847107,0.24957160651683807,0.9944514036178589,-0.9955410957336426,0.003938518464565277,0.5853933691978455,288,288,0,1.0,0.0,0.049448296427726746,0.12428819007695989,0.12428819007695989,0.0009150372340066478,0.009802272087664054,0.04303756819897762,0.3449999923587486,186,26880.0,1.0,0.12428819007695989,0.005532061755459042,0.11875612827691626,0.0,0.0,0.0,0.12428819007695989,0.12428819007695989,0.0009150372340066478,0.009802272087664054,0.04303756819897762,0.3449999923587486,0.049448296427726746,0.11491664551118369,0.3482795638102357,0.12428819007695989,0.12428819007695989,0.0009150372340066478,0.009802272087664054,0.04303756819897762,0.3449999923587486,0.049448296427726746,0.11491664551118369,0.3482795638102357,0.12428819007695989,0.005532061755459042,0.11875612827691626,0.0,0.0,0.0,1,0,294,294
base,101,101,100.19708228111267,0.0007479973580394943,0.09583374947054774,0.09265067224573885,0.007117701035677495,0.08553297136329178,0.0008851227869924444,2.1977206835379966e-05,0.0,1.572507912450007e-07,4.812594628938494e-06,0.007376087061328511,0.030759283874788854,4.042155090948079e-07,1.0132795451627471e-06,0.004032022288889011,0.001,0.0001,1.0,1.0,0.014558950996297037,0.06735369241517833,0.05388295400537487,0.9996959648580632,0.9190517327724359,0.037660115263146214,0.0007578512801963867,0.00012727150679605766,0.23706462979316711,0.317375123500824,5.0,0.1,0.0001,0.0,0.005361846691936764,0.00011842194891138734,0.010581902968577849,0.0001267195145925905,0.010455184003226778,0.08471424476458476,0.007022661401723058,0.07769158323351134,23.99604877243694,29.743589743589745,1.0,0.0011595568164952227,0.0002530620421698858,0.2530620301890577,124.66955286009699,148.76923076923077,4.983349377940449,0.0003561457441463016,1.480970698326135e-06,0.0014809706272223056,2,1e-06,32,64,32,0,1.0,0.0,10.237916946411133,11.33071517944336,10.98371696472168,0.3118426501750946,0.9974769949913025,0.2750549018383026,0.8111743330955505,0.16779334843158722,256,64,256,0,1.0,0.0,0.04004159942269325,1.360489845275879,0.4742890000343323,0.23503564298152924,0.9944090247154236,-0.9957345724105835,0.005067003425210714,0.5861581563949585,288,288,0,1.0,0.0,0.04879927014311155,0.12385996637192179,0.12385996637192179,0.0009037960206772736,0.009604992013880282,0.04172544755912837,0.344516121852462,186,26880.0,1.0,0.12385996637192179,0.005607254342473251,0.11825271204431007,0.0,0.0,0.0,0.12385996637192179,0.12385996637192179,0.0009037960206772736,0.009604992013880282,0.04172544755912837,0.344516121852462,0.04879927014311155,0.11289284186017129,0.3470430040872225,0.12385996637192179,0.12385996637192179,0.0009037960206772736,0.009604992013880282,0.04172544755912837,0.344516121852462,0.04879927014311155,0.11289284186017129,0.3470430040872225,0.12385996637192179,0.005607254342473251,0.11825271204431007,0.0,0.0,0.0,1,0,294,294
base,102,102,100.65913534164429,0.0007434680686803487,0.09576259617112641,0.09262946337206751,0.007047968538493937,0.08558149540271515,0.0008665399554257209,2.7448104089523993e-05,0.0,1.576537908008543e-07,5.361114655348866e-06,0.007453902793200448,0.029866932628628533,4.072921987063408e-07,1.0132795451627471e-06,0.004062789211718318,0.001,0.0001,1.0,1.0,0.014700226736469911,0.06746585291420293,0.05397268179326485,0.9996955196062723,0.918678218482906,0.03747176713286302,0.0007440365664859931,0.00012250338850441412,0.23748807609081268,0.3177429139614105,5.0,0.1,0.0001,0.0,0.005296748917565769,0.00011891877575258577,0.010573264880058093,0.00011963612981076933,0.010453628678607125,0.08469951490306446,0.006958241439145855,0.0777412738937598,24.154931728656475,29.811965811965813,1.0,0.0011361436505451736,0.0002434580482624105,0.2434580366835635,126.48042279430943,150.47008547008548,5.012716938592544,0.00035192948068555794,1.5487284500546266e-06,0.0015487283722967163,2,1e-06,32,64,32,0,1.0,0.0,10.230931282043457,11.323443412780762,10.979387283325195,0.3053308129310608,0.9973486065864563,0.27434244751930237,0.8181740641593933,0.16285833716392517,256,64,256,0,1.0,0.0,0.03278611972928047,1.2799475193023682,0.46993017196655273,0.22189314663410187,0.9940641522407532,-0.994098961353302,0.004387848544865847,0.589790403842926,288,288,0,1.0,0.0,0.04607689439729657,0.1224960668924007,0.1224960668924007,0.0009055889677256346,0.009008119204638636,0.03964061615362723,0.34284945586395843,186,26880.0,1.0,0.1224960668924007,0.00537977073628931,0.11711629575237315,0.0,0.0,0.0,0.1224960668924007,0.1224960668924007,0.0009055889677256346,0.009008119204638636,0.03964061615362723,0.34284945586395843,0.04607689439729657,0.11237878226224453,0.35032257517819765,0.1224960668924007,0.1224960668924007,0.0009055889677256346,0.009008119204638636,0.03964061615362723,0.34284945586395843,0.04607689439729657,0.11237878226224453,0.35032257517819765,0.1224960668924007,0.00537977073628931,0.11711629575237315,0.0,0.0,0.0,1,0,294,294
base,103,103,102.79133701324463,0.0007389126286101815,0.09655811624903964,0.09306845240868054,0.007242182068701865,0.0858262708553901,0.000869013279533157,9.290479983274754e-06,0.0,1.5803132195439198e-07,5.506354890723972e-06,0.009627502491204148,0.03296371574839975,4.2379591327983525e-07,1.0132795539078886e-06,0.004227826358853943,0.001,0.0001,1.0,1.0,0.015308891490706775,0.06769460824947073,0.05415568674285697,0.9996961136149545,0.9165790264423077,0.03763233402218574,0.0007484851033888502,0.00012052817601993139,0.2380983531475067,0.3181385099887848,5.0,0.1,0.0001,0.0,0.005437945783870597,0.00012289173220126078,0.011004082158080533,0.00011863231531575194,0.010885450065645397,0.08481539129956156,0.007153207832215051,0.07766218317879571,24.297582398113022,30.0,1.0,0.0011422880731212597,0.00023960852527863576,0.2396085140032646,127.61251218094785,152.35897435897436,5.062766398652663,0.0003546821314176847,1.4478264344988074e-06,0.0014478263691959218,2,1e-06,32,64,32,0,1.0,0.0,10.28738021850586,11.309554100036621,10.974785804748535,0.28938162326812744,0.9971069097518921,0.27863526344299316,0.8256717324256897,0.1580684334039688,256,64,256,0,1.0,0.0,0.03442041948437691,3.325782537460327,0.4922024607658386,0.31760042905807495,0.9963476657867432,-0.9924414157867432,0.004272111691534519,0.5869545936584473,288,288,0,1.0,0.0,0.04875008587635333,0.12226762654299432,0.12226762654299432,0.0008891214755304316,0.008981618288558937,0.041460785639262004,0.35311827331941614,186,26880.0,1.0,0.12226762654299432,0.005518019392571234,0.11674960655100802,0.0,0.0,0.0,0.12226762654299432,0.12226762654299432,0.0008891214755304316,0.008981618288558937,0.041460785639262004,0.35311827331941614,0.04875008587635333,0.11441325724765819,0.352311821474183,0.12226762654299432,0.12226762654299432,0.0008891214755304316,0.008981618288558937,0.041460785639262004,0.35311827331941614,0.04875008587635333,0.11441325724765819,0.352311821474183,0.12226762654299432,0.005518019392571234,0.11674960655100802,0.0,0.0,0.0,1,0,294,294
base,104,104,104.34442806243896,0.0007343315373843313,0.09686612783588915,0.09284489990299584,0.007241814876866774,0.08560308508383922,0.0008645827894926899,2.197264574277095e-06,0.0,1.5860265503590168e-07,6.5247435699733175e-06,0.01274486992142012,0.037590667557639956,4.283387763987573e-07,1.0132795461344297e-06,0.004273254985515124,0.001,0.0001,1.0,1.0,0.015176045501397716,0.06753537784784268,0.05402830303606824,0.9996957437604921,0.9153812767094017,0.03774280081956814,0.0007524263053041939,0.00011215648278927343,0.2386874258518219,0.31885525584220886,5.0,0.1,0.0001,0.0,0.005422141132319075,0.0001231103362644919,0.010892301543146117,0.00013984163872833946,0.0107524598765577,0.08467567349091554,0.007136933646825517,0.07753874017642094,24.70718031663161,30.367521367521366,1.0,0.001148135627174161,0.00022285352937397588,0.2228535199776674,129.80847686376327,154.71794871794873,5.075917103187993,0.00035671698169297195,1.459435589981889e-06,0.0014594355200090979,2,1e-06,32,64,32,0,1.0,0.0,10.270787239074707,11.296492576599121,10.967052459716797,0.2827523648738861,0.9974974393844604,0.28301435708999634,0.8297127485275269,0.15502159297466278,256,64,256,0,1.0,0.0,0.03386465460062027,3.325782537460327,0.484147846698761,0.3047740161418915,0.9963017106056213,-0.996898889541626,0.002321946667507291,0.5860660076141357,288,288,0,1.0,0.0,0.04904090377792556,0.12469612157091181,0.12469612157091181,0.000886760222319355,0.0105372723054281,0.04741825625771076,0.3469354764067678,186,26880.0,1.0,0.12469612157091181,0.0052639627680578765,0.11943215987783798,0.0,0.0,0.0,0.12469612157091181,0.12469612157091181,0.000886760222319355,0.0105372723054281,0.04741825625771076,0.3469354764067678,0.04904090377792556,0.11681764288454928,0.34784945653330895,0.12469612157091181,0.12469612157091181,0.000886760222319355,0.0105372723054281,0.04741825625771076,0.3469354764067678,0.04904090377792556,0.11681764288454928,0.34784945653330895,0.12469612157091181,0.0052639627680578765,0.11943215987783798,0.0,0.0,0.0,1,0,294,294
base,105,105,107.07185101509094,0.0007297252973710753,0.09485562132973956,0.09205978713993333,0.007032801327494602,0.0850269861965098,0.0008747861780321751,1.709798398690346e-05,0.0,1.5907055787298523e-07,5.355337592798543e-06,0.005650002212844726,0.026770730526783526,4.133559810107284e-07,1.0132795432193825e-06,0.004123427031529892,0.001,0.0001,1.0,1.0,0.015080768861768082,0.0675353777841625,0.05402830294054797,0.9996957391755193,0.9178936298076923,0.037860858071054146,0.0007616853979256991,0.00011310077824084582,0.2392198145389557,0.31928542256355286,5.0,0.1,0.0001,0.0,0.005283028552006198,0.00012105016183216547,0.010547708751808884,8.8608111294671e-05,0.01045910058877407,0.08414900583079737,0.006966345245018601,0.07718266062756889,24.632612847874306,30.58974358974359,1.0,0.00116445498718108,0.00022452744519990735,0.2245274344061175,128.7037705315484,153.46153846153845,5.0029901334363,0.00035891580717781413,1.6741101308265274e-06,0.0016741100539509049,2,1e-06,32,64,32,0,1.0,0.0,10.293930053710938,11.285090446472168,10.962837219238281,0.27372515201568604,0.9973687529563904,0.29753291606903076,0.8358137607574463,0.15055783092975616,256,64,256,0,1.0,0.0,0.036118343472480774,1.5523686408996582,0.47266167402267456,0.23872797191143036,0.9973357319831848,-0.9946424961090088,0.0013575898483395576,0.5915356278419495,288,288,0,1.0,0.0,0.04973627651931457,0.12391339147344549,0.12391339147344549,0.0008873287439742621,0.00978230095470965,0.04366625761813534,0.3421505306877436,186,26880.0,1.0,0.12391339147344549,0.005528402596494143,0.11838498822552093,0.0,0.0,0.0,0.12391339147344549,0.12391339147344549,0.0008873287439742621,0.00978230095470965,0.04366625761813534,0.3421505306877436,0.04973627651931457,0.11623606808804056,0.3468279503686454,0.12391339147344549,0.12391339147344549,0.0008873287439742621,0.00978230095470965,0.04366625761813534,0.3421505306877436,0.04973627651931457,0.11623606808804056,0.3468279503686454,0.12391339147344549,0.005528402596494143,0.11838498822552093,0.0,0.0,0.0,1,0,294,294
base,106,106,107.03243780136108,0.0007250944136965387,0.09604871565969582,0.09249454036227658,0.006995471937653537,0.08549906867436874,0.0008660458131796784,7.94407211116746e-06,0.0,1.5958097642940893e-07,5.5814505481864764e-06,0.010128533862169005,0.033338469397435844,4.079830186280257e-07,1.0132795500211591e-06,0.0040696973874607785,0.001,0.0001,1.0,1.0,0.014886014012253692,0.06752485332962795,0.054019883099911556,0.9996958583848089,0.9177058293269231,0.037908047978949345,0.0007553270408031968,0.00011071877097725892,0.23988968133926392,0.31981876492500305,5.0,0.1,0.0001,0.0,0.00522399267866316,0.00011976669234600272,0.011075579712533543,0.00015186211173860435,0.010923717775915423,0.08418785525947554,0.006881575353849583,0.07730628034243217,24.770226600842598,30.478632478632477,1.0,0.0011505219557036,0.0002195380647884658,0.219538054914556,127.56378030369424,152.33333333333334,4.981546607748717,0.0003601321266490457,1.8994768300928674e-06,0.0018994767441708818,2,1e-06,32,64,32,0,1.0,0.0,10.295828819274902,11.25770378112793,10.947014808654785,0.2606174349784851,0.9976062774658203,0.316841721534729,0.8422596454620361,0.1456180065870285,256,64,256,0,1.0,0.0,0.03146994113922119,3.7090437412261963,0.484081506729126,0.3148755729198456,0.9935567378997803,-0.9962881803512573,0.003181993495672941,0.5833998322486877,288,288,0,1.0,0.0,0.05193566411773684,0.12365449917443255,0.12365449917443255,0.0008710292019346293,0.010615924584193616,0.043962035771279086,0.3469892395960708,186,26880.0,1.0,0.12365449917443255,0.005315305977227523,0.1183391939452354,0.0,0.0,0.0,0.12365449917443255,0.12365449917443255,0.0008710292019346293,0.010615924584193616,0.043962035771279086,0.3469892395960708,0.05193566411773684,0.1177540814443942,0.3501075204982552,0.12365449917443255,0.12365449917443255,0.0008710292019346293,0.010615924584193616,0.043962035771279086,0.3469892395960708,0.05193566411773684,0.1177540814443942,0.3501075204982552,0.12365449917443255,0.005315305977227523,0.1183391939452354,0.0,0.0,0.0,1,0,294,294
base,107,107,107.45467329025269,0.0007204393941893019,0.09483212436366285,0.0916334355616162,0.0071440258871318186,0.08448941050431667,0.0008535198434494818,2.1064916673379066e-05,0.0006264721990650536,1.6007680371746815e-07,6.087299997982121e-06,0.0076194530926071685,0.03060825154758417,4.2288624379669534e-07,1.0132795422477002e-06,0.0042187296576463645,0.001,0.0001,1.0,1.0,0.015635823050880026,0.06769460824947073,0.05415568672693693,0.999696114124396,0.9153645833333334,0.03790470769899523,0.0007514956463964131,0.00010202419640009817,0.24039782583713531,0.32027468085289,5.0,0.1,0.0001,0.0,0.005349591658968065,0.00012333887645628495,0.010018309976300623,0.00011948395807009477,0.009898826097830748,0.08411970339779161,0.007054412914599236,0.07706529080358326,25.229772665561775,30.794871794871796,1.0,0.0011430486029762234,0.00020236320110559303,0.20236319150680152,131.91989377013638,157.74358974358975,5.108664030281415,0.00035994269056285487,1.6851915094978015e-06,0.001685191423465044,2,1e-06,32,64,32,0,1.0,0.0,10.305665969848633,11.2412691116333,10.93463134765625,0.25032302737236023,0.9976513385772705,0.317102313041687,0.8463588356971741,0.14309746026992798,256,64,256,0,1.0,0.0,0.03824656829237938,2.7289230823516846,0.47615110874176025,0.26727020740509033,0.9951039552688599,-0.9965378642082214,0.0024448316544294357,0.5862538814544678,288,288,0,1.0,0.0,0.050856143136018064,0.12392998708689466,0.12392998708689466,0.0008729078170367854,0.010275893906001202,0.04517639231096993,0.34973117492852673,186,26880.0,1.0,0.12392998708689466,0.0053282619176551384,0.11860172561508545,0.0,0.0,0.0,0.12392998708689466,0.12392998708689466,0.0008729078170367854,0.010275893906001202,0.04517639231096993,0.34973117492852673,0.050856143136018064,0.11822699382901192,0.3479032189615311,0.12392998708689466,0.12392998708689466,0.0008729078170367854,0.010275893906001202,0.04517639231096993,0.34973117492852673,0.050856143136018064,0.11822699382901192,0.3479032189615311,0.12392998708689466,0.0053282619176551384,0.11860172561508545,0.0,0.0,0.0,1,0,294,294
base,108,108,106.78289604187012,0.0007157607493247106,0.09451722092608102,0.09153316208185294,0.006920407864495984,0.08461275467505822,0.0008339071919958497,4.612663601580848e-06,0.0,1.6053027294165233e-07,5.5139529961423145e-06,0.007075078487416141,0.028752577069223437,4.016799108639033e-07,1.0132795461344297e-06,0.00400666633927319,0.001,0.0001,1.0,1.0,0.015137987199406594,0.06739489861533172,0.05391591908330591,0.9996962425036308,0.9183213975694444,0.03763892590744883,0.0007330538141819784,0.00010085337800043436,0.24096110463142395,0.32068943977355957,5.0,0.1,0.0001,0.0,0.005208793699216002,0.00011907610404837487,0.010181124903197981,9.545257203599326e-05,0.010085672394842165,0.08389731821341392,0.0068488184354689894,0.07704850037892659,25.238452145177074,31.0,1.0,0.0011113805210806874,0.00020018712206769528,0.20018711253109142,130.1500154478937,155.03418803418805,4.9871307342119975,0.0003547271085270227,1.5196332260315974e-06,0.0015196331545837924,2,1e-06,32,64,32,0,1.0,0.0,10.329032897949219,11.215953826904297,10.919998168945312,0.2367897629737854,0.9976505041122437,0.3355763554573059,0.8521550893783569,0.13864468038082123,256,64,256,0,1.0,0.0,0.03421242535114288,3.0916144847869873,0.4725527763366699,0.2781093120574951,0.9965073466300964,-0.9955629110336304,0.0025988370180130005,0.5854274034500122,288,288,0,1.0,0.0,0.04942240298635537,0.12146189032082862,0.12146189032082862,0.0008905347377220367,0.009740093794916707,0.04422554892728165,0.3568817124732079,186,26880.0,1.0,0.12146189032082862,0.005467985216726331,0.11599390494062546,0.0,0.0,0.0,0.12146189032082862,0.12146189032082862,0.0008905347377220367,0.009740093794916707,0.04422554892728165,0.3568817124732079,0.04942240298635537,0.11518349013822053,0.3536021448271249,0.12146189032082862,0.12146189032082862,0.0008905347377220367,0.009740093794916707,0.04422554892728165,0.3568817124732079,0.04942240298635537,0.11518349013822053,0.3536021448271249,0.12146189032082862,0.005467985216726331,0.11599390494062546,0.0,0.0,0.0,1,0,294,294
base,109,109,104.78595805168152,0.0007110589921688983,0.0959590030913679,0.09201389462010473,0.0070444615458289525,0.08496943243548401,0.0008454926109984198,3.922547603774275e-06,0.0,1.6112118153626235e-07,5.863359420558194e-06,0.012488143229518786,0.036929074579324477,4.242764862477702e-07,1.0132795539078886e-06,0.004232632069904198,0.001,0.0001,1.0,1.0,0.015385514921230128,0.06746308171214202,0.05397046516593705,0.9996962745984396,0.9172071147168803,0.03784309467698774,0.000741194102825581,0.00010429850686689775,0.24161913990974426,0.3213190734386444,5.0,0.1,0.0001,0.0,0.005248576008643095,0.00012338524728463206,0.01069859510813004,0.00012957990870007084,0.01056901461038834,0.0839899477795658,0.006947276618283911,0.07704267160505311,24.985197442209618,31.042735042735043,1.0,0.001123801752841339,0.00020683801864297726,0.20683800868498972,127.56060481275249,152.7008547008547,4.901012849260901,0.00035858645405357657,1.7589952958432204e-06,0.0017589952191735944,2,1e-06,32,64,32,0,1.0,0.0,10.347586631774902,11.1994047164917,10.902267456054688,0.22839267551898956,0.9976174831390381,0.33610889315605164,0.8555558323860168,0.13574667274951935,256,64,256,0,1.0,0.0,0.04074298217892647,1.5318853855133057,0.4709206819534302,0.24240975081920624,0.994621753692627,-0.9963066577911377,0.002014555735513568,0.5870064496994019,288,288,0,1.0,0.0,0.0532162145821638,0.12235498634424616,0.12235498634424616,0.0008634755008933234,0.010665367958912006,0.046324859428349685,0.3558064436399809,186,26880.0,1.0,0.12235498634424616,0.005408168502865319,0.11694681882224184,0.0,0.0,0.0,0.12235498634424616,0.12235498634424616,0.0008634755008933234,0.010665367958912006,0.046324859428349685,0.3558064436399809,0.0532162145821638,0.1202811229052723,0.3514516063595331,0.12235498634424616,0.12235498634424616,0.0008634755008933234,0.010665367958912006,0.046324859428349685,0.3558064436399809,0.0532162145821638,0.1202811229052723,0.3514516063595331,0.12235498634424616,0.005408168502865319,0.11694681882224184,0.0,0.0,0.0,1,0,294,294
base,110,110,102.24932885169983,0.0007063346383225208,0.09401020834333876,0.09099020197605476,0.006843961686250141,0.08414624051915275,0.000841427716311131,3.7386070172756146e-05,0.0,1.6163466113508377e-07,5.963231686754869e-06,0.007154153851975297,0.02850738463875575,4.0800866500004133e-07,1.0132795451627471e-06,0.004069953846186002,0.001,0.0001,1.0,1.0,0.015712989824545436,0.06742373086575769,0.05393898464803003,0.9996912688271612,0.9184674646100427,0.03771106010446182,0.0007390152458021911,0.00010241246957612487,0.242037832736969,0.3218136727809906,5.0,0.1,0.0001,0.0,0.005114663778863943,0.00011961930034201818,0.009889474281897912,0.00011242011912230753,0.009777053808554625,0.08357309671039255,0.006759646593923402,0.07681345016273677,25.1198632574489,30.854700854700855,1.0,0.0011220773245192044,0.00020332754091867126,0.2033275314885327,129.03507187020065,154.17948717948718,4.959675394350495,0.00035595317106518865,1.4973971309618953e-06,0.0014973970559927134,2,1e-06,32,64,32,0,1.0,0.0,10.321551322937012,11.182802200317383,10.892454147338867,0.22515414655208588,0.9974201917648315,0.3568180203437805,0.8586556911468506,0.1326436698436737,256,64,256,0,1.0,0.0,0.03778927028179169,1.9515764713287354,0.4807484745979309,0.2535858452320099,0.9960042238235474,-0.9940787553787231,0.0026498085353523493,0.5878584384918213,288,288,0,1.0,0.0,0.052051958688084154,0.12394593243903303,0.12394593243903303,0.0008405088397495925,0.010729022848580072,0.04858092046392861,0.3519892397747245,186,26880.0,1.0,0.12394593243903303,0.005042419912531338,0.11890351169920982,0.0,0.0,0.0,0.12394593243903303,0.12394593243903303,0.0008405088397495925,0.010729022848580072,0.04858092046392861,0.3519892397747245,0.052051958688084154,0.12026395152012508,0.3464516056801683,0.12394593243903303,0.12394593243903303,0.0008405088397495925,0.010729022848580072,0.04858092046392861,0.3519892397747245,0.052051958688084154,0.12026395152012508,0.3464516056801683,0.12394593243903303,0.005042419912531338,0.11890351169920982,0.0,0.0,0.0,1,0,294,294
base,111,111,105.38761711120605,0.0007015882058642161,0.09426908653516036,0.09124221544489901,0.006887005953989827,0.0843552100734833,0.0008481618078648407,0.00012653495949239304,0.0,1.6209286524601464e-07,5.557969184816261e-06,0.006658724910538827,0.027717845466656562,4.0843054838297053e-07,1.013279547106112e-06,0.004074172706852675,0.001,0.0001,1.0,1.0,0.015973707286911644,0.06760996229882933,0.05408797032621681,0.999693623974792,0.9177058293269231,0.03805282243933433,0.0007473328001558399,0.00010082900528368166,0.24267680943012238,0.32232561707496643,5.0,0.1,0.0001,0.0,0.005141837617907769,0.00012218458282132683,0.010224643935505142,0.00010109255408756754,0.01012355140131763,0.08357373249327016,0.006811186537429149,0.07676254677721578,25.277304417047745,30.82905982905983,1.0,0.0011312576457579485,0.00020017498172819614,0.20017497152344793,128.88810932941925,154.4017094017094,4.9725675896838295,0.00036340795853374223,1.4830288362521285e-06,0.0014830287705119858,2,1e-06,32,64,32,0,1.0,0.0,10.325514793395996,11.164803504943848,10.880691528320312,0.21664464473724365,0.9974036812782288,0.36311477422714233,0.8636713027954102,0.12884333729743958,256,64,256,0,1.0,0.0,0.04799782484769821,2.5097410678863525,0.47757744789123535,0.2640054523944855,0.9963273406028748,-0.9954817891120911,0.0024203492794185877,0.5947635173797607,288,288,0,1.0,0.0,0.05131728009831521,0.12236183834202746,0.12236183834202746,0.0008469421064798185,0.009630142997134156,0.04342260229982115,0.3555376278937504,186,26880.0,1.0,0.12236183834202746,0.005430586913481672,0.11693125107186905,0.0,0.0,0.0,0.12236183834202746,0.12236183834202746,0.0008469421064798185,0.009630142997134156,0.04342260229982115,0.3555376278937504,0.05131728009831521,0.11791099275472344,0.35198924105654483,0.12236183834202746,0.12236183834202746,0.0008469421064798185,0.009630142997134156,0.04342260229982115,0.3555376278937504,0.05131728009831521,0.11791099275472344,0.35198924105654483,0.12236183834202746,0.005430586913481672,0.11693125107186905,0.0,0.0,0.0,1,0,294,294
base,112,112,103.7860460281372,0.0006968202152937907,0.09465863918646789,0.09126914700127056,0.006949773251325783,0.08431937450017685,0.0008503988292665245,2.2931828394404843e-07,0.0,1.6278259430240973e-07,6.5591406083478285e-06,0.009155105072089558,0.032458733305589765,4.1645749798749614e-07,1.0132795480777943e-06,0.004154442202570474,0.001,0.0001,1.0,1.0,0.016139911336458135,0.06769460863155177,0.05415568710901798,0.9996961090299818,0.9165685930822649,0.03822147677469458,0.0007570783640496815,9.332046698919163e-05,0.24341808259487152,0.322964608669281,5.0,0.1,0.0001,0.0,0.00516484319491105,0.00012357735346070427,0.01046738818160489,0.00013206739169664873,0.0103353211003491,0.08341860535562548,0.006850722709543303,0.07656788367491502,25.577316610222187,31.128205128205128,1.0,0.0011483153739235657,0.0001853568215494275,0.18535681259937775,131.51264894925632,156.8803418803419,5.030192304558053,0.0003658413593995616,1.2841123417472725e-06,0.0012841122782128488,2,1e-06,32,64,32,0,1.0,0.0,10.328744888305664,11.14078426361084,10.861286163330078,0.21010278165340424,0.9975913763046265,0.3548281788825989,0.865655243396759,0.1273835152387619,256,64,256,0,1.0,0.0,0.04340151324868202,1.3025264739990234,0.46936994791030884,0.2272396832704544,0.9965764284133911,-0.9953286647796631,0.0008598433341830969,0.5894792675971985,288,288,0,1.0,0.0,0.05700192104784712,0.12279063399801864,0.12279063399801864,0.0008573095076420205,0.011719698799894221,0.049785224332784615,0.3545698855993568,186,26880.0,1.0,0.12279063399801864,0.005140816609553517,0.11764981676923468,0.0,0.0,0.0,0.12279063399801864,0.12279063399801864,0.0008573095076420205,0.011719698799894221,0.049785224332784615,0.3545698855993568,0.05700192104784712,0.12612253996313258,0.34994622952835536,0.12279063399801864,0.12279063399801864,0.0008573095076420205,0.011719698799894221,0.049785224332784615,0.3545698855993568,0.05700192104784712,0.12612253996313258,0.34994622952835536,0.12279063399801864,0.005140816609553517,0.11764981676923468,0.0,0.0,0.0,1,0,294,294
base,113,113,100.71060228347778,0.000692031189475141,0.0937105988462766,0.09076065557380007,0.006815507631892195,0.08394514807523826,0.000838520302851167,7.90274845292935e-05,0.0,1.6337297405888788e-07,5.978433753976257e-06,0.006477055420927926,0.027685724039617766,4.04254060592984e-07,1.0132795500211591e-06,0.004032407829569828,0.001,0.0001,1.0,1.0,0.015788722779347092,0.06746308139374113,0.05397046515001701,0.999696277655088,0.9174992487980769,0.03785559009665098,0.0007408859808212862,9.76343228694143e-05,0.24405314028263092,0.3235618770122528,5.0,0.1,0.0001,0.0,0.005098986400601764,0.00012005319531920414,0.010081930038256522,0.00010787412667503723,0.009974056329482641,0.0831992079814275,0.0067346020358909145,0.07646460595548663,25.33125455970438,31.05128205128205,1.0,0.0011229599914593128,0.00019402277872810126,0.194022769601936,130.19912110027084,156.17948717948718,5.021157053046653,0.0003588119714270131,1.2458675440595284e-06,0.0012458674928061983,2,1e-06,32,64,32,0,1.0,0.0,10.334588050842285,11.113104820251465,10.84244441986084,0.20244519412517548,0.9974035024642944,0.36605364084243774,0.8717198371887207,0.12227131426334381,256,64,256,0,1.0,0.0,0.0343320332467556,1.4180805683135986,0.4677983522415161,0.23763494193553925,0.99765944480896,-0.9958911538124084,0.004062930587679148,0.5880314111709595,288,288,0,1.0,0.0,0.0541524706929121,0.12163039423683857,0.12163039423683857,0.0008469526247279917,0.011603271138669062,0.049539133135269406,0.35989246441311734,186,26880.0,1.0,0.12163039423683857,0.005530279907497003,0.11610011423521853,0.0,0.0,0.0,0.12163039423683857,0.12163039423683857,0.0008469526247279917,0.011603271138669062,0.049539133135269406,0.35989246441311734,0.0541524706929121,0.12098644191138846,0.35779569097744524,0.12163039423683857,0.12163039423683857,0.0008469526247279917,0.011603271138669062,0.049539133135269406,0.35989246441311734,0.0541524706929121,0.12098644191138846,0.35779569097744524,0.12163039423683857,0.005530279907497003,0.11610011423521853,0.0,0.0,0.0,1,0,294,294
base,114,114,102.31826043128967,0.0006872216535789155,0.0951081553203428,0.09117063020284359,0.006850575825247245,0.08432005511389838,0.0008365526794392265,3.0982554850415286e-06,0.0,1.6399271684209592e-07,7.004366593238585e-06,0.012784890023569584,0.0363794404726762,4.1319055718794027e-07,1.0132795373892882e-06,0.0041217727887117835,0.001,0.0001,1.0,1.0,0.016059740183827203,0.06772705119771835,0.05418164149308816,0.9996957325527811,0.9167459602029915,0.038183458977275424,0.0007496752714515369,8.687740705487454e-05,0.24469806253910065,0.3243181109428406,5.0,0.1,0.0001,0.0,0.005100025638189708,0.00012123233169311275,0.010486114738333939,0.0001359466925008684,0.010350168260753665,0.08330604383069226,0.006748615803881588,0.07655742891833313,25.92964985839322,31.35042735042735,1.0,0.001134171980457046,0.00017248317596809063,0.17248316707774106,132.24525777702658,157.87179487179486,5.024679178760101,0.0003651785631922798,1.2716391745568069e-06,0.0012716391147711338,2,1e-06,32,64,32,0,1.0,0.0,10.328508377075195,11.099065780639648,10.83480453491211,0.20185330510139465,0.9974720478057861,0.3582545220851898,0.8734899759292603,0.12079855054616928,256,64,256,0,1.0,0.0,0.03432081267237663,1.514151930809021,0.46503108739852905,0.22828388214111328,0.9951907396316528,-0.9960441589355469,-0.0006496605928987265,0.5860885977745056,288,288,0,1.0,0.0,0.053685619946449034,0.12404517639190593,0.12404517639190593,0.0008636147398105327,0.011054140162624179,0.04671017186570993,0.34268816472381675,186,26880.0,1.0,0.12404517639190593,0.0049951332968045424,0.11905004274337849,0.0,0.0,0.0,0.12404517639190593,0.12404517639190593,0.0008636147398105327,0.011054140162624179,0.04671017186570993,0.34268816472381675,0.053685619946449034,0.12201472157512301,0.3449462302109247,0.12404517639190593,0.12404517639190593,0.0008636147398105327,0.011054140162624179,0.04671017186570993,0.34268816472381675,0.053685619946449034,0.12201472157512301,0.3449462302109247,0.12404517639190593,0.0049951332968045424,0.11905004274337849,0.0,0.0,0.0,1,0,294,294
base,115,115,101.53299117088318,0.0006823921350249233,0.09333137785777068,0.09052052329748105,0.006718109316057247,0.08380241443713506,0.0008469753237998383,7.200542375700086e-06,0.0,1.645517928792233e-07,5.629659089966237e-06,0.0058165840231455285,0.02749226899801666,4.066356921686988e-07,1.0132795509928415e-06,0.0040562241293418295,0.001,0.0001,1.0,1.0,0.016122191885693207,0.0679142076171871,0.054331366116037734,0.9996953005464668,0.9174095219017094,0.038301584462070055,0.0007565866814504386,9.0388640608145e-05,0.24543428421020508,0.3247576653957367,5.0,0.1,0.0001,0.0,0.005017954192490468,0.00012012440824130467,0.010113541387085222,9.715518094280847e-05,0.010016385816101335,0.0829353670661266,0.006645242928360135,0.07629012494769871,25.786274812160393,31.213675213675213,1.0,0.0011457057065792128,0.0001793992198813651,0.17939921118255353,131.57958187201083,157.1196581196581,5.006091045176139,0.0003674676545804096,1.3780614908799366e-06,0.0013780614249726646,2,1e-06,32,64,32,0,1.0,0.0,10.330766677856445,11.087800025939941,10.81546401977539,0.1963765025138855,0.9977760910987854,0.3715065121650696,0.877043604850769,0.11801101267337799,256,64,256,0,1.0,0.0,0.03771832585334778,1.4666701555252075,0.4660069942474365,0.23615853488445282,0.9953917264938354,-0.9964054226875305,0.0010207644663751125,0.5835762619972229,288,288,0,1.0,0.0,0.05350677373628783,0.12127136581755699,0.12127136581755699,0.0008423308237515231,0.01170667586722962,0.0515283216016307,0.35317203522689883,186,26880.0,1.0,0.12127136581755699,0.004992250566113185,0.11627911633633553,0.0,0.0,0.0,0.12127136581755699,0.12127136581755699,0.0008423308237515231,0.01170667586722962,0.0515283216016307,0.35317203522689883,0.05350677373628783,0.12399707986943183,0.3534946174070399,0.12127136581755699,0.12127136581755699,0.0008423308237515231,0.01170667586722962,0.0515283216016307,0.35317203522689883,0.05350677373628783,0.12399707986943183,0.3534946174070399,0.12127136581755699,0.004992250566113185,0.11627911633633553,0.0,0.0,0.0,1,0,294,294
base,116,116,102.16433382034302,0.0006775431634242984,0.0933570809598662,0.09010893609533963,0.006790635424753667,0.08331830105465701,0.0008313414470579189,2.549812555886232e-05,0.0,1.6509420687138754e-07,5.52433421493954e-06,0.008427281785382228,0.03096339402672572,4.0714387834559915e-07,1.0132795519645238e-06,0.004061305992958001,0.001,0.0001,1.0,1.0,0.0159735885154233,0.06753537819808365,0.054028302590307005,0.9996957437604921,0.9167876936431624,0.038309488222639784,0.0007432102465516545,8.813119742797456e-05,0.24593114852905273,0.3252439796924591,5.0,0.1,0.0001,0.0,0.005057702201187738,0.00012154533213370631,0.009657851141742151,0.00012219428984273193,0.009535657034979926,0.08286554773903301,0.006698989709361623,0.07616655827842207,25.795616052089592,31.299145299145298,1.0,0.0011189008807230135,0.00017496656129459062,0.17496655333755362,132.32452170869223,158.32478632478632,5.043873141391219,0.00036751960889778583,1.2958335682210184e-06,0.001295833506135859,2,1e-06,32,64,32,0,1.0,0.0,10.326404571533203,11.08215618133545,10.802386283874512,0.19227181375026703,0.997585654258728,0.38374340534210205,0.87872314453125,0.11641928553581238,256,64,256,0,1.0,0.0,0.038802359253168106,1.566046953201294,0.47238293290138245,0.24464218318462372,0.9970014095306396,-0.9947000741958618,-0.0005021399701945484,0.5822218060493469,288,288,0,1.0,0.0,0.054149364892353294,0.1228412908125431,0.1228412908125431,0.0008392970701877741,0.010956476249742091,0.0459847282743462,0.34440859443237704,186,26880.0,1.0,0.1228412908125431,0.004923784798209338,0.11791750550904173,0.0,0.0,0.0,0.1228412908125431,0.1228412908125431,0.0008392970701877741,0.010956476249742091,0.0459847282743462,0.34440859443237704,0.054149364892353294,0.12344123849705342,0.3469892410180902,0.1228412908125431,0.1228412908125431,0.0008392970701877741,0.010956476249742091,0.0459847282743462,0.34440859443237704,0.054149364892353294,0.12344123849705342,0.3469892410180902,0.1228412908125431,0.004923784798209338,0.11791750550904173,0.0,0.0,0.0,1,0,294,294
base,117,117,101.17252254486084,0.0006726752705214191,0.0939158457211959,0.09106551002488177,0.006654347591579725,0.08441116266016267,0.000830934626253274,2.545672747441846e-05,0.0,1.6551316205911857e-07,6.38610315413216e-06,0.006078656214094346,0.027713561207692847,4.011598931787702e-07,1.0132795539078886e-06,0.0040014661404773845,0.001,0.0001,1.0,1.0,0.0163126821255582,0.06768348634752452,0.054146788695938565,0.9996966459812262,0.9176098424145299,0.038362341272270575,0.0007465941334963164,8.434049173086109e-05,0.2465827614068985,0.32576608657836914,5.0,0.1,0.0001,0.0,0.00496979293306,0.00012030160941609429,0.011032649085053012,8.649803682142853e-05,0.010946151028331528,0.08279102314741184,0.006589474064958656,0.07620154951627438,25.971950221265484,31.28205128205128,1.0,0.0011246632555754394,0.00016735841915146727,0.1673584106640938,129.42318360418335,154.76068376068375,4.937301454313413,0.0003685250136559495,1.3225649796226223e-06,0.001322564915714101,2,1e-06,32,64,32,0,1.0,0.0,10.323429107666016,11.068290710449219,10.78441333770752,0.18606626987457275,0.9973342418670654,0.3954962491989136,0.8826081156730652,0.11323615163564682,256,64,256,0,1.0,0.0,0.04272256791591644,1.5100493431091309,0.47475266456604004,0.245871439576149,0.995158314704895,-0.9946282505989075,0.003074608976021409,0.575167179107666,288,288,0,1.0,0.0,0.055816094160720864,0.12264940190188428,0.12264940190188428,0.0008502306795599771,0.0121993035408518,0.051070649312028,0.35661289530495804,186,26880.0,1.0,0.12264940190188428,0.005006532387887227,0.11764286949913552,0.0,0.0,0.0,0.12264940190188428,0.12264940190188428,0.0008502306795599771,0.0121993035408518,0.051070649312028,0.35661289530495804,0.055816094160720864,0.1256793743420032,0.35026881002610727,0.12264940190188428,0.12264940190188428,0.0008502306795599771,0.0121993035408518,0.051070649312028,0.35661289530495804,0.055816094160720864,0.1256793743420032,0.35026881002610727,0.12264940190188428,0.005006532387887227,0.11764286949913552,0.0,0.0,0.0,1,0,294,294
base,118,118,104.32658219337463,0.0006677889901355985,0.09429702850488517,0.09104522374960092,0.006811666229747745,0.08423355813973989,0.0008555750788436232,9.015103022002766e-06,0.0,1.662643537909187e-07,5.9417899066422806e-06,0.008144467499934964,0.03144695490407638,4.194832596306339e-07,1.0132795539078886e-06,0.004184699812346798,0.001,0.0001,1.0,1.0,0.0161270533178925,0.06762479888832468,0.05409983929214824,0.9996948272753985,0.9154647435897436,0.03879303383266824,0.0007667404238301783,8.883465656813663e-05,0.24718813598155975,0.3264099359512329,5.0,0.1,0.0001,0.0,0.005048566057573622,0.0001241205507571238,0.01073178317811754,0.00011621330442846331,0.010615569913489187,0.08299638636601277,0.006724506253416403,0.076271880704623,25.622000832842964,31.299145299145298,1.0,0.0011564477363752567,0.00017639394914462732,0.1763939409174471,130.38769527989575,157.2051282051282,5.001188725839728,0.00037703311203135195,1.2753642139182957e-06,0.0012753641503488915,2,1e-06,32,64,32,0,1.0,0.0,10.323402404785156,11.03486442565918,10.75151252746582,0.17984725534915924,0.9973676204681396,0.39864784479141235,0.8849091529846191,0.11190768331289291,256,64,256,0,1.0,0.0,0.054601479321718216,2.0018179416656494,0.4719269275665283,0.24460406601428986,0.997683048248291,-0.9957274198532104,0.004260273650288582,0.5750038027763367,288,288,0,1.0,0.0,0.058380974757094535,0.11972767035377786,0.11972767035377786,0.0008924559657858249,0.013585213466637557,0.05485633209157455,0.3652150449493239,186,26880.0,1.0,0.11972767035377786,0.0052238397270520315,0.11450383067131042,0.0,0.0,0.0,0.11972767035377786,0.11972767035377786,0.0008924559657858249,0.013585213466637557,0.05485633209157455,0.3652150449493239,0.058380974757094535,0.12905849338138617,0.36634407745253655,0.11972767035377786,0.11972767035377786,0.0008924559657858249,0.013585213466637557,0.05485633209157455,0.3652150449493239,0.058380974757094535,0.12905849338138617,0.36634407745253655,0.11972767035377786,0.0052238397270520315,0.11450383067131042,0.0,0.0,0.0,1,0,294,294
base,119,119,104.8943989276886,0.0006628848581025445,0.09478823452169059,0.09115787557302377,0.006765390776145535,0.08439248513716918,0.0008769823550684457,4.702701400487851e-06,0.0,1.6696224291442772e-07,7.807014402911664e-06,0.009909826883067114,0.03514531878834097,4.2487908330074856e-07,1.013279547106112e-06,0.004238658039392824,0.001,0.0001,1.0,1.0,0.017291172208566952,0.06755990187963869,0.0540479214495828,0.999692281596681,0.9150745359241453,0.03933053333153073,0.0007908603412290224,8.612201455458163e-05,0.24804233014583588,0.3273313343524933,5.0,0.1,0.0001,0.0,0.005015962678067482,0.000125163886248349,0.011102487898280477,8.275598669663454e-05,0.011019731688703228,0.0828310093945927,0.006703323786123059,0.07612768624328141,25.833000778133034,31.28205128205128,1.0,0.0011945808779957711,0.00017094146130700063,0.1709414526947543,132.64151992145767,159.72649572649573,5.073964523377868,0.00038713980321851996,1.3025683868725023e-06,0.0013025683215540699,2,1e-06,32,64,32,0,1.0,0.0,10.307622909545898,11.017321586608887,10.732540130615234,0.18060478568077087,0.9970970153808594,0.39166539907455444,0.8857713937759399,0.11056709289550781,256,64,256,0,1.0,0.0,0.04333426058292389,1.4487524032592773,0.4702323377132416,0.22508153319358826,0.9978214502334595,-0.9957892298698425,0.0025192967150360346,0.5708225965499878,288,288,0,1.0,0.0,0.05988308595072839,0.12364419850897282,0.12364419850897282,0.0008679309022672316,0.013961257777922858,0.056153096897046895,0.34951612189091663,186,26880.0,1.0,0.12364419850897282,0.004778387768075187,0.11886581049320545,0.0,0.0,0.0,0.12364419850897282,0.12364419850897282,0.0008679309022672316,0.013961257777922858,0.056153096897046895,0.34951612189091663,0.05988308595072839,0.13339270999835384,0.3476344020135941,0.12364419850897282,0.12364419850897282,0.0008679309022672316,0.013961257777922858,0.056153096897046895,0.34951612189091663,0.05988308595072839,0.13339270999835384,0.3476344020135941,0.12364419850897282,0.004778387768075187,0.11886581049320545,0.0,0.0,0.0,1,0,294,294
base,120,120,98.89579176902771,0.0006579634122155989,0.0931693104087797,0.090157580235575,0.006471706669713952,0.08368587423848291,0.0008862803881176007,3.290301562947595e-05,0.0,1.6769400221335704e-07,6.153825227332532e-06,0.005705734961875117,0.030431467466629468,3.9980319903332935e-07,1.0132795509928415e-06,0.00398789919140693,0.001,0.0001,1.0,1.0,0.015942537997905005,0.0675345189933084,0.05402761554488769,0.9996947860106443,0.918678218482906,0.0396132530628616,0.0007972581362805497,8.902225336064903e-05,0.24877741932868958,0.3278355002403259,5.0,0.1,0.0001,0.0,0.0048325374368259795,0.00011716994559432133,0.010324882645892281,7.817514129301421e-05,0.010246707842900203,0.0824139179327549,0.006413075314739194,0.07600084335630776,25.699970212757076,31.435897435897434,1.0,0.0012016896492777727,0.0001764093788388448,0.17640937087882277,129.10681778345352,155.02564102564102,4.924483267371198,0.0003928266190545649,1.63512768568759e-06,0.0016351275973849827,2,1e-06,32,64,32,0,1.0,0.0,10.291826248168945,10.9894380569458,10.701562881469727,0.17719189822673798,0.9973191618919373,0.4003225564956665,0.8875941634178162,0.10907503962516785,256,64,256,0,1.0,0.0,0.056528374552726746,1.5501055717468262,0.47592878341674805,0.23361074924468994,0.9967318773269653,-0.9946634769439697,0.00459677167236805,0.5747947692871094,288,288,0,1.0,0.0,0.06017020285650287,0.12181632585347967,0.12181632585347967,0.0008941407964386522,0.013862472695989473,0.05647567535314949,0.35279569350263124,186,26880.0,1.0,0.12181632585347967,0.004833235083385668,0.11698309078495553,0.0,0.0,0.0,0.12181632585347967,0.12181632585347967,0.0008941407964386522,0.013862472695989473,0.05647567535314949,0.35279569350263124,0.06017020285650287,0.13361622048642047,0.35053762793540955,0.12181632585347967,0.12181632585347967,0.0008941407964386522,0.013862472695989473,0.05647567535314949,0.35279569350263124,0.06017020285650287,0.13361622048642047,0.35053762793540955,0.12181632585347967,0.004833235083385668,0.11698309078495553,0.0,0.0,0.0,1,0,294,294
base,121,121,100.26756858825684,0.0006530251921667629,0.09284640275515042,0.08990471478965548,0.006535528148086662,0.08336918788333224,0.0008865263105099463,1.1904334299202657e-05,0.0,1.6832699789392012e-07,6.471416133407705e-06,0.005583895345115994,0.029689450071662918,3.942564255085095e-07,1.0132795500211591e-06,0.003932431450662896,0.001,0.0001,1.0,1.0,0.016651978525213707,0.06746308101166008,0.05397046534105753,0.9996962730701153,0.9185717982104701,0.03977955352419462,0.0007993733758130708,8.715293472796942e-05,0.24952340126037598,0.32842060923576355,5.0,0.1,0.0001,0.0,0.004860238850705772,0.00011776448156571206,0.010421166053185096,0.00013053793714851397,0.010290628315037133,0.08208884005872612,0.006437624697215282,0.07565121651969405,25.791825677594566,31.4017094017094,1.0,0.001202702984954111,0.00017265973628337422,0.17265972724327674,129.6549947037656,155.56410256410257,4.9406165892053,0.00039604376766703324,1.6461336383648286e-06,0.001646133569570688,2,1e-06,32,64,32,0,1.0,0.0,10.28482437133789,10.966039657592773,10.67520809173584,0.1768001765012741,0.9973306655883789,0.400725781917572,0.8893975019454956,0.10768046975135803,256,64,256,0,1.0,0.0,0.08789483457803726,1.4451663494110107,0.4756885766983032,0.22811467945575714,0.9949659705162048,-0.9943186044692993,0.004782807547599077,0.5690243244171143,288,288,0,1.0,0.0,0.05837909559348738,0.1213468980598957,0.1213468980598957,0.0009023128003080158,0.012887596782054051,0.051920944600746595,0.3515591326379968,186,26880.0,1.0,0.1213468980598957,0.0049801956455996065,0.11636670345955706,0.0,0.0,0.0,0.1213468980598957,0.1213468980598957,0.0009023128003080158,0.012887596782054051,0.051920944600746595,0.3515591326379968,0.05837909559348738,0.1294854576348938,0.3513440800610409,0.1213468980598957,0.1213468980598957,0.0009023128003080158,0.012887596782054051,0.051920944600746595,0.3515591326379968,0.05837909559348738,0.1294854576348938,0.3513440800610409,0.1213468980598957,0.0049801956455996065,0.11636670345955706,0.0,0.0,0.0,1,0,294,294
base,122,122,101.04281187057495,0.0006480707394875134,0.09320179099201137,0.09005234721634123,0.006513328980017676,0.08353901934674662,0.0008960085912034488,2.9302735486601152e-05,0.0,1.6897010939529483e-07,6.0033286854183025e-06,0.006502662519188041,0.031469415730008714,3.937925510236267e-07,1.013279547106112e-06,0.003927792715999242,0.001,0.0001,1.0,1.0,0.01619152580666491,0.06760996198042846,0.0540879703580569,0.9996936158237294,0.9184132111378205,0.04017028878005142,0.0008044037057492787,9.160488542307638e-05,0.2502421736717224,0.3290957808494568,5.0,0.1,0.0001,0.0,0.004831359507794627,0.0001177578572882588,0.010542947002965162,0.00014697638555214956,0.010395971118894398,0.08214513702779754,0.0064030966928435695,0.07574204100757582,25.50119219885932,31.307692307692307,1.0,0.0012048020059417966,0.00018157783707799827,0.1815778292142428,129.53482962062216,155.66666666666666,4.944679964102008,0.0004040054053080101,1.6319324629421317e-06,0.001631932380871895,2,1e-06,32,64,32,0,1.0,0.0,10.260049819946289,10.930736541748047,10.64620304107666,0.1782621145248413,0.9971659779548645,0.4124552607536316,0.8901536464691162,0.10626336187124252,256,64,256,0,1.0,0.0,0.08367814123630524,1.9664263725280762,0.4715898036956787,0.2353341281414032,0.9937624931335449,-0.9942439794540405,0.005480489693582058,0.5659550428390503,288,288,0,1.0,0.0,0.06390507652434291,0.12229287735325226,0.12229287735325226,0.0009221799493311567,0.015236472381123653,0.061489655518583874,0.3562903148672914,186,26880.0,1.0,0.12229287735325226,0.005013840027807399,0.11727903815025979,0.0,0.0,0.0,0.12229287735325226,0.12229287735325226,0.0009221799493311567,0.015236472381123653,0.061489655518583874,0.3562903148672914,0.06390507652434291,0.13993602298120017,0.34913977820386166,0.12229287735325226,0.12229287735325226,0.0009221799493311567,0.015236472381123653,0.061489655518583874,0.3562903148672914,0.06390507652434291,0.13993602298120017,0.34913977820386166,0.12229287735325226,0.005013840027807399,0.11727903815025979,0.0,0.0,0.0,1,0,294,294
base,123,123,101.40665340423584,0.0006431005974894185,0.09198009757659374,0.08896629174805096,0.006564273793473203,0.08240201776353721,0.0009001845406352455,5.304920845306837e-06,0.0,1.695462877709609e-07,7.65647687782616e-06,0.005972040518143206,0.03021426470233844,3.988153549096393e-07,1.013279547106112e-06,0.003978020755343267,0.001,0.0001,1.0,1.0,0.017434177689381644,0.06762479977984713,0.054099839865269825,0.9996948318603711,0.918258797409188,0.040068513594376735,0.0008039478079264617,9.62367346676954e-05,0.25094276666641235,0.3295861482620239,5.0,0.1,0.0001,0.0,0.004859332172359284,0.00011973191530525318,0.009555054016602345,0.00015185419151670913,0.00940319972160535,0.08180000129927936,0.006450383147845666,0.07534961809969357,25.217671532916206,31.273504273504273,1.0,0.0012060524199285314,0.0001907543456216709,0.19075433616964227,128.39567624605618,154.8034188034188,4.937704373791875,0.00040184319542689074,1.71912438041549e-06,0.001719124296791533,2,1e-06,32,64,32,0,1.0,0.0,10.252215385437012,10.897995948791504,10.620614051818848,0.17474320530891418,0.9972312450408936,0.42477408051490784,0.8929700255393982,0.10350057482719421,256,64,256,0,1.0,0.0,0.055938202887773514,1.4636667966842651,0.46878308057785034,0.219346821308136,0.9933763742446899,-0.9946924448013306,0.003969468642026186,0.5685036182403564,288,288,0,1.0,0.0,0.06114618407101721,0.12115776094984501,0.12115776094984501,0.000896381367830203,0.015402502953625654,0.06149828554411489,0.3565053681852997,186,26880.0,1.0,0.12115776094984501,0.004834082468036324,0.11632367778331676,0.0,0.0,0.0,0.12115776094984501,0.12115776094984501,0.000896381367830203,0.015402502953625654,0.06149828554411489,0.3565053681852997,0.06114618407101721,0.13446008566246237,0.3557526807310761,0.12115776094984501,0.12115776094984501,0.000896381367830203,0.015402502953625654,0.06149828554411489,0.3565053681852997,0.06114618407101721,0.13446008566246237,0.3557526807310761,0.12115776094984501,0.004834082468036324,0.11632367778331676,0.0,0.0,0.0,1,0,294,294
base,124,124,99.77462100982666,0.0006381153112045565,0.09240599613413851,0.08905235767109781,0.006373094482363289,0.08267926386533639,0.0009384301563716915,9.65598051269085e-05,0.0,1.7020591677954565e-07,9.264990652620996e-06,0.0065596743524631755,0.03324554970440192,4.0372649512209267e-07,1.0132795441910648e-06,0.0040271321737454235,0.001,0.0001,1.0,1.0,0.018105707043765955,0.06737846225245386,0.05390277062343736,0.9996961334831694,0.9187449919871795,0.04108006475318191,0.0008457268087758531,9.270334818662128e-05,0.2517834007740021,0.33013319969177246,5.0,0.1,0.0001,0.0,0.00474459677337645,0.00011917215685656645,0.010042358667422563,6.647013191483979e-05,0.009975888790228428,0.08152058841581018,0.00632324188342716,0.07519734752738577,25.4674130790254,31.435897435897434,1.0,0.0012688177645715892,0.00018358876490637133,0.18358875543643266,128.89698041606152,155.6239316239316,4.944770406950606,0.0004226358532288677,1.8179315628248542e-06,0.0018179314768212473,2,1e-06,32,64,32,0,1.0,0.0,10.222451210021973,10.89611530303955,10.598672866821289,0.18312445282936096,0.9969750046730042,0.39555394649505615,0.8908599019050598,0.10490342974662781,256,64,256,0,1.0,0.0,0.06449146568775177,1.5971143245697021,0.4918239712715149,0.238616943359375,0.9956814050674438,-0.9921676516532898,0.004141873214393854,0.5681623220443726,288,288,0,1.0,0.0,0.060158058590385866,0.12229233330234568,0.12229233330234568,0.0009712100492176065,0.013162655400372642,0.054045130683970384,0.3482795622480172,186,26880.0,1.0,0.12229233330234568,0.004546576127548643,0.1177457572614893,0.0,0.0,0.0,0.12229233330234568,0.12229233330234568,0.0009712100492176065,0.013162655400372642,0.054045130683970384,0.3482795622480172,0.060158058590385866,0.13106692458192507,0.34645160632107846,0.12229233330234568,0.12229233330234568,0.0009712100492176065,0.013162655400372642,0.054045130683970384,0.3482795622480172,0.060158058590385866,0.13106692458192507,0.34645160632107846,0.12229233330234568,0.004546576127548643,0.1177457572614893,0.0,0.0,0.0,1,0,294,294
base,125,125,101.79869484901428,0.0006331154273257479,0.0922337730980327,0.0891181647650197,0.006506895610135304,0.08261126986680886,0.000948169466175744,1.6889574690761729e-06,0.0,1.705253792227493e-07,7.847036377265445e-06,0.006168469511525721,0.030969764925857894,4.147086288582097e-07,1.7042246505826548e-05,0.0039766638300433345,0.001,0.0001,1.0,1.0,0.017136816365214493,0.06755990143387745,0.05404792108342179,0.9996922882194192,0.9175910623664529,0.04145951075558989,0.0008575922454325244,9.057722170712848e-05,0.2521182894706726,0.3303925096988678,5.0,0.1,0.0001,0.0,0.004832470109964856,0.00011986440254893237,0.009900420139997434,0.00012305835819142495,0.009777362020606669,0.08169284959634145,0.006414601837511724,0.07527824847871421,25.644458134969074,31.29059829059829,1.0,0.0012847780693784102,0.00017918608009339604,0.17918607108613366,129.25281239371014,155.7863247863248,4.949671556556984,0.00043040642322789336,1.9683635020796787e-06,0.0019683634114061664,2,1e-06,32,64,32,0,1.0,0.0,10.200737953186035,10.85978889465332,10.576215744018555,0.17775064706802368,0.9969547390937805,0.4290252923965454,0.8954407572746277,0.10029689967632294,256,64,256,0,1.0,0.0,0.04814169555902481,2.947833299636841,0.4895658791065216,0.26704081892967224,0.992840051651001,-0.9945200085639954,0.005100281443446875,0.5635759234428406,288,288,0,1.0,0.0,0.06083322070058315,0.11794882315270444,0.11794882315270444,0.0009425151857864508,0.014535475987941027,0.05895301838335331,0.36801074429224895,186,26880.0,1.0,0.11794882315270444,0.0050753241484152506,0.11287349811259736,0.0,0.0,0.0,0.11794882315270444,0.11794882315270444,0.0009425151857864508,0.014535475987941027,0.05895301838335331,0.36801074429224895,0.06083322070058315,0.13401213853109267,0.36333332571291155,0.11794882315270444,0.11794882315270444,0.0009425151857864508,0.014535475987941027,0.05895301838335331,0.36801074429224895,0.06083322070058315,0.13401213853109267,0.36333332571291155,0.11794882315270444,0.0050753241484152506,0.11287349811259736,0.0,0.0,0.0,1,0,294,294
base,126,126,100.72246170043945,0.000628101494146603,0.09345402332962069,0.08981268305299628,0.006360486531868959,0.0834521968395282,0.0009338884120886652,5.6490600586701665e-05,0.0,1.7112524976535218e-07,9.786135962501698e-06,0.008939107973029057,0.035133063809102416,3.9687255750330723e-07,1.0132795509928415e-06,0.003958592778390162,0.001,0.0001,1.0,1.0,0.018355918658149038,0.06739699633585082,0.053917596960424356,0.9996964065437643,0.9192478799412394,0.0413221013533254,0.0008425669327704634,9.132148298727444e-05,0.2529715299606323,0.3314192593097687,5.0,0.1,0.0001,0.0,0.004704667032401786,0.000119695480978594,0.011238342676407252,0.00010460545507888509,0.011133737543709258,0.08138392636409172,0.0062820324395647924,0.07510189380910662,25.486170059595352,31.367521367521366,1.0,0.0012577287703513717,0.00018097915576967911,0.18097914793552497,127.74251928084936,154.32478632478632,4.903868422806131,0.00042740509543830576,1.6638092337946848e-06,0.0016638091486743372,2,1e-06,32,64,32,0,1.0,0.0,10.197436332702637,10.850496292114258,10.55543041229248,0.18010209500789642,0.9965865612030029,0.45268702507019043,0.8982549905776978,0.09658345580101013,256,64,256,0,1.0,0.0,0.051505979150533676,1.1905139684677124,0.48079168796539307,0.21041397750377655,0.9938952326774597,-0.9947441816329956,0.0012562565971165895,0.5573480725288391,288,288,0,1.0,0.0,0.06315958649621055,0.12170660178712074,0.12170660178712074,0.000971608864579429,0.01559960611304769,0.05699888559218536,0.3589784880719518,186,26880.0,1.0,0.12170660178712074,0.004786462111874146,0.11692013956130819,0.0,0.0,0.0,0.12170660178712074,0.12170660178712074,0.000971608864579429,0.01559960611304769,0.05699888559218536,0.3589784880719518,0.06315958649621055,0.13565532871151484,0.35451612212965566,0.12170660178712074,0.12170660178712074,0.000971608864579429,0.01559960611304769,0.05699888559218536,0.3589784880719518,0.06315958649621055,0.13565532871151484,0.35451612212965566,0.12170660178712074,0.004786462111874146,0.11692013956130819,0.0,0.0,0.0,1,0,294,294
base,127,127,101.38486552238464,0.0006230740615013976,0.09269941146047707,0.08946546472800083,0.006364564896903486,0.08310090069077973,0.0009767806384330376,1.612377480372914e-05,0.0,1.720255375337138e-07,8.65510987538643e-06,0.005996911025319535,0.032818983603491746,4.0250484193132866e-07,1.0132795461344297e-06,0.0040149156160405874,0.001,0.0001,1.0,1.0,0.01743693123611375,0.06768601037498213,0.054148808440082095,0.9996965568289797,0.9171153011485043,0.04225924818052186,0.0008843052559174024,9.247538298204278e-05,0.2538389563560486,0.3321806490421295,5.0,0.1,0.0001,0.0,0.004692209913379425,0.00012011612771958526,0.010470847798208905,0.00010910393415480597,0.01036174378843389,0.08161232907038468,0.006282736945292379,0.07532959284945431,25.510749996217907,31.478632478632477,1.0,0.0013215199697953768,0.00018338858652173376,0.1833885775672065,127.88168419731988,155.22222222222223,4.921798714304277,0.00044709053706441424,1.5621797355569836e-06,0.0015621796632424379,2,1e-06,32,64,32,0,1.0,0.0,10.150022506713867,10.8167724609375,10.513555526733398,0.18568700551986694,0.9965029954910278,0.44815099239349365,0.8970909118652344,0.0970790684223175,256,64,256,0,1.0,0.0,0.06789427995681763,1.444169282913208,0.4881916642189026,0.2190932035446167,0.9953935742378235,-0.9915155172348022,0.006323885638266802,0.5560286641120911,288,288,0,1.0,0.0,0.06507522164173024,0.12036963742464146,0.12036963742464146,0.001007188028566777,0.017347048765288725,0.06575939509396751,0.3694085944243657,186,26880.0,1.0,0.12036963742464146,0.004694103520918399,0.11567553354704634,0.0,0.0,0.0,0.12036963742464146,0.12036963742464146,0.001007188028566777,0.017347048765288725,0.06575939509396751,0.3694085944243657,0.06507522164173024,0.14177519062994628,0.35715053110353406,0.12036963742464146,0.12036963742464146,0.001007188028566777,0.017347048765288725,0.06575939509396751,0.3694085944243657,0.06507522164173024,0.14177519062994628,0.35715053110353406,0.12036963742464146,0.004694103520918399,0.11567553354704634,0.0,0.0,0.0,1,0,294,294
base,128,128,100.3956389427185,0.0006180336807047746,0.09170394257093087,0.08851019713359001,0.006381371663485328,0.08212882611486647,0.0009904130243568912,5.3935119102143837e-08,0.0,1.7269526280800235e-07,1.11508735062015e-05,0.006133653187694458,0.03179030147436847,3.9805979534410915e-07,1.013279554879571e-06,0.003970465165141047,0.001,0.0001,1.0,1.0,0.017778655243480306,0.06752485326594776,0.05401988314767169,0.9996958492148635,0.9176244491185898,0.042774355245961085,0.0009009697077533182,8.944331203277907e-05,0.2543327510356903,0.332510381937027,5.0,0.1,0.0001,0.0,0.004735523958204903,0.00011912413000161003,0.009854206162640173,0.00010128415977725616,0.009752922078483125,0.08111954232056935,0.006305408540667377,0.07481413468336448,25.71739423376882,31.572649572649574,1.0,0.0013441595031967403,0.0001775003586220157,0.17750034984360394,128.7661623180422,156.3846153846154,4.94305168192126,0.00045777991429990175,1.3862655346376694e-06,0.0013862654694125184,2,1e-06,32,64,32,0,1.0,0.0,10.127301216125488,10.788384437561035,10.477764129638672,0.18938104808330536,0.9964607954025269,0.4530503749847412,0.8980889320373535,0.09570696949958801,256,64,256,0,1.0,0.0,0.07660277187824249,1.3189138174057007,0.4998050928115845,0.22318145632743835,0.9956424236297607,-0.9943255186080933,0.005761340726166964,0.558876633644104,288,288,0,1.0,0.0,0.06388552789325996,0.12002604644983372,0.12002604644983372,0.00098694752569885,0.01544866531771878,0.05895310639834372,0.35145160595896424,186,26880.0,1.0,0.12002604644983372,0.004797856365528671,0.1152281903840126,0.0,0.0,0.0,0.12002604644983372,0.12002604644983372,0.00098694752569885,0.01544866531771878,0.05895310639834372,0.35145160595896424,0.06388552789325996,0.13544175976146294,0.35231182059293153,0.12002604644983372,0.12002604644983372,0.00098694752569885,0.01544866531771878,0.05895310639834372,0.35145160595896424,0.06388552789325996,0.13544175976146294,0.35231182059293153,0.12002604644983372,0.004797856365528671,0.1152281903840126,0.0,0.0,0.0,1,0,294,294
base,129,129,103.23846244812012,0.0006129809044912887,0.09102485239760488,0.0880595686344,0.006590277672960208,0.0814692918688823,0.0009540480051118021,9.476676838010804e-06,0.0,1.730556565209756e-07,9.982006415213587e-06,0.0054887264318222925,0.029049283769140895,4.216754751489608e-07,1.4201374351342432e-05,0.004074741037498809,0.001,0.0001,1.0,1.0,0.01863210490689828,0.06805716295782317,0.054445730490434885,0.9996962679757012,0.9151997362446581,0.04217307119924798,0.000868472294547619,8.557571065746463e-05,0.25478610396385193,0.3328874707221985,5.0,0.1,0.0001,0.0,0.004912173828213579,0.00012388538617904906,0.009290979968176948,9.286476888208308e-05,0.00919811542217548,0.08109133365826729,0.006520629096298645,0.0745707053022507,25.892760252341247,31.623931623931625,1.0,0.0012918712967274408,0.00016994108342710868,0.16994107482779738,130.48106821174295,158.04273504273505,4.987857313761096,0.00044507329833781364,1.2103391114116178e-06,0.0012103390489887986,2,1e-06,32,64,32,0,1.0,0.0,10.10802936553955,10.764873504638672,10.461020469665527,0.18686556816101074,0.9966943264007568,0.4800749719142914,0.9016067385673523,0.09182043373584747,256,64,256,0,1.0,0.0,0.06042392924427986,1.2445214986801147,0.4843671917915344,0.20965486764907837,0.9954327940940857,-0.9947197437286377,0.001492067240178585,0.5522221326828003,288,288,0,1.0,0.0,0.06773042645786077,0.11878580473204876,0.11878580473204876,0.0009680402730195287,0.01617805542229044,0.06210359344158762,0.36623655043302045,186,26880.0,1.0,0.11878580473204876,0.0050137324575731095,0.11377207205650654,0.0,0.0,0.0,0.11878580473204876,0.11878580473204876,0.0009680402730195287,0.01617805542229044,0.06210359344158762,0.36623655043302045,0.06773042645786077,0.14374130804051635,0.36150536886466444,0.11878580473204876,0.11878580473204876,0.0009680402730195287,0.01617805542229044,0.06210359344158762,0.36623655043302045,0.06773042645786077,0.14374130804051635,0.36150536886466444,0.11878580473204876,0.0050137324575731095,0.11377207205650654,0.0,0.0,0.0,1,0,294,294
base,130,130,101.79305791854858,0.0006079162869547909,0.09160912087839893,0.08830964558909082,0.006323769708506317,0.0819858766009665,0.0009763008655192187,3.7466416644871744e-05,0.0,1.734730391622451e-07,1.131241367725321e-05,0.006981672459922763,0.031742788230379425,3.995488046322481e-07,1.0132795519645238e-06,0.003985355256929293,0.001,0.0001,1.0,1.0,0.018604864151431963,0.06748502421328145,0.05398801968902604,0.9996923493523883,0.9184925046741453,0.042853839408892855,0.0008920905912597465,8.421027764870037e-05,0.2550596594810486,0.3332686424255371,5.0,0.1,0.0001,0.0,0.004676252680146095,0.00012006147691366088,0.009974864812997671,0.00011208947174824201,0.009862775476569803,0.08082849723406327,0.00623970260270513,0.07458879499353914,25.88409205379649,31.504273504273506,1.0,0.0013245498228213217,0.00016716801999589533,0.16716801203214204,129.14874301812588,156.48717948717947,4.950129772780306,0.0004596313661656892,1.2525351159140875e-06,0.0012525350619585086,2,1e-06,32,64,32,0,1.0,0.0,10.087865829467773,10.767088890075684,10.450004577636719,0.1931867152452469,0.9965898990631104,0.46486592292785645,0.9005213975906372,0.0925009623169899,256,64,256,0,1.0,0.0,0.05055960267782211,1.3227102756500244,0.4938699007034302,0.2145688682794571,0.9936801791191101,-0.9932785034179688,0.0007417835877276957,0.5530446767807007,288,288,0,1.0,0.0,0.06292302964595697,0.1202454462330392,0.1202454462330392,0.0009790651742963398,0.016677302738366227,0.06195428340084931,0.362956981184662,186,26880.0,1.0,0.1202454462330392,0.004559024296542431,0.11568642217428127,0.0,0.0,0.0,0.1202454462330392,0.1202454462330392,0.0009790651742963398,0.016677302738366227,0.06195428340084931,0.362956981184662,0.06292302964595697,0.1388347727316682,0.3553225739348319,0.1202454462330392,0.1202454462330392,0.0009790651742963398,0.016677302738366227,0.06195428340084931,0.362956981184662,0.06292302964595697,0.1388347727316682,0.3553225739348319,0.1202454462330392,0.004559024296542431,0.11568642217428127,0.0,0.0,0.0,1,0,294,294
base,131,131,100.97744107246399,0.0006028403834876673,0.09158353628511103,0.08832298894213815,0.006321660125564434,0.08200132929616505,0.001009714488700255,1.8230776708477584e-05,0.0,1.739480453618612e-07,1.0626799112868279e-05,0.006565056352689066,0.03151400078438286,3.94122049913338e-07,1.0132795461344297e-06,0.003931087697955629,0.001,0.0001,1.0,1.0,0.01859338029136515,0.0676860096745002,0.054148807771440245,0.9996965537723314,0.9172509348290598,0.04368720471094816,0.0009254155373081374,8.42989517963376e-05,0.25562411546707153,0.3337891399860382,5.0,0.1,0.0001,0.0,0.004667242320302205,0.00011936757555226477,0.010218785868750678,0.000136796456690018,0.01008198913345989,0.08065889960425532,0.0062190627810569145,0.07443983744607012,25.96600801516802,31.58974358974359,1.0,0.0013728672618635444,0.00016733714645906576,0.16733713842864728,130.23206518450354,157.991452991453,4.990427873325538,0.00047796381573773857,1.2607575106222091e-06,0.0012607574462890625,2,1e-06,32,64,32,0,1.0,0.0,10.071259498596191,10.728079795837402,10.417224884033203,0.19692058861255646,0.9964171051979065,0.4615558683872223,0.8991893529891968,0.09341926872730255,256,64,256,0,1.0,0.0,0.08523953706026077,1.1493412256240845,0.4998215436935425,0.20691536366939545,0.9932717680931091,-0.9921873211860657,0.0028027577791363,0.5487237572669983,288,288,0,1.0,0.0,0.06275979306308492,0.12057783692441087,0.12057783692441087,0.0009949548972493156,0.014985419420515417,0.059437054342099574,0.354354831079642,186,26880.0,1.0,0.12057783692441087,0.004450097766784119,0.11612773876875004,0.0,0.0,0.0,0.12057783692441087,0.12057783692441087,0.0009949548972493156,0.014985419420515417,0.059437054342099574,0.354354831079642,0.06275979306308492,0.13801799129734757,0.3498924659785404,0.12057783692441087,0.12057783692441087,0.0009949548972493156,0.014985419420515417,0.059437054342099574,0.354354831079642,0.06275979306308492,0.13801799129734757,0.3498924659785404,0.12057783692441087,0.004450097766784119,0.11612773876875004,0.0,0.0,0.0,1,0,294,294
base,132,132,102.18340849876404,0.0005977537507199337,0.09153190223325013,0.08824145749338672,0.006300272654869363,0.08194118464349681,0.0010196395844229076,4.980265377805783e-06,0.0,1.7451051730742432e-07,1.3704121745338355e-05,0.006854591033477177,0.03159943103599243,3.932150131428595e-07,1.0132795480777943e-06,0.003922017354370914,0.001,0.0001,1.0,1.0,0.019960294875642683,0.0679142081266285,0.05433136614787783,0.9996953025842324,0.9178331163194444,0.043978530849911206,0.0009271434675424527,9.249611843514662e-05,0.2561635673046112,0.3343707025051117,5.0,0.1,0.0001,0.0,0.004641050341515205,0.00012107169115754207,0.01013965229702811,0.00011824740049166557,0.010021404832856268,0.08063671814325528,0.006211587104500614,0.07442513114621496,25.520640454740604,31.4017094017094,1.0,0.0013702394436790138,0.0001834561095227742,0.18345610096923307,127.65735280615652,155.07692307692307,4.9170836080801,0.0004840474986196615,1.5361268999378387e-06,0.0015361268296201006,2,1e-06,32,64,32,0,1.0,0.0,10.048080444335938,10.704848289489746,10.38983154296875,0.19540561735630035,0.9964418411254883,0.47778230905532837,0.9005745649337769,0.09142500907182693,256,64,256,0,1.0,0.0,0.05912471190094948,1.322502851486206,0.4937436580657959,0.20484858751296997,0.9917376041412354,-0.9932762384414673,0.001992858247831464,0.5413959622383118,288,288,0,1.0,0.0,0.06953234236527195,0.11924280194526023,0.11924280194526023,0.0009988742110200544,0.018071050640516062,0.0651000359180754,0.364677409971914,186,26880.0,1.0,0.11924280194526023,0.0045196968774767,0.11472310553839866,0.0,0.0,0.0,0.11924280194526023,0.11924280194526023,0.0009988742110200544,0.018071050640516062,0.0651000359180754,0.364677409971914,0.06953234236527195,0.14625463126006946,0.357419347731016,0.11924280194526023,0.11924280194526023,0.0009988742110200544,0.018071050640516062,0.0651000359180754,0.364677409971914,0.06953234236527195,0.14625463126006946,0.357419347731016,0.11924280194526023,0.0045196968774767,0.11472310553839866,0.0,0.0,0.0,1,0,294,294
base,133,133,102.1651394367218,0.0005926569464581937,0.09144489690024629,0.08815776161913179,0.006282979538903022,0.08187478207624875,0.001022942102032626,2.7936312139161633e-05,0.0,1.7508965275547413e-07,1.316118189499422e-05,0.006506756095327118,0.03170372096773905,3.9553149074329195e-07,1.0132795480777943e-06,0.00394518212435178,0.001,0.0001,1.0,1.0,0.019669417467000138,0.0673486735098637,0.05387893922499612,0.9996959791224227,0.9179416232638888,0.044113789454229876,0.0009298921507011112,9.304995388120938e-05,0.2567237317562103,0.33491936326026917,5.0,0.1,0.0001,0.0,0.004618591038932084,0.00012082824605774795,0.010362666386824388,0.00013448242257293474,0.010228184043851674,0.08038576138325226,0.006182117721973321,0.07420364417072035,25.483491661202194,31.47008547008547,1.0,0.001372627154764775,0.00018474328245581564,0.1847432739714272,127.564698308961,155.4188034188034,4.925335506529891,0.00048715714141368295,1.356624191233204e-06,0.0013566241305098575,2,1e-06,32,64,32,0,1.0,0.0,10.015392303466797,10.675004005432129,10.359390258789062,0.19753354787826538,0.9965991973876953,0.4987861216068268,0.9034929275512695,0.08804290741682053,256,64,256,0,1.0,0.0,0.05509486049413681,1.142504096031189,0.4922921359539032,0.19486290216445923,0.9956138730049133,-0.9894824624061584,0.002260558307170868,0.5399320721626282,288,288,0,1.0,0.0,0.06915903038355292,0.1182202530351091,0.1182202530351091,0.0010367038862858999,0.01788403836431943,0.06462616677976825,0.3707526785832259,186,26880.0,1.0,0.1182202530351091,0.00467531321609908,0.11354493936325641,0.0,0.0,0.0,0.1182202530351091,0.1182202530351091,0.0010367038862858999,0.01788403836431943,0.06462616677976825,0.3707526785832259,0.06915903038355292,0.1426513045225092,0.3598387021851796,0.1182202530351091,0.1182202530351091,0.0010367038862858999,0.01788403836431943,0.06462616677976825,0.3707526785832259,0.06915903038355292,0.1426513045225092,0.3598387021851796,0.1182202530351091,0.00467531321609908,0.11354493936325641,0.0,0.0,0.0,1,0,294,294
base,134,134,100.88385605812073,0.0005875505296244705,0.09192950609657499,0.08857560896465921,0.006186962284895982,0.0823886472827349,0.0010517624129230778,1.0301134127200159e-05,0.0,1.7556250121291919e-07,1.3859208987250788e-05,0.007008296436069008,0.03181226325468121,3.8903008544123537e-07,1.0132795412760177e-06,0.003880168090407283,0.001,0.0001,1.0,1.0,0.019462956115603447,0.06734867373274432,0.05387893922499612,0.9996959714808016,0.9174950754540598,0.04505091313368235,0.0009692839344836071,8.247847644946515e-05,0.2566900849342346,0.3351181149482727,5.0,0.1,0.0001,0.0,0.004579266466590392,0.00011941063376770426,0.010898881997817602,8.722918872267772e-05,0.010811652892675156,0.08040144708421496,0.006121540392358971,0.07427990761322853,26.050522747202816,31.60683760683761,1.0,0.0014305408620156157,0.00016351433419975708,0.1635143267802703,130.43001129280808,157.87179487179486,4.97845003802032,0.0005080270019765848,1.4426179122319497e-06,0.0014426178402370876,2,1e-06,32,64,32,0,1.0,0.0,9.97432804107666,10.646613121032715,10.329841613769531,0.2021406888961792,0.9964165687561035,0.49122193455696106,0.9015992283821106,0.08947314321994781,256,64,256,0,1.0,0.0,0.06869691610336304,1.404811143875122,0.5008798837661743,0.20430207252502441,0.994239091873169,-0.9908825755119324,0.004515114706009626,0.5327446460723877,288,288,0,1.0,0.0,0.06723076602824593,0.11798713055062801,0.11798713055062801,0.0010785146646122349,0.01728826421137739,0.06297913091557641,0.36596773476690375,186,26880.0,1.0,0.11798713055062801,0.004658647694010684,0.11332848335200167,0.0,0.0,0.0,0.11798713055062801,0.11798713055062801,0.0010785146646122349,0.01728826421137739,0.06297913091557641,0.36596773476690375,0.06723076602824593,0.14479214337564283,0.35731182127229627,0.11798713055062801,0.11798713055062801,0.0010785146646122349,0.01728826421137739,0.06297913091557641,0.36596773476690375,0.06723076602824593,0.14479214337564283,0.35731182127229627,0.11798713055062801,0.004658647694010684,0.11332848335200167,0.0,0.0,0.0,1,0,294,294
base,135,135,102.64221835136414,0.0005824350601949142,0.09089354871429949,0.0873068688899024,0.006281278914031692,0.0810255906266025,0.0010820489882244768,0.00027870042169960134,0.0,1.7578207810899593e-07,1.784861203582258e-05,0.006792793742432777,0.030924957818709888,4.0279446042575757e-07,1.0132795509928415e-06,0.004017811820794566,0.001,0.0001,1.0,1.0,0.02114727793054448,0.06760996245802978,0.05408797059685756,0.9996936219370264,0.9172467614850427,0.04551292847619098,0.0009928481622487626,8.920082261758005e-05,0.25692689418792725,0.3353877663612366,5.0,0.1,0.0001,0.0,0.004619875501912947,0.00012255885857072833,0.00951820764786158,0.00011555436186683484,0.009402653090974204,0.08016821328136656,0.006194613143626569,0.07397360080837184,25.81716936062544,31.487179487179485,1.0,0.0014672568873860515,0.00017676705670638537,0.17676704765385032,129.90506071107,157.83760683760684,4.990089356169723,0.0005184394478077531,1.6345897098546677e-06,0.001634589627257779,2,1e-06,32,64,32,0,1.0,0.0,9.9600830078125,10.641998291015625,10.307500839233398,0.2070314884185791,0.9964618682861328,0.4912462532520294,0.901600182056427,0.08891589939594269,256,64,256,0,1.0,0.0,0.06218773499131203,1.6405633687973022,0.5120334625244141,0.21911032497882843,0.9943867325782776,-0.9924389719963074,1.991613316931762e-06,0.5333972573280334,288,288,0,1.0,0.0,0.07036599979525612,0.11861675882593115,0.11861675882593115,0.001070747939631977,0.019187323613873413,0.06805152250754257,0.36193547449925895,186,26880.0,1.0,0.11861675882593115,0.004591024693775367,0.11402573341384847,0.0,0.0,0.0,0.11861675882593115,0.11861675882593115,0.001070747939631977,0.019187323613873413,0.06805152250754257,0.36193547449925895,0.07036599979525612,0.14969063478131447,0.35989246621567716,0.11861675882593115,0.11861675882593115,0.001070747939631977,0.019187323613873413,0.06805152250754257,0.36193547449925895,0.07036599979525612,0.14969063478131447,0.35989246621567716,0.11861675882593115,0.004591024693775367,0.11402573341384847,0.0,0.0,0.0,1,0,294,294
base,136,136,101.80455708503723,0.0005773110991383937,0.09190904336352633,0.08860991029148428,0.006180571049897589,0.08242933916994649,0.0010912311532033177,1.112735456126368e-06,0.0,1.7611607546298643e-07,1.5586628209463564e-05,0.006745615420847112,0.030636893887805123,3.8301570192010735e-07,1.0132795480777943e-06,0.003820024230258746,0.001,0.0001,1.0,1.0,0.02022432629815024,0.06750634449542078,0.05400507577145711,0.9996965894332299,0.9175973223824786,0.04598615894842352,0.0010112125543941162,8.001859745661962e-05,0.2573160231113434,0.33591628074645996,5.0,0.1,0.0001,0.0,0.004543013448834929,0.00012009459845639634,0.011251520397316696,0.00012489884661940427,0.011126621156676203,0.08017126973877606,0.006086896913938033,0.07408437330243933,26.265153884887695,31.752136752136753,1.0,0.0014933076364776264,0.00015828724607649163,0.15828723785204765,131.02639809632913,158.69230769230768,4.991655495659943,0.0005291174795243762,1.7499496706940179e-06,0.0017499495775271684,2,1e-06,32,64,32,0,1.0,0.0,9.92321491241455,10.6051664352417,10.272306442260742,0.2068706899881363,0.996361494064331,0.4782037138938904,0.901888370513916,0.08889830857515335,256,64,256,0,1.0,0.0,0.07811688631772995,1.2295173406600952,0.5123175382614136,0.2108876258134842,0.9924608469009399,-0.9890328645706177,0.009034955874085426,0.5336872935295105,288,288,0,1.0,0.0,0.07251887250771766,0.11743468616871124,0.11743468616871124,0.0011121268220681776,0.019301607354258697,0.07116017566483107,0.3730645070793808,186,26880.0,1.0,0.11743468616871124,0.004723310222888881,0.11271137664926813,0.0,0.0,0.0,0.11743468616871124,0.11743468616871124,0.0011121268220681776,0.019301607354258697,0.07116017566483107,0.3730645070793808,0.07251887250771766,0.15498264566544565,0.3639784867084154,0.11743468616871124,0.11743468616871124,0.0011121268220681776,0.019301607354258697,0.07116017566483107,0.3730645070793808,0.07251887250771766,0.15498264566544565,0.3639784867084154,0.11743468616871124,0.004723310222888881,0.11271137664926813,0.0,0.0,0.0,1,0,294,294
base,137,137,101.57695174217224,0.0005721792083549806,0.09078622717633207,0.0871288691703071,0.006153813539407192,0.08097505575826025,0.0011023683020741576,2.7225792614950074e-05,0.0,1.7675365019673555e-07,1.7051943589350176e-05,0.00817620592777872,0.03419495031683364,3.94026217374852e-07,1.0132795422477002e-06,0.003930129377473878,0.001,0.0001,1.0,1.0,0.020353007026844554,0.06742373105679822,0.05393898507787122,0.9996912734121339,0.9174512553418803,0.046416842402556,0.0010162927583456994,8.60755400282916e-05,0.2573363780975342,0.33631423115730286,5.0,0.1,0.0001,0.0,0.004538812447721377,0.00011988924355440152,0.009538027975294325,9.964535442682412e-05,0.009438382764147896,0.07997534812515618,0.006079079523587074,0.07389626881250969,25.993053786774986,31.521367521367523,1.0,0.0014929983428575927,0.00017021961722117013,0.17021960886115703,129.75382485348953,157.66666666666666,4.977568973223868,0.0005395871790575708,1.9314636466767324e-06,0.0019314635513175246,2,1e-06,32,64,32,0,1.0,0.0,9.886584281921387,10.609764099121094,10.25162124633789,0.21348702907562256,0.9962101578712463,0.47434622049331665,0.90021151304245,0.0890781581401825,256,64,256,0,1.0,0.0,0.07452495396137238,1.2468438148498535,0.5134309530258179,0.2101898342370987,0.9917203783988953,-0.9917853474617004,0.001796839525923133,0.5349838733673096,288,288,0,1.0,0.0,0.06818770116535566,0.11890515209512507,0.11890515209512507,0.0011411983534654088,0.019558797485285228,0.06591492191818292,0.3588709585288519,186,26880.0,1.0,0.11890515209512507,0.004410415555925128,0.11449473652433842,0.0,0.0,0.0,0.11890515209512507,0.11890515209512507,0.0011411983534654088,0.019558797485285228,0.06591492191818292,0.3588709585288519,0.06818770116535566,0.14393560187790982,0.3547849393980477,0.11890515209512507,0.11890515209512507,0.0011411983534654088,0.019558797485285228,0.06591492191818292,0.3588709585288519,0.06818770116535566,0.14393560187790982,0.3547849393980477,0.11890515209512507,0.004410415555925128,0.11449473652433842,0.0,0.0,0.0,1,0,294,294
base,138,138,99.72534370422363,0.0005670399506143306,0.09051325662523253,0.08736824040484224,0.006030753392200821,0.08133748778675357,0.001110502327672946,4.188360399606391e-05,0.0,1.7691697627873913e-07,1.878807479601114e-05,0.005477047345250782,0.028891036891911782,3.732762169712788e-07,1.0132795500211591e-06,0.0037226293745458634,0.001,0.0001,1.0,1.0,0.020782529384407222,0.06737846315989637,0.05390276971599485,0.9996961385775835,0.9187533386752137,0.04660243681098661,0.0010292375267236533,8.126480256617228e-05,0.25739872455596924,0.3364209532737732,5.0,0.1,0.0001,0.0,0.0044510953195998045,0.00011722956513304415,0.010405024911603358,0.00011339735112383834,0.010291627839080289,0.07956447172113973,0.005945705376867937,0.0736187670348037,26.166200311774883,31.641025641025642,1.0,0.001514953105415926,0.0001608962965502332,0.16089628904293746,131.21808519933978,159.23931623931625,5.025158473802801,0.0005435219418126134,1.6333079452950296e-06,0.001633307872674404,2,1e-06,32,64,32,0,1.0,0.0,9.874160766601562,10.582216262817383,10.238737106323242,0.2108048051595688,0.9961020946502686,0.5032018423080444,0.9031946659088135,0.08547982573509216,256,64,256,0,1.0,0.0,0.06794767081737518,1.178200602531433,0.5091190338134766,0.19844095408916473,0.9916619062423706,-0.9893495440483093,0.0015248184790834785,0.5319364070892334,288,288,0,1.0,0.0,0.07056184196143701,0.11710952729620833,0.11710952729620833,0.0011739432043891321,0.019799997248957233,0.06802435853688787,0.37521504470577804,186,26880.0,1.0,0.11710952729620833,0.004608152250937642,0.11250137585274717,0.0,0.0,0.0,0.11710952729620833,0.11710952729620833,0.0011739432043891321,0.019799997248957233,0.06802435853688787,0.37521504470577804,0.07056184196143701,0.14789128143300292,0.3662365517949545,0.11710952729620833,0.11710952729620833,0.0011739432043891321,0.019799997248957233,0.06802435853688787,0.37521504470577804,0.07056184196143701,0.14789128143300292,0.3662365517949545,0.11710952729620833,0.004608152250937642,0.11250137585274717,0.0,0.0,0.0,1,0,294,294
base,139,139,102.31638646125793,0.000561893889493969,0.09085756712234937,0.08746652508902754,0.006107543364294574,0.08135898182025322,0.0011509726038919045,3.7238674445284737e-06,0.0,1.7709618827440988e-07,2.106637094660133e-05,0.006785057898029748,0.03114895546474518,3.9059326373079915e-07,1.0132795509928415e-06,0.0038957998652058914,0.001,0.0001,1.0,1.0,0.021139778475412447,0.06791420755350691,0.05433136594091725,0.9996953102258536,0.917793469551282,0.0475899641139385,0.0010701431708736743,8.082943303377714e-05,0.25747427344322205,0.336607962846756,5.0,0.1,0.0001,0.0,0.004481950913094239,0.00012059473741300101,0.010505588136167608,0.00011836504165688131,0.01038722299103044,0.0795873335411406,0.006018769581061907,0.0735685645769804,26.243014637221638,31.5982905982906,1.0,0.001573429268816661,0.00015990320594611173,0.15990319822588536,130.9873809814453,159.23076923076923,5.021951965298741,0.000566857082880715,1.7556594804965732e-06,0.0017556593968318058,2,1e-06,32,64,32,0,1.0,0.0,9.840025901794434,10.584463119506836,10.218454360961914,0.21721912920475006,0.995970606803894,0.4825783371925354,0.8994584083557129,0.08853311091661453,256,64,256,0,1.0,0.0,0.05820014700293541,1.1725372076034546,0.5192877054214478,0.20110125839710236,0.9921612739562988,-0.9932156801223755,0.0023804022930562496,0.5309672951698303,288,288,0,1.0,0.0,0.07179344039891035,0.11690843945488016,0.11690843945488016,0.001184487997732581,0.017900323333789506,0.06496673709742966,0.3679032162312538,186,26880.0,1.0,0.11690843945488016,0.004767108584773984,0.11214133082552159,0.0,0.0,0.0,0.11690843945488016,0.11690843945488016,0.001184487997732581,0.017900323333789506,0.06496673709742966,0.3679032162312538,0.07179344039891035,0.14943893914741854,0.3612365511155898,0.11690843945488016,0.11690843945488016,0.001184487997732581,0.017900323333789506,0.06496673709742966,0.3679032162312538,0.07179344039891035,0.14943893914741854,0.3612365511155898,0.11690843945488016,0.004767108584773984,0.11214133082552159,0.0,0.0,0.0,1,0,294,294
base,140,140,101.36999583244324,0.0005567415893174885,0.09057180927349971,0.08717384221207382,0.006167751633458667,0.08100609156565788,0.0011397253614492142,1.1594765063407074e-05,0.0,1.7742432577638556e-07,2.1474265144168687e-05,0.00662093287290066,0.03168322161858917,3.904709516330272e-07,1.013279547106112e-06,0.003894576718772037,0.001,0.0001,1.0,1.0,0.021517403949147616,0.06786387439212228,0.054291099914882936,0.9996964284497448,0.9172634548611112,0.04762162949539658,0.0010560410839513454,8.368428021857941e-05,0.2576853930950165,0.3369443416595459,5.0,0.1,0.0001,0.0,0.004536076721488538,0.00012049205978321405,0.010154835179320768,0.0001332371646904538,0.010021597911150027,0.07955771576390307,0.006067823761930833,0.07348989313229537,25.998224242120727,31.64957264957265,1.0,0.0015445108441874767,0.00016566913917712454,0.16566913148276827,129.94691173846905,157.8803418803419,4.97766351546941,0.0005675713202327044,1.6994212256610194e-06,0.001699421140882704,2,1e-06,32,64,32,0,1.0,0.0,9.803560256958008,10.558577537536621,10.193902969360352,0.21411074697971344,0.9956610202789307,0.49789366126060486,0.9012559056282043,0.0863080695271492,256,64,256,0,1.0,0.0,0.05388133227825165,1.230387806892395,0.5179158449172974,0.2035685032606125,0.9913750886917114,-0.9892399907112122,0.0013691858621314168,0.5283647179603577,288,288,0,1.0,0.0,0.07388706717600105,0.11713740673471004,0.11713740673471004,0.0011571272018742055,0.02161618743106843,0.0713862343716325,0.37150536717907073,186,26880.0,1.0,0.11713740673471004,0.004479866484774554,0.11265754002205869,0.0,0.0,0.0,0.11713740673471004,0.11713740673471004,0.0011571272018742055,0.02161618743106843,0.0713862343716325,0.37150536717907073,0.07388706717600105,0.15018537824833264,0.3597311736435019,0.11713740673471004,0.11713740673471004,0.0011571272018742055,0.02161618743106843,0.0713862343716325,0.37150536717907073,0.07388706717600105,0.15018537824833264,0.3597311736435019,0.11713740673471004,0.004479866484774554,0.11265754002205869,0.0,0.0,0.0,1,0,294,294
base,141,141,101.06246662139893,0.0005515836150926646,0.08994666627074918,0.08661026985217364,0.006108560856097402,0.08050170973834829,0.0011441975938450769,2.4870563393984085e-05,0.0,1.7758292717430737e-07,2.3946576616963813e-05,0.006524108990063716,0.03029061783041455,3.855516471630797e-07,1.0132795519645238e-06,0.0038453836688517123,0.001,0.0001,1.0,1.0,0.021958122013980508,0.06734867465610687,0.05387893981403775,0.9996959781035398,0.9168294270833334,0.0476244849144903,0.0010638257615968713,8.037183510883847e-05,0.25776180624961853,0.3371000289916992,5.0,0.1,0.0001,0.0,0.004515351386318923,0.00011998860847799935,0.009696647142752623,9.507556549376911e-05,0.009601571621038975,0.07933778443142898,0.006037254180982072,0.07330053127728976,26.24524688720703,31.700854700854702,1.0,0.001559870084747672,0.00015870037669107979,0.15870036834325546,132.2001211704352,160.4957264957265,5.051088030392027,0.0005677814421773307,2.0432941960863013e-06,0.002043294091509958,2,1e-06,32,64,32,0,1.0,0.0,9.78777027130127,10.539621353149414,10.17674446105957,0.21209266781806946,0.9958204627037048,0.5101295709609985,0.9029121398925781,0.08452378213405609,256,64,256,0,1.0,0.0,0.062294114381074905,1.16366446018219,0.521493673324585,0.20874057710170746,0.9882577657699585,-0.9931595921516418,0.0004112953902222216,0.5307469367980957,288,288,0,1.0,0.0,0.0743065307377487,0.11789529770612717,0.11789529770612717,0.0011453225321948846,0.02067692124570209,0.07127470233707979,0.3665053679417538,186,26880.0,1.0,0.11789529770612717,0.0045463356704629485,0.11334896230317176,0.0,0.0,0.0,0.11789529770612717,0.11789529770612717,0.0011453225321948846,0.02067692124570209,0.07127470233707979,0.3665053679417538,0.0743065307377487,0.1529822875495239,0.35596773444965324,0.11789529770612717,0.11789529770612717,0.0011453225321948846,0.02067692124570209,0.07127470233707979,0.3665053679417538,0.0743065307377487,0.1529822875495239,0.35596773444965324,0.11789529770612717,0.0045463356704629485,0.11334896230317176,0.0,0.0,0.0,1,0,294,294
base,142,142,100.73458075523376,0.0005464205324494961,0.0902146313052911,0.08696644141888007,0.006048180300217026,0.08091826202013554,0.0011687446718947946,1.7200371759951624e-05,0.0,1.777740240600113e-07,2.408707953067007e-05,0.0063775321389110675,0.0284821919651113,3.806215379495176e-07,1.0132795441910648e-06,0.0037960825820302223,0.001,0.0001,1.0,1.0,0.021796103200723983,0.06805716235286151,0.054445729996913515,0.9996962720512325,0.9169567140758547,0.04801015832867378,0.001086219839262179,8.252483742106626e-05,0.257691890001297,0.337314635515213,5.0,0.1,0.0001,0.0,0.004467242084937091,0.00011977166137419258,0.010657160710065793,0.00010005875816966733,0.010557102341937203,0.07897357120473161,0.005973136233579781,0.07300043526368263,26.15833791097005,31.76068376068376,1.0,0.0015954644116772036,0.00016300708176637802,0.16300707393222386,131.6792486467932,159.84615384615384,5.027481389578164,0.0005769752653546504,2.042593203530751e-06,0.0020425931001320863,2,1e-06,32,64,32,0,1.0,0.0,9.770708084106445,10.532844543457031,10.159975051879883,0.21607154607772827,0.9959200024604797,0.5016018152236938,0.901616096496582,0.0855264812707901,256,64,256,0,1.0,0.0,0.06536898016929626,1.2971704006195068,0.5285398960113525,0.2145393341779709,0.9923758506774902,-0.9871444702148438,0.003126210067421198,0.5299164652824402,288,288,0,1.0,0.0,0.07248909381889207,0.11781721609704038,0.11781721609704038,0.001171796357239339,0.01987725746146934,0.0674424901133984,0.3634408521115459,186,26880.0,1.0,0.11781721609704038,0.004408185338066455,0.11340903157883502,0.0,0.0,0.0,0.11781721609704038,0.11781721609704038,0.001171796357239339,0.01987725746146934,0.0674424901133984,0.3634408521115459,0.07248909381889207,0.150720384853181,0.3573118204711586,0.11781721609704038,0.11781721609704038,0.001171796357239339,0.01987725746146934,0.0674424901133984,0.3634408521115459,0.07248909381889207,0.150720384853181,0.3573118204711586,0.11781721609704038,0.004408185338066455,0.11340903157883502,0.0,0.0,0.0,1,0,294,294
base,143,143,100.73618936538696,0.0005412529075781776,0.08929370585669819,0.0860998560475488,0.005975832277112919,0.0801240244609678,0.0011920040437521844,4.831036855267663e-07,0.0,1.78141351212562e-07,2.455273353539302e-05,0.00584176510401293,0.028336093084424988,3.802310675091109e-07,1.0132795364176059e-06,0.003792177896715828,0.001,0.0001,1.0,1.0,0.022766278833787665,0.06768348615648401,0.054146789364580415,0.9996966500567575,0.9177559094551282,0.048716066580297604,0.0011087054372804924,8.329860866380732e-05,0.2578408718109131,0.33762869238853455,5.0,0.1,0.0001,0.0,0.004376574167703143,0.00011998860882003154,0.009450704623491336,0.0001119898998329782,0.009338715137579503,0.07901182738888977,0.005891839852238186,0.07311998810778317,26.05307130732088,31.666666666666668,1.0,0.001623358891910722,0.00016468297873606754,0.1646829711066352,129.16990557287494,157.52991452991452,4.966706557460174,0.0005940519796652545,1.914238402797799e-06,0.001914238318418845,2,1e-06,32,64,32,0,1.0,0.0,9.73721981048584,10.502944946289062,10.132257461547852,0.21499641239643097,0.9957988262176514,0.5022249817848206,0.9001530408859253,0.08629699051380157,256,64,256,0,1.0,0.0,0.06319239735603333,1.2124478816986084,0.5262380242347717,0.20403118431568146,0.9873870015144348,-0.992902934551239,0.002220894442871213,0.5265575051307678,288,288,0,1.0,0.0,0.0752621514682648,0.11672836542129517,0.11672836542129517,0.0011920022872336051,0.022224362714276198,0.06954564150142413,0.3710214953909638,186,26880.0,1.0,0.11672836542129517,0.00456652591658875,0.1121618389449221,0.0,0.0,0.0,0.11672836542129517,0.11672836542129517,0.0011920022872336051,0.022224362714276198,0.06954564150142413,0.3710214953909638,0.0752621514682648,0.15265387617131715,0.3619892387300409,0.11672836542129517,0.11672836542129517,0.0011920022872336051,0.022224362714276198,0.06954564150142413,0.3710214953909638,0.0752621514682648,0.15265387617131715,0.3619892387300409,0.11672836542129517,0.00456652591658875,0.1121618389449221,0.0,0.0,0.0,1,0,294,294
base,144,144,101.43836688995361,0.0005360813071670101,0.08904720575381549,0.0856938540426075,0.006034898949771101,0.0796589555266576,0.0011861900088544458,8.288875389366578e-05,0.0,1.7831576649819505e-07,2.496294430044902e-05,0.006383232995230927,0.02891127782690729,3.8409903175240606e-07,1.0132795529362063e-06,0.0038308575391196287,0.001,0.0001,1.0,1.0,0.022793129683496095,0.06753537810256338,0.05402830255846692,0.9996957437604921,0.9177371294070513,0.04870193970636425,0.0011018830705752485,8.430693470340612e-05,0.25794515013694763,0.3378389775753021,5.0,0.1,0.0001,0.0,0.004469695921915655,0.00012044568929689913,0.009291316708947858,8.177172798567858e-05,0.009209545249612922,0.07872536644721642,0.005973570154279343,0.0727517965894479,26.073202980889214,31.60683760683761,1.0,0.0016101021180327376,0.00016660390607813676,0.16660389737186268,130.64924562894382,158.76923076923077,5.008871219027564,0.0005936640206302524,2.0099644871637965e-06,0.002009964396810939,2,1e-06,32,64,32,0,1.0,0.0,9.735493659973145,10.505104064941406,10.121166229248047,0.21548430621623993,0.9961966872215271,0.5098199844360352,0.901325523853302,0.08497006446123123,256,64,256,0,1.0,0.0,0.058539826422929764,1.2814042568206787,0.532230019569397,0.213126540184021,0.9884573221206665,-0.9869403839111328,-0.0010448760585859418,0.5287916660308838,288,288,0,1.0,0.0,0.07750647972708427,0.11710951715073686,0.11710951715073686,0.001208455098713649,0.02240921858189908,0.07224951613874685,0.36155913153322794,186,26880.0,1.0,0.11710951715073686,0.004428617943553848,0.11268089965302894,0.0,0.0,0.0,0.11710951715073686,0.11710951715073686,0.001208455098713649,0.02240921858189908,0.07224951613874685,0.36155913153322794,0.07750647972708427,0.15644388451611482,0.3583870885833617,0.11710951715073686,0.11710951715073686,0.001208455098713649,0.02240921858189908,0.07224951613874685,0.36155913153322794,0.07750647972708427,0.15644388451611482,0.3583870885833617,0.11710951715073686,0.004428617943553848,0.11268089965302894,0.0,0.0,0.0,1,0,294,294
base,145,145,100.70348930358887,0.0005309062983402573,0.09006666844217186,0.08673510318383193,0.005960873744060469,0.08077422975220232,0.0012290288075311189,7.418270867604476e-06,0.0,1.7863741789886603e-07,2.5977195263961134e-05,0.006643048784611985,0.0286087101787074,3.7543264852502034e-07,1.0132795558512532e-06,0.0037441936910598194,0.001,0.0001,1.0,1.0,0.021940878632231656,0.067524853711709,0.05401988319543182,0.9996958568564847,0.9176161024305556,0.049651589754045516,0.0011463580935652184,8.267071511637236e-05,0.25816643238067627,0.33808544278144836,5.0,0.1,0.0001,0.0,0.004405681313509042,0.00011881940942976532,0.010370706900572166,9.002251566475273e-05,0.0102806840187464,0.0789570730084028,0.0058933568573119035,0.07306371686550286,26.164997247549202,31.53846153846154,1.0,0.0016752384019951918,0.00016332422975156232,0.16332422158656976,130.4344724997496,158.43589743589743,5.009658436000204,0.0006174777930952673,2.017200607986944e-06,0.0020172005025749533,2,1e-06,32,64,32,0,1.0,0.0,9.704553604125977,10.476164817810059,10.100833892822266,0.2160726636648178,0.9959772825241089,0.5024394392967224,0.9000205993652344,0.08596345037221909,256,64,256,0,1.0,0.0,0.0791390910744667,1.8547433614730835,0.5476051568984985,0.23764391243457794,0.9897739887237549,-0.987472414970398,0.0017913579940795898,0.5325014591217041,288,288,0,1.0,0.0,0.07711295156629495,0.11690664798655409,0.11690664798655409,0.0012622099577825755,0.02102040582379046,0.07305622385734672,0.37634407784990087,186,26880.0,1.0,0.11690664798655409,0.004563600558074231,0.1123430480031257,0.0,0.0,0.0,0.11690664798655409,0.11690664798655409,0.0012622099577825755,0.02102040582379046,0.07305622385734672,0.37634407784990087,0.07711295156629495,0.15710010531769003,0.3591397774796332,0.11690664798655409,0.11690664798655409,0.0012622099577825755,0.02102040582379046,0.07305622385734672,0.37634407784990087,0.07711295156629495,0.15710010531769003,0.3591397774796332,0.11690664798655409,0.004563600558074231,0.1123430480031257,0.0,0.0,0.0,1,0,294,294
base,146,146,103.14525127410889,0.0005257284485959538,0.08964673773600505,0.08629651182991827,0.006106968895476471,0.0801895439115345,0.0012650517388605154,4.7498070197100314e-05,0.0,1.7896443492960455e-07,2.9371745217788022e-05,0.0059599771421068376,0.028825665067913186,3.9311451737920186e-07,1.0132795490494766e-06,0.003921012370250164,0.001,0.0001,1.0,1.0,0.023589163755950254,0.06750886562543038,0.05400709284103324,0.9996968008514143,0.9161783854166666,0.05024187263642621,0.00117821077334607,8.684096708468412e-05,0.25843551754951477,0.3384087085723877,5.0,0.1,0.0001,0.0,0.004462747655522365,0.0001237611790373225,0.009957490823207757,0.00012073255916181793,0.00983675830384605,0.0788283938398728,0.006016419478095112,0.07281197518364996,25.988718358879414,31.615384615384617,1.0,0.0017244929236829535,0.0001716457506836766,0.17164574321518597,131.3564930451222,159.89743589743588,5.05063167685526,0.0006319286190291755,2.0361823859901083e-06,0.0020361822894495777,2,1e-06,32,64,32,0,1.0,0.0,9.672591209411621,10.451169967651367,10.071900367736816,0.21962407231330872,0.9961022138595581,0.49060189723968506,0.8971239924430847,0.08833294361829758,256,64,256,0,1.0,0.0,0.06425786763429642,2.885558843612671,0.5575026273727417,0.25754573941230774,0.9922702312469482,-0.9914325475692749,0.0007381191244348884,0.53008633852005,288,288,0,1.0,0.0,0.07792998827312902,0.11693186614107579,0.11693186614107579,0.0012677099426930888,0.02163923861238585,0.0722065490660488,0.36924730261327116,186,26880.0,1.0,0.11693186614107579,0.004362299250676594,0.1125695656271691,0.0,0.0,0.0,0.11693186614107579,0.11693186614107579,0.0012677099426930888,0.02163923861238585,0.0722065490660488,0.36924730261327116,0.07792998827312902,0.15809506093782763,0.3555376280539779,0.11693186614107579,0.11693186614107579,0.0012677099426930888,0.02163923861238585,0.0722065490660488,0.36924730261327116,0.07792998827312902,0.15809506093782763,0.3555376280539779,0.11693186614107579,0.004362299250676594,0.1125695656271691,0.0,0.0,0.0,1,0,294,294
base,147,147,101.25587701797485,0.0005205483257436734,0.08911553400958705,0.08571130839677957,0.005933289475834522,0.07977801873388453,0.00128831489620587,3.827001668640182e-05,0.0,1.7917930778984999e-07,2.897660294626189e-05,0.006457423659451465,0.02863028510195068,3.823300311558761e-07,1.0132795519645238e-06,0.003813167524516073,0.001,0.0001,1.0,1.0,0.023203387792803284,0.06753537772048233,0.05402830252662683,0.9996957417227265,0.9181210770566239,0.050710159584752515,0.0012000995323969386,8.821536545690475e-05,0.2587433159351349,0.33866262435913086,5.0,0.1,0.0001,0.0,0.004366672136144251,0.00012005485199878398,0.009755139676933615,9.338188773164383e-05,0.009661757538461277,0.07839495338435866,0.005863253061030792,0.07253170045267822,25.94960397736639,31.487179487179485,1.0,0.0017566184640631208,0.0001743799803701914,0.17437997231116661,131.12600170037686,159.66666666666666,5.053519486785617,0.0006435805967507454,2.050750366771921e-06,0.0020507502759623732,2,1e-06,32,64,32,0,1.0,0.0,9.63863754272461,10.436223983764648,10.048779487609863,0.2216680645942688,0.9960111379623413,0.48662126064300537,0.8955584764480591,0.08868858218193054,256,64,256,0,1.0,0.0,0.050526805222034454,1.6272417306900024,0.5458487868309021,0.21254059672355652,0.9867556691169739,-0.9899322390556335,6.21187937213108e-05,0.5287535786628723,288,288,0,1.0,0.0,0.0772056004773545,0.1164157230486261,0.1164157230486261,0.0012657721650766883,0.024038802432422075,0.07406834625859335,0.36198923941100797,186,26880.0,1.0,0.1164157230486261,0.004139465378954056,0.11227625766967206,0.0,0.0,0.0,0.1164157230486261,0.1164157230486261,0.0012657721650766883,0.024038802432422075,0.07406834625859335,0.36198923941100797,0.0772056004773545,0.15567431402623014,0.3548387023069525,0.1164157230486261,0.1164157230486261,0.0012657721650766883,0.024038802432422075,0.07406834625859335,0.36198923941100797,0.0772056004773545,0.15567431402623014,0.3548387023069525,0.1164157230486261,0.004139465378954056,0.11227625766967206,0.0,0.0,0.0,1,0,294,294
base,148,148,100.7405755519867,0.0005153664978422616,0.08980650989673077,0.08633799895516828,0.005899748973882733,0.08043824983203512,0.0013091152814479594,2.5942503737333493e-05,0.0,1.7950092226659078e-07,3.8508822828791584e-05,0.0066566348173376965,0.029348119711264584,3.7993699336515744e-07,1.0132795451627471e-06,0.003789237130763662,0.001,0.0001,1.0,1.0,0.023558945482612677,0.06791420752166683,0.05433136616379787,0.9996953015653496,0.9185404981303419,0.05112652235433587,0.001219580554936686,8.953472621588167e-05,0.2589952349662781,0.3389471769332886,5.0,0.1,0.0001,0.0,0.004335651146327583,0.00012075041007085377,0.010260518290038802,7.688499286643461e-05,0.010183632883251224,0.07864260979187794,0.00584208523022791,0.07280052516959672,25.859453983795948,31.521367521367523,1.0,0.0017846455473182166,0.0001768921195349306,0.17689211144406572,129.66695857251813,157.46153846153845,4.976826203654623,0.0006545155605651502,2.177332304106527e-06,0.0021773322015746026,2,1e-06,32,64,32,0,1.0,0.0,9.616843223571777,10.421215057373047,10.026711463928223,0.225417360663414,0.9960110187530518,0.485834002494812,0.893977701663971,0.08969316631555557,256,64,256,0,1.0,0.0,0.09084945917129517,1.2306045293807983,0.5576790571212769,0.20569172501564026,0.9884234070777893,-0.9925225973129272,0.0006489953375421464,0.5281170010566711,288,288,0,1.0,0.0,0.07709357533003053,0.11624214116563188,0.11624214116563188,0.0013285902591342938,0.020226617044548915,0.06866348863789631,0.3646774116543032,186,26880.0,1.0,0.11624214116563188,0.004325024407119193,0.11191711654054358,0.0,0.0,0.0,0.11624214116563188,0.11624214116563188,0.0013285902591342938,0.020226617044548915,0.06866348863789631,0.3646774116543032,0.07709357533003053,0.1564556136727333,0.35919353990785535,0.11624214116563188,0.11624214116563188,0.0013285902591342938,0.020226617044548915,0.06866348863789631,0.3646774116543032,0.07709357533003053,0.1564556136727333,0.35919353990785535,0.11624214116563188,0.004325024407119193,0.11191711654054358,0.0,0.0,0.0,1,0,294,294
base,149,149,101.13572525978088,0.0005101835331375416,0.08952858127080478,0.0859681313109194,0.005900364805960184,0.080067766782565,0.001335324644923019,5.032005520839976e-06,0.0,1.7990983803203687e-07,3.710331144834799e-05,0.007176737247321468,0.03004077790129898,3.7744991238904396e-07,1.0132795480777943e-06,0.003764366330559023,0.001,0.0001,1.0,1.0,0.023952752160720337,0.06805716225734124,0.05444572983771308,0.9996962669568185,0.9179395365918803,0.051781126799491733,0.0012456642396143104,8.966040546417785e-05,0.25952139496803284,0.33936771750450134,5.0,0.1,0.0001,0.0,0.004323120351331547,0.00011960770807024509,0.010105927275796222,0.00012328151342833144,0.009982645511627197,0.07838868585407224,0.0058079036698939325,0.07258078277620494,25.905897450243305,31.54700854700855,1.0,0.0018202266675762387,0.00017716576201984516,0.17716575280213967,128.91416953975317,157.34188034188034,4.970943562924622,0.0006711018076723712,2.1550493394516884e-06,0.0021550492343739565,2,1e-06,32,64,32,0,1.0,0.0,9.5811128616333,10.401481628417969,9.996431350708008,0.22662213444709778,0.996056079864502,0.48555639386177063,0.892378032207489,0.09032609313726425,256,64,256,0,1.0,0.0,0.052665214985609055,1.8836326599121094,0.5708643198013306,0.22100530564785004,0.989038348197937,-0.9874807000160217,0.0020222861785441637,0.5273662209510803,288,288,0,1.0,0.0,0.07981653178050634,0.11559299855156148,0.11559299855156148,0.0013840037492163322,0.022878774732191076,0.07431206506206303,0.36908601176354194,186,26880.0,1.0,0.11559299855156148,0.004497843531970965,0.11109515501463667,0.0,0.0,0.0,0.11559299855156148,0.11559299855156148,0.0013840037492163322,0.022878774732191076,0.07431206506206303,0.36908601176354194,0.07981653178050634,0.16115913431971304,0.3629569816653446,0.11559299855156148,0.11559299855156148,0.0013840037492163322,0.022878774732191076,0.07431206506206303,0.36908601176354194,0.07981653178050634,0.16115913431971304,0.3629569816653446,0.11559299855156148,0.004497843531970965,0.11109515501463667,0.0,0.0,0.0,1,0,294,294
base,150,150,104.45845460891724,0.0005049999999999999,0.08980998530601844,0.08606769959641318,0.006030836996311943,0.0800368638120146,0.001342276419696008,9.241754698575052e-06,0.0006092898866050264,1.8038010630839886e-07,3.92867726875879e-05,0.007547619018273858,0.032103048924070135,3.853235928544987e-07,1.0132795490494766e-06,0.0038431031367259943,0.001,0.0001,1.0,1.0,0.024903869479257837,0.06756272052343075,0.05405017674669751,0.9996961187093686,0.9167668269230769,0.05202701706916858,0.0012527083974076896,8.956801832385428e-05,0.26020753383636475,0.3401336371898651,5.0,0.1,0.0001,0.0,0.004388005860273241,0.00012407749252613739,0.010368170901241466,0.00014514111491859469,0.010223030025123531,0.07829157148416226,0.005921981160122997,0.07236959129317194,25.93972418858455,31.555555555555557,1.0,0.0018277009192886006,0.00017711507200893277,0.17711506338201016,131.3629626412677,159.7863247863248,5.049807317111265,0.0006777158785117869,2.020964351157821e-06,0.0020209642556997445,2,1e-06,32,64,32,0,1.0,0.0,9.557427406311035,10.377391815185547,9.969527244567871,0.2304355502128601,0.9963710308074951,0.485503226518631,0.8918001651763916,0.08951377868652344,256,64,256,0,1.0,0.0,0.05930808186531067,1.7607529163360596,0.5656188130378723,0.21676762402057648,0.990432858467102,-0.9937244653701782,0.0002376459597144276,0.5241769552230835,288,288,0,1.0,0.0,0.08333863563314882,0.11645485112007628,0.11645485112007628,0.0013900614625952663,0.02418152096065422,0.07722909299166052,0.36682794859973333,186,26880.0,1.0,0.11645485112007628,0.004079085644681324,0.11237576588037167,0.0,0.0,0.0,0.11645485112007628,0.11645485112007628,0.0013900614625952663,0.02418152096065422,0.07722909299166052,0.36682794859973333,0.08333863563314882,0.1654421917853817,0.3587096698822514,0.11645485112007628,0.11645485112007628,0.0013900614625952663,0.02418152096065422,0.07722909299166052,0.36682794859973333,0.08333863563314882,0.1654421917853817,0.3587096698822514,0.11645485112007628,0.004079085644681324,0.11237576588037167,0.0,0.0,0.0,1,0,294,294
base,151,151,102.8231110572815,0.0004998164668624582,0.08872442081188545,0.08539412514521526,0.005958466080184548,0.07943565927000128,0.0013346781886509086,7.23512270129644e-07,0.0,1.8094687782700527e-07,3.466317594432162e-05,0.005817734445325839,0.028254787620698284,3.7888502105912096e-07,1.0132795490494766e-06,0.003778717403984668,0.001,0.0001,1.0,1.0,0.024079481808420938,0.06772705151611923,0.05418164144532803,0.999695727458367,0.9163661858974359,0.051910203809921555,0.001248317520914233,8.636066968004024e-05,0.2605712413787842,0.3404645025730133,5.0,0.1,0.0001,0.0,0.00438544709677211,0.00012244955692778571,0.009657302473345373,7.81501468239177e-05,0.009579151614099486,0.07815114841756658,0.005899853469071607,0.07225129568678701,26.09403809115418,31.512820512820515,1.0,0.0018222381870270285,0.00017044026013831887,0.1704402520106389,130.71015043340176,159.05982905982907,5.032696403383641,0.000674396856293942,2.2810790351986025e-06,0.002281078925499549,2,1e-06,32,64,32,0,1.0,0.0,9.538799285888672,10.352836608886719,9.948909759521484,0.22590982913970947,0.9958767890930176,0.4992431700229645,0.8928842544555664,0.08860024809837341,256,64,256,0,1.0,0.0,0.05652758851647377,1.50110924243927,0.557572066783905,0.21129758656024933,0.9920929074287415,-0.9933875799179077,-0.00042570295045152307,0.5248544812202454,288,288,0,1.0,0.0,0.0785301163472155,0.11430094755710439,0.11430094755710439,0.0014480092275412158,0.021522048934643226,0.0706422127487879,0.37182794775693645,186,26880.0,1.0,0.11430094755710439,0.004316253409265203,0.1099846935335626,0.0,0.0,0.0,0.11430094755710439,0.11430094755710439,0.0014480092275412158,0.021522048934643226,0.0706422127487879,0.37182794775693645,0.0785301163472155,0.1570033258207703,0.36596773372542474,0.11430094755710439,0.11430094755710439,0.0014480092275412158,0.021522048934643226,0.0706422127487879,0.37182794775693645,0.0785301163472155,0.1570033258207703,0.36596773372542474,0.11430094755710439,0.004316253409265203,0.1099846935335626,0.0,0.0,0.0,1,0,294,294
base,152,152,101.63898754119873,0.0004946335021577383,0.08911123355993858,0.08553646122797942,0.005940553612816028,0.0795959085226059,0.001379857266632219,1.3219564755120848e-05,0.0,1.8156803817333625e-07,3.8643206747925647e-05,0.006574299695909533,0.030477546012172334,3.8478431238616423e-07,1.013279554879571e-06,0.0038377103230589605,0.001,0.0001,1.0,1.0,0.024001901037991047,0.06750147222963154,0.05400117790788157,0.9996967223974375,0.9162931523771367,0.052786477324035436,0.001293847227914848,8.601003828205758e-05,0.2609739303588867,0.34079793095588684,5.0,0.1,0.0001,0.0,0.004359159100219671,0.00012171259781735766,0.0100454102214585,0.00010870475895129718,0.009936705613747621,0.07800240330716483,0.0058590250455925605,0.07214337931229518,26.252653056739742,31.700854700854702,1.0,0.0018901509803950659,0.00016969461073605422,0.16969460299891284,132.19065217890292,160.30769230769232,5.050321265476993,0.0006975434814046463,2.325465647327991e-06,0.002325465536525107,2,1e-06,32,64,32,0,1.0,0.0,9.49303150177002,10.306549072265625,9.906923294067383,0.22738267481327057,0.9960978031158447,0.4978353977203369,0.8916882872581482,0.0886591374874115,256,64,256,0,1.0,0.0,0.081928551197052,1.380790114402771,0.5705485343933105,0.2144547551870346,0.9930354952812195,-0.9901746511459351,0.0026825761888176203,0.5204530358314514,288,288,0,1.0,0.0,0.07822401153664756,0.11364496023731029,0.11364496023731029,0.001447121545850755,0.02279131685669023,0.07272294255334043,0.3784408506446628,186,26880.0,1.0,0.11364496023731029,0.0045535597093205185,0.10909140062458972,0.0,0.0,0.0,0.11364496023731029,0.11364496023731029,0.001447121545850755,0.02279131685669023,0.07272294255334043,0.3784408506446628,0.07822401153664756,0.15500318210932515,0.36715052941794035,0.11364496023731029,0.11364496023731029,0.001447121545850755,0.02279131685669023,0.07272294255334043,0.3784408506446628,0.07822401153664756,0.15500318210932515,0.36715052941794035,0.11364496023731029,0.0045535597093205185,0.10909140062458972,0.0,0.0,0.0,1,0,294,294
base,153,153,100.2695620059967,0.0004894516742563263,0.08900992438579217,0.08491515864928563,0.005758086703001306,0.07915707295521712,0.0014074679999413271,2.365008107999451e-06,0.0,1.819074552072263e-07,5.7554426228760286e-05,0.00925036544740423,0.03519040261769397,3.7070740779071434e-07,1.0132795558512532e-06,0.0036969412910218677,0.001,0.0001,1.0,1.0,0.025105001858602732,0.067348674337706,0.05387893976627761,0.9996959745374501,0.9181920239049145,0.053457518577830404,0.0013232275139158352,8.424049121816244e-05,0.2617003917694092,0.3412664532661438,5.0,0.1,0.0001,0.0,0.004221244653464001,0.00011827621278631636,0.009527143759605212,0.00010803592606232717,0.009419108048463479,0.07776980076590155,0.005677059760444567,0.07209274191886951,26.282334417359444,31.623931623931625,1.0,0.0019312919800082205,0.00016594428486244468,0.16594427671187964,129.7931986425677,157.4017094017094,4.967408264887302,0.0007151630408584308,2.536698409284148e-06,0.002536698284312191,2,1e-06,32,64,32,0,1.0,0.0,9.476027488708496,10.286949157714844,9.883166313171387,0.22835972905158997,0.995922327041626,0.4812157154083252,0.88872230052948,0.09093811362981796,256,64,256,0,1.0,0.0,0.04729340597987175,1.7216864824295044,0.5818344950675964,0.2284141182899475,0.9911564588546753,-0.9881219863891602,-0.0007032104767858982,0.519875168800354,288,288,0,1.0,0.0,0.08304915692336777,0.11307954851617204,0.11307954851617204,0.0014570072749035155,0.02450978645857083,0.07696502376848491,0.3768279469541965,186,26880.0,1.0,0.11307954851617204,0.004350293509444182,0.10872925564329675,0.0,0.0,0.0,0.11307954851617204,0.11307954851617204,0.0014570072749035155,0.02450978645857083,0.07696502376848491,0.3768279469541965,0.08304915692336777,0.16368498490943062,0.37037633519659763,0.11307954851617204,0.11307954851617204,0.0014570072749035155,0.02450978645857083,0.07696502376848491,0.3768279469541965,0.08304915692336777,0.16368498490943062,0.37037633519659763,0.11307954851617204,0.004350293509444182,0.10872925564329675,0.0,0.0,0.0,1,0,294,294
base,154,154,103.06500029563904,0.000484271551404046,0.08981956560642292,0.08574497585113232,0.005948897063111265,0.0797960788775713,0.0014044367568965396,9.550971703396903e-06,0.0,1.821883902013926e-07,4.454063086481038e-05,0.008838241957436498,0.03552770600295984,3.881780967242418e-07,1.0132795461344297e-06,0.0038716481883142493,0.001,0.0001,1.0,1.0,0.025460817986446567,0.06753537819808365,0.05402830227190613,0.9996957452888162,0.915550297142094,0.053703554802470736,0.0013216666650409119,8.277009289727136e-05,0.2621687650680542,0.3414742648601532,5.0,0.1,0.0001,0.0,0.004385535741567166,0.00012327760169939257,0.010409747942900047,7.043135925554312e-05,0.010339316139873276,0.07793766495763746,0.005896073543172107,0.07204159177266635,26.437385567233093,31.65811965811966,1.0,0.001921459855352584,0.00016296502822387216,0.16296502056284848,132.28039185613648,160.45299145299145,5.054389335989967,0.0007218734717442312,2.575157163049818e-06,0.0025751570351103432,2,1e-06,32,64,32,0,1.0,0.0,9.451345443725586,10.272911071777344,9.861320495605469,0.23232705891132355,0.995544970035553,0.48380088806152344,0.8872684240341187,0.09126873314380646,256,64,256,0,1.0,0.0,0.07950107008218765,1.5969398021697998,0.5814405679702759,0.22713609039783478,0.982987642288208,-0.9916181564331055,0.0021387054584920406,0.5185481309890747,288,288,0,1.0,0.0,0.0791551160515957,0.11290525232857847,0.11290525232857847,0.0016383189272056234,0.023279636164486247,0.07393649978543161,0.3833870868529043,186,26880.0,1.0,0.11290525232857847,0.004378102997199018,0.10852715008436366,0.0,0.0,0.0,0.11290525232857847,0.11290525232857847,0.0016383189272056234,0.023279636164486247,0.07393649978543161,0.3833870868529043,0.0791551160515957,0.15683772150547273,0.3732257988504184,0.11290525232857847,0.11290525232857847,0.0016383189272056234,0.023279636164486247,0.07393649978543161,0.3833870868529043,0.0791551160515957,0.15683772150547273,0.3732257988504184,0.11290525232857847,0.004378102997199018,0.10852715008436366,0.0,0.0,0.0,1,0,294,294
base,155,155,102.29871797561646,0.0004790937016597426,0.09064339419715425,0.08596612939722517,0.005854742921904748,0.08011138655691065,0.0015006910185687817,1.7515399580837315e-05,0.0,1.8263576685563345e-07,5.781895374601861e-05,0.009620554201428292,0.043932003422807425,3.978590294292951e-07,1.0132795451627471e-06,0.003968457503813422,0.001,0.0001,1.0,1.0,0.026024916376440953,0.06768600964266011,0.0541488078988006,0.999696547149593,0.9168064736912394,0.055338994751119204,0.0014107881828298809,8.990284009203792e-05,0.26278847455978394,0.3419310450553894,5.0,0.1,0.0001,0.0,0.004271777289020073,0.00012215477321520806,0.010523295810079982,9.387940502701662e-05,0.0104294159473517,0.0780736577943859,0.005784333369129488,0.07228932459639688,26.115286492893837,31.692307692307693,1.0,0.0020551621718889372,0.0001769822713860279,0.17698226219568497,129.53145971053686,158.01709401709402,4.980093166988329,0.0007664141937708243,2.8234099946748133e-06,0.002823409871158437,2,1e-06,32,64,32,0,1.0,0.0,9.396409034729004,10.23544692993164,9.828337669372559,0.23447160422801971,0.9956427216529846,0.4886178970336914,0.8836024403572083,0.09283618628978729,256,64,256,0,1.0,0.0,0.08396122604608536,2.482841968536377,0.5894798040390015,0.23720945417881012,0.9870111346244812,-0.9877514243125916,-0.000859655614476651,0.5149840116500854,288,288,0,1.0,0.0,0.08159701049488077,0.11485380251356896,0.11485380251356896,0.0014992174494298214,0.023944399626274662,0.0750675234838479,0.37365590584694697,186,26880.0,1.0,0.11485380251356896,0.0043022584695210486,0.11055154432641699,0.0,0.0,0.0,0.11485380251356896,0.11485380251356896,0.0014992174494298214,0.023944399626274662,0.0750675234838479,0.37365590584694697,0.08159701049488077,0.16252838071155293,0.365752681609123,0.11485380251356896,0.11485380251356896,0.0014992174494298214,0.023944399626274662,0.0750675234838479,0.37365590584694697,0.08159701049488077,0.16252838071155293,0.365752681609123,0.11485380251356896,0.0043022584695210486,0.11055154432641699,0.0,0.0,0.0,1,0,294,294
base,156,156,102.00827717781067,0.0004739186928329898,0.0894229689724425,0.0854810440642202,0.005892831292878996,0.07958821512949772,0.0015255698763056952,5.2640043421942964e-06,0.0,1.8286701402139909e-07,5.158318272982307e-05,0.007732089644727798,0.03274995257329737,3.7957480525849076e-07,1.0132795509928415e-06,0.003785615271001131,0.001,0.0001,1.0,1.0,0.02532513964220754,0.06750147203859101,0.05400117806708201,0.9996967208691132,0.91650390625,0.05589079127734543,0.00143716071282601,8.840916206491574e-05,0.26310452818870544,0.34195250272750854,5.0,0.1,0.0001,0.0,0.004316361379236556,0.00012239821814398607,0.010015564087109689,9.470262254277866e-05,0.009920861476506943,0.07796937144464916,0.005821804322986904,0.07214756889475717,26.186445399227306,31.632478632478634,1.0,0.0020922970755073503,0.0001742482470742996,0.1742482389140333,130.29011633457282,158.1196581196581,4.988964960954671,0.0007820243446721544,2.5700770118061737e-06,0.0025700768853864097,2,1e-06,32,64,32,0,1.0,0.0,9.376051902770996,10.222832679748535,9.807201385498047,0.23613667488098145,0.9950836300849915,0.46422284841537476,0.8797294497489929,0.09550586342811584,256,64,256,0,1.0,0.0,0.07837510854005814,2.844158172607422,0.6026173830032349,0.25353696942329407,0.9881405234336853,-0.9907999038696289,0.002828411990776658,0.5189377069473267,288,288,0,1.0,0.0,0.07893608833953578,0.11433385978353784,0.11433385978353784,0.001574654818235084,0.023415568187051723,0.07370747474362693,0.37618278659960275,186,26880.0,1.0,0.11433385978353784,0.0043544737755895615,0.10997938554971776,0.0,0.0,0.0,0.11433385978353784,0.11433385978353784,0.001574654818235084,0.023415568187051723,0.07370747474362693,0.37618278659960275,0.07893608833953578,0.15733996886880167,0.3651612833622963,0.11433385978353784,0.11433385978353784,0.001574654818235084,0.023415568187051723,0.07370747474362693,0.37618278659960275,0.07893608833953578,0.15733996886880167,0.3651612833622963,0.11433385978353784,0.0043544737755895615,0.10997938554971776,0.0,0.0,0.0,1,0,294,294
base,157,157,101.84879350662231,0.0004687470924218222,0.08879886179143547,0.08495724201202393,0.005848947205007649,0.07910829591445434,0.0015121583307448488,8.966457337523118e-06,0.0,1.8322339930166027e-07,5.577295738016611e-05,0.007328109413735632,0.031746044993782654,3.7755405275109484e-07,1.0132795422477002e-06,0.0037654077362579605,0.001,0.0001,1.0,1.0,0.025692953425658565,0.06735369203309728,0.05388295370289403,0.9996959684241531,0.9174533420138888,0.05562877814229737,0.001424063338388681,8.809499195194803e-05,0.2637009918689728,0.3424406349658966,5.0,0.1,0.0001,0.0,0.0042852862707227785,0.00012122570775769169,0.009649237506409995,0.00010799413992681055,0.009541243314743042,0.07772031420061731,0.005767951601057544,0.07195236323735653,26.249596603915222,31.512820512820515,1.0,0.0020734941503271842,0.00017346672303442302,0.17346671503833216,130.29332622299847,158.1196581196581,5.00004340847222,0.0007746325314251913,2.723259937872568e-06,0.002723259803576347,2,1e-06,32,64,32,0,1.0,0.0,9.341445922851562,10.21422004699707,9.787853240966797,0.24032863974571228,0.9951426982879639,0.466361939907074,0.8775579929351807,0.09662295877933502,256,64,256,0,1.0,0.0,0.0520249605178833,2.097332000732422,0.6029117107391357,0.23712900280952454,0.9907938241958618,-0.988217294216156,-0.0017780885100364685,0.5206944346427917,288,288,0,1.0,0.0,0.08292616556288414,0.11239061631420826,0.11239061631420826,0.0015215973414361794,0.02405060710315342,0.07696254424730777,0.3773655818915495,186,26880.0,1.0,0.11239061631420826,0.004402388905254292,0.10798822739656935,0.0,0.0,0.0,0.11239061631420826,0.11239061631420826,0.0015215973414361794,0.02405060710315342,0.07696254424730777,0.3773655818915495,0.08292616556288414,0.1677638605557462,0.3687634343101132,0.11239061631420826,0.11239061631420826,0.0015215973414361794,0.02405060710315342,0.07696254424730777,0.3773655818915495,0.08292616556288414,0.1677638605557462,0.3687634343101132,0.11239061631420826,0.004402388905254292,0.10798822739656935,0.0,0.0,0.0,1,0,294,294
base,158,158,103.22849750518799,0.00046357946755050356,0.08877722702474676,0.0847937877361591,0.005918389299693398,0.07887539942549844,0.0014869891172752548,1.6299916160667044e-06,0.0,1.8369081301812898e-07,4.858815591394218e-05,0.008511676169478167,0.032865291158867695,3.8288441906847106e-07,1.0132795441910648e-06,0.0038187114032319724,0.001,0.0001,1.0,1.0,0.02582678023693908,0.06750886600751144,0.05400709276143302,0.9996968018702972,0.9160573584401709,0.055404059811789766,0.0014040902859937304,8.28988270994035e-05,0.2640857398509979,0.34296828508377075,5.0,0.1,0.0001,0.0,0.0043207865475048115,0.00012200903690357406,0.009810456862816444,0.00014825786949477644,0.009662199224162305,0.07743594496168642,0.00580719589558231,0.07162875000737672,26.58457992423294,31.692307692307693,1.0,0.002039735366661961,0.00016295122647853012,0.16295121877621382,132.14105658245902,160.45299145299145,5.056092041172685,0.0007684452068180037,2.8464286154392803e-06,0.002846428471752721,2,1e-06,32,64,32,0,1.0,0.0,9.334630966186523,10.185338020324707,9.766414642333984,0.23776395618915558,0.9952961802482605,0.4818781614303589,0.8800225257873535,0.0940326452255249,256,64,256,0,1.0,0.0,0.0837184265255928,1.5685186386108398,0.5873222351074219,0.2134830355644226,0.985723078250885,-0.9890099167823792,-0.0015479815192520618,0.5213163495063782,288,288,0,1.0,0.0,0.08459948483974702,0.11431016804690057,0.11431016804690057,0.0015826787071381795,0.023833781593449174,0.07842959303368804,0.37967741056796045,186,26880.0,1.0,0.11431016804690057,0.004236385310465034,0.11007378282065088,0.0,0.0,0.0,0.11431016804690057,0.11431016804690057,0.0015826787071381795,0.023833781593449174,0.07842959303368804,0.37967741056796045,0.08459948483974702,0.16795609478828727,0.3615053693453471,0.11431016804690057,0.11431016804690057,0.0015826787071381795,0.023833781593449174,0.07842959303368804,0.37967741056796045,0.08459948483974702,0.16795609478828727,0.3615053693453471,0.11431016804690057,0.004236385310465034,0.11007378282065088,0.0,0.0,0.0,1,0,294,294
base,159,159,102.31175446510315,0.00045841638490733513,0.08844756971821825,0.0848209745863564,0.005870947295911292,0.07895002749740568,0.001493712981693192,4.854204499313974e-06,0.0,1.8422727994978535e-07,6.075918286717199e-05,0.006503715229113228,0.029545391153576028,3.8033638178492953e-07,1.0132795461344297e-06,0.0037932310265321764,0.001,0.0001,1.0,1.0,0.026522225748078946,0.06768600964266011,0.054148808376401916,0.9996965405268546,0.916282719017094,0.05575873871516977,0.001408032485896833,8.568049904566485e-05,0.26449325680732727,0.34348684549331665,5.0,0.1,0.0001,0.0,0.004330596465689058,0.00012296294445484382,0.009974053272834191,6.801422096343122e-05,0.009906038769289978,0.07734043444069023,0.0058199366331737265,0.07152049854779854,26.38503283313197,31.700854700854702,1.0,0.0020376632147285547,0.0001687593809411061,0.16875937249925402,131.07124785072784,159.56410256410257,5.024256157522288,0.0007784017635326291,2.6016175447266428e-06,0.00260161742185935,2,1e-06,32,64,32,0,1.0,0.0,9.31086540222168,10.149927139282227,9.734532356262207,0.23705899715423584,0.9960570335388184,0.4932868778705597,0.8815412521362305,0.09227006137371063,256,64,256,0,1.0,0.0,0.09798081964254379,1.2334139347076416,0.5842950344085693,0.20104441046714783,0.9886543154716492,-0.9917967319488525,-0.0021528105717152357,0.5194895267486572,288,288,0,1.0,0.0,0.08859610431376964,0.11373428762593168,0.11373428762593168,0.0015099583109444443,0.027455613838248356,0.08426505965130623,0.37586020510042867,186,26880.0,1.0,0.11373428762593168,0.004248112583770714,0.10948617486877645,0.0,0.0,0.0,0.11373428762593168,0.11373428762593168,0.0015099583109444443,0.027455613838248356,0.08426505965130623,0.37586020510042867,0.08859610431376964,0.17158966207055634,0.3658602067860224,0.11373428762593168,0.11373428762593168,0.0015099583109444443,0.027455613838248356,0.08426505965130623,0.37586020510042867,0.08859610431376964,0.17158966207055634,0.3658602067860224,0.11373428762593168,0.004248112583770714,0.10948617486877645,0.0,0.0,0.0,1,0,294,294
base,160,160,102.03448748588562,0.00045325841068251133,0.08709940524437489,0.08356605731269233,0.005775435986872922,0.07779062227306204,0.0014467482668005375,1.2231162852711148e-05,0.0,1.8461765613700174e-07,6.261419733885063e-05,0.006291923420623136,0.028896031168918323,3.6865663624952595e-07,1.0132795403043353e-06,0.0036764335788738653,0.001,0.0001,1.0,1.0,0.026621284098643012,0.06762479942960617,0.05409983973790947,0.9996948338981367,0.9173448350694444,0.05481845455674025,0.0013649818272544788,8.17664410696568e-05,0.26473286747932434,0.34363073110580444,5.0,0.1,0.0001,0.0,0.004250966190583367,0.00012044072135699351,0.008929191491542718,0.00010379414575604293,0.008825397134846093,0.07686916375771546,0.005697590378550892,0.07117157461296798,26.612883885701496,31.512820512820515,1.0,0.001977662528013317,0.00016100844306150914,0.16100843543680304,132.48085300738995,159.92307692307693,5.046351398673424,0.000752301124505635,2.524439220641763e-06,0.0025244390862619774,2,1e-06,32,64,32,0,1.0,0.0,9.292219161987305,10.146637916564941,9.722296714782715,0.2396225482225418,0.9949275851249695,0.5039903521537781,0.8817046880722046,0.09169988334178925,256,64,256,0,1.0,0.0,0.06841966509819031,1.4117798805236816,0.5801703929901123,0.20678402483463287,0.9883462190628052,-0.9927051663398743,-0.0016844285419210792,0.5205543041229248,288,288,0,1.0,0.0,0.08481769842566342,0.11306566840156596,0.11306566840156596,0.001483809227678687,0.024449265090077714,0.07743799532212878,0.3804838624532505,186,26880.0,1.0,0.11306566840156596,0.0043925287875723334,0.1086731400895626,0.0,0.0,0.0,0.11306566840156596,0.11306566840156596,0.001483809227678687,0.024449265090077714,0.07743799532212878,0.3804838624532505,0.08481769842566342,0.1675065280368892,0.361881713392914,0.11306566840156596,0.11306566840156596,0.001483809227678687,0.024449265090077714,0.07743799532212878,0.3804838624532505,0.08481769842566342,0.1675065280368892,0.361881713392914,0.11306566840156596,0.0043925287875723334,0.1086731400895626,0.0,0.0,0.0,1,0,294,294
base,161,161,101.87393093109131,0.0004481061105060308,0.08782787092475809,0.08409803507165012,0.005695550483611659,0.07840248528454039,0.001492019537756713,1.314477039835392e-05,0.0,1.852060553618817e-07,5.3279866790233464e-05,0.007004108526206647,0.03047771614968267,3.701427807143765e-07,1.013279547106112e-06,0.0036912950115978844,0.001,0.0001,1.0,1.0,0.02671570669955168,0.06755990238908009,0.05404792160878324,0.9996922877099779,0.9180000500801282,0.055604949338823303,0.001402822300258419,8.919723813571772e-05,0.2652988135814667,0.34447959065437317,5.0,0.1,0.0001,0.0,0.004143340622560464,0.00012046390605600885,0.00945660370027917,0.00012183247102249382,0.009334771551637568,0.0770055824238011,0.005604176129349786,0.07140140674817257,26.19076780172495,31.487179487179485,1.0,0.002031641454101564,0.00017578591023965811,0.17578590221894094,130.07473575559436,157.69230769230768,4.988212976016555,0.0007740031404452573,2.6085663451449054e-06,0.002608566202669062,2,1e-06,32,64,32,0,1.0,0.0,9.280060768127441,10.133589744567871,9.703810691833496,0.245817631483078,0.9949986934661865,0.5010900497436523,0.8788192868232727,0.09301786124706268,256,64,256,0,1.0,0.0,0.0646882951259613,2.382880449295044,0.5945135354995728,0.22935715317726135,0.986320436000824,-0.9920259714126587,-0.0018877098336815834,0.5198107361793518,288,288,0,1.0,0.0,0.09023264851621403,0.11485774418775072,0.11485774418775072,0.0015078728295307845,0.029091639092482465,0.08562900123601999,0.37419353918202464,186,26880.0,1.0,0.11485774418775072,0.004113664796100335,0.11074407858417389,0.0,0.0,0.0,0.11485774418775072,0.11485774418775072,0.0015078728295307845,0.029091639092482465,0.08562900123601999,0.37419353918202464,0.09023264851621403,0.17346173657044286,0.36166665983456436,0.11485774418775072,0.11485774418775072,0.0015078728295307845,0.029091639092482465,0.08562900123601999,0.37419353918202464,0.09023264851621403,0.17346173657044286,0.36166665983456436,0.11485774418775072,0.004113664796100335,0.11074407858417389,0.0,0.0,0.0,1,0,294,294
base,162,162,102.94084692001343,0.0004429600493856691,0.08775244232935783,0.0841871967427751,0.0057617142755721305,0.07842548344379817,0.001506903613758329,2.6982944283602585e-05,0.0,1.8585406985105374e-07,5.3575085600571656e-05,0.006071423066722261,0.0284768305082097,3.711606272621634e-07,1.013279547106112e-06,0.0037014734603934246,0.001,0.0001,1.0,1.0,0.027635840149835136,0.06755990137019728,0.05404792149734293,0.999692284143888,0.9171841613247863,0.05624901111691426,0.0014203469653048704,8.655665131409167e-05,0.2656291723251343,0.34503069519996643,5.0,0.1,0.0001,0.0,0.004210594408194192,0.00012187986235831054,0.009847369968381703,0.00010740732710458274,0.009739962398496449,0.07680166933016899,0.005681158777258685,0.07112051164492583,26.39292399903648,31.478632478632477,1.0,0.002048767083244892,0.00017043682629054485,0.1704368183755467,131.7063749753512,159.87179487179486,5.049695488203552,0.0007919268463698463,2.6764769012142774e-06,0.002676476780165974,2,1e-06,32,64,32,0,1.0,0.0,9.258294105529785,10.094490051269531,9.675617218017578,0.23904608190059662,0.99470454454422,0.5207599997520447,0.8814915418624878,0.09033302217721939,256,64,256,0,1.0,0.0,0.061950910836458206,1.8321056365966797,0.5845563411712646,0.21501991152763367,0.9887051582336426,-0.989446759223938,-0.0005191360833123326,0.518417239189148,288,288,0,1.0,0.0,0.08477664847047098,0.11351198053106348,0.11351198053106348,0.0016273153336480895,0.025722220009292966,0.07900583131929799,0.37349461463670575,186,26880.0,1.0,0.11351198053106348,0.004148413798712352,0.10936356605367457,0.0,0.0,0.0,0.11351198053106348,0.11351198053106348,0.0016273153336480895,0.025722220009292966,0.07900583131929799,0.37349461463670575,0.08477664847047098,0.1652284397953941,0.3602150454316088,0.11351198053106348,0.11351198053106348,0.0016273153336480895,0.025722220009292966,0.07900583131929799,0.37349461463670575,0.08477664847047098,0.1652284397953941,0.3602150454316088,0.11351198053106348,0.004148413798712352,0.10936356605367457,0.0,0.0,0.0,1,0,294,294
base,163,163,104.57659721374512,0.000437820791645019,0.08857679309753272,0.08471303840732983,0.005796905356244399,0.07891613385106763,0.0014941634662035438,5.996445767008341e-06,0.001827869659815079,1.8643486383945515e-07,5.988392209552091e-05,0.007283928809945201,0.030868632464200005,3.724209634622398e-07,1.0132795451627471e-06,0.0037140768363626087,0.001,0.0001,1.0,1.0,0.027894504798146393,0.06762479888832468,0.054099839753829516,0.999694832879254,0.9168419471153846,0.056105681782604284,0.0014093433283906207,8.482013899448892e-05,0.2647968530654907,0.3456786572933197,5.0,0.1,0.0001,0.0,0.004214207022888665,0.00012403608955996126,0.010200026707771497,0.00011839201021143513,0.010081635071681095,0.07706301831282102,0.005708111350575828,0.07135490767466716,26.458077129135784,31.615384615384617,1.0,0.0020308259568121443,0.00016689485343323392,0.16689484547346067,130.82710652473645,159.05128205128204,5.0172417188546214,0.0007878606974815902,2.745424715342771e-06,0.002745424580370259,2,1e-06,32,64,32,0,1.0,0.0,9.239521026611328,10.10136604309082,9.659948348999023,0.24235662817955017,0.994669497013092,0.5231063365936279,0.881415069103241,0.08954813331365585,256,64,256,0,1.0,0.0,0.10203955322504044,1.2714992761611938,0.5784050226211548,0.19697055220603943,0.9924914836883545,-0.985447347164154,-4.352553514763713e-05,0.5198171734809875,288,288,0,1.0,0.0,0.08948693861083318,0.1129988580942154,0.1129988580942154,0.0015949587550687981,0.027142930817189475,0.08394883792366713,0.38096773223851316,186,26880.0,1.0,0.1129988580942154,0.004282836158304138,0.10871602135135773,0.0,0.0,0.0,0.1129988580942154,0.1129988580942154,0.0015949587550687981,0.027142930817189475,0.08394883792366713,0.38096773223851316,0.08948693861083318,0.17395046697829358,0.36903225013645746,0.1129988580942154,0.1129988580942154,0.0015949587550687981,0.027142930817189475,0.08394883792366713,0.38096773223851316,0.08948693861083318,0.17395046697829358,0.36903225013645746,0.1129988580942154,0.004282836158304138,0.10871602135135773,0.0,0.0,0.0,1,0,294,294
base,164,164,99.87810111045837,0.00043268890086160604,0.08757324777861945,0.08361289764826114,0.0055678571976371044,0.07804504094215539,0.0015105465427041054,3.959695036467324e-06,0.0,1.8719555473814043e-07,6.821634340186047e-05,0.007643228655474054,0.033622962255508475,3.6669505968452893e-07,1.0132795509928415e-06,0.0036568177906740615,0.001,0.0001,1.0,1.0,0.028181621104351476,0.06755720795347141,0.054045766767146244,0.9996961395964663,0.9184027777777778,0.0565290274655717,0.0014273956473757569,8.315089495522248e-05,0.26468425989151,0.34596192836761475,5.0,0.1,0.0001,0.0,0.00408405108222117,0.00011846500694026382,0.009388226219731519,7.519763536178149e-05,0.009313028592329759,0.07657172791978233,0.005511458971115769,0.07106026962526843,26.474030665862255,31.64957264957265,1.0,0.0020546659043170195,0.00016364713612860307,0.1636471279665955,130.20554661547015,157.75213675213675,4.972473391612712,0.0008001253914294972,2.6546544852184775e-06,0.002654654347998464,2,1e-06,32,64,32,0,1.0,0.0,9.222617149353027,10.099081993103027,9.650014877319336,0.24482518434524536,0.9949468374252319,0.5065450668334961,0.8771278858184814,0.09300966560840607,256,64,256,0,1.0,0.0,0.07030943036079407,1.6652110815048218,0.5905044078826904,0.2148120254278183,0.9896291494369507,-0.9895703792572021,-0.0003981030604336411,0.5204991102218628,288,288,0,1.0,0.0,0.08866622381072531,0.11176638844165396,0.11176638844165396,0.0015694811702408689,0.02597354425327672,0.080640616596386,0.380376334872938,186,26880.0,1.0,0.11176638844165396,0.004199655996536479,0.10756673219990223,0.0,0.0,0.0,0.11176638844165396,0.11176638844165396,0.0015694811702408689,0.02597354425327672,0.080640616596386,0.380376334872938,0.08866622381072531,0.17321301227615726,0.36763440056513713,0.11176638844165396,0.11176638844165396,0.0015694811702408689,0.02597354425327672,0.080640616596386,0.380376334872938,0.08866622381072531,0.17321301227615726,0.36763440056513713,0.11176638844165396,0.004199655996536479,0.10756673219990223,0.0,0.0,0.0,1,0,294,294
base,165,165,104.10395121574402,0.0004275649398050855,0.08876228396199708,0.08478537208249426,0.0057775518313671155,0.07900782146005549,0.0015154708351971756,1.543952534214044e-05,0.0,1.8752548487263527e-07,6.361641206736452e-05,0.0077933982953938665,0.033325554389092654,3.7787654505176505e-07,1.0132795432193825e-06,0.0037686326570856646,0.001,0.0001,1.0,1.0,0.028014466325696718,0.06750634465462123,0.054005075787377156,0.9996965853576987,0.9159258981036325,0.05664851892198253,0.001430682044945912,8.478878678430099e-05,0.2650894820690155,0.34660157561302185,5.0,0.1,0.0001,0.0,0.00420971535361157,0.00012446170518922014,0.01040646051749205,9.512326393563014e-05,0.010311337617727427,0.07698052669437523,0.0057062093819228886,0.07127431824675992,26.38285962944357,31.487179487179485,1.0,0.002058107945192446,0.00016711464450365276,0.1671146368369078,131.83961741129556,159.64102564102564,5.048847375702522,0.00080325613823186,2.4629292347507208e-06,0.0024629291306194076,2,1e-06,32,64,32,0,1.0,0.0,9.213371276855469,10.079591751098633,9.638703346252441,0.24329064786434174,0.9947493076324463,0.508721113204956,0.8770648241043091,0.0926104485988617,256,64,256,0,1.0,0.0,0.07291565835475922,1.2659276723861694,0.5892657041549683,0.19302183389663696,0.9871102571487427,-0.989838719367981,-0.0028789483476430178,0.5189723372459412,288,288,0,1.0,0.0,0.09192814359501485,0.11375415642210777,0.11375415642210777,0.0016676627837636686,0.03012344277944536,0.08900209048622719,0.37354837834674826,186,26880.0,1.0,0.11375415642210777,0.0040745978451710435,0.10967955865124439,0.0,0.0,0.0,0.11375415642210777,0.11375415642210777,0.0016676627837636686,0.03012344277944536,0.08900209048622719,0.37354837834674826,0.09192814359501485,0.17950775630531773,0.3623655843798832,0.11375415642210777,0.11375415642210777,0.0016676627837636686,0.03012344277944536,0.08900209048622719,0.37354837834674826,0.09192814359501485,0.17950775630531773,0.3623655843798832,0.11375415642210777,0.0040745978451710435,0.10967955865124439,0.0,0.0,0.0,1,0,294,294
base,166,166,104.08503270149231,0.0004224494703755289,0.08757987739438684,0.08385150510276485,0.005801223489081758,0.07805028239376524,0.001540031765675188,1.2815018526763997e-06,0.0,1.8791819455507206e-07,5.610206655941415e-05,0.0064916181976063195,0.030750206138333704,3.820081303364858e-07,1.0132795461344297e-06,0.0038099485095271952,0.001,0.0001,1.0,1.0,0.02772133494130312,0.06752485358434865,0.05401988324319196,0.9996958487054222,0.9149284688835471,0.05728987219114589,0.0014586729668160407,8.135880143993582e-05,0.26544323563575745,0.3469598889350891,5.0,0.1,0.0001,0.0,0.00423149662052528,0.00012408080442388676,0.009750036602346307,0.00011226578225564753,0.009637770999191154,0.07653897771468529,0.005717024151395019,0.07082195427173223,26.625125917614017,31.641025641025642,1.0,0.002095769496801763,0.00016014772470051455,0.16014771787529317,133.8780036991478,162.34188034188034,5.119810492982074,0.0008215764313578033,2.5698773004703858e-06,0.002569877184354342,2,1e-06,32,64,32,0,1.0,0.0,9.197225570678711,10.042247772216797,9.614449501037598,0.23929853737354279,0.9944771528244019,0.519336462020874,0.878036618232727,0.09153810143470764,256,64,256,0,1.0,0.0,0.05780356749892235,1.4865950345993042,0.583975613117218,0.205669105052948,0.9886441826820374,-0.9892041683197021,0.0012730351882055402,0.5183547139167786,288,288,0,1.0,0.0,0.09052633257803097,0.11527723359300736,0.11527723359300736,0.0016119351333126108,0.027884983467639134,0.08526186293031099,0.3723118205865224,186,26880.0,1.0,0.11527723359300736,0.004098989490538519,0.11117824436502254,0.0,0.0,0.0,0.11527723359300736,0.11527723359300736,0.0016119351333126108,0.027884983467639134,0.08526186293031099,0.3723118205865224,0.09052633257803097,0.17768303028518154,0.3599999931550795,0.11527723359300736,0.11527723359300736,0.0016119351333126108,0.027884983467639134,0.08526186293031099,0.3723118205865224,0.09052633257803097,0.17768303028518154,0.3599999931550795,0.11527723359300736,0.004098989490538519,0.11117824436502254,0.0,0.0,0.0,1,0,294,294
base,167,167,100.15914511680603,0.00041734305354180595,0.08739691170362326,0.08369923446677689,0.005426389195570229,0.07827284639207725,0.001557176469021246,1.695058825943205e-05,0.0008367070148133824,1.8860263097903797e-07,7.369527149494421e-05,0.00603187947661385,0.029563384687798656,3.513929786387581e-07,1.0132795480777943e-06,0.0035037969977348153,0.001,0.0001,1.0,1.0,0.0285108074800581,0.06742373102495813,0.05393898461618994,0.9996912723932511,0.9195066272702992,0.057505118350187935,0.0014675389059906842,8.963756575127247e-05,0.26637569069862366,0.3475649952888489,5.0,0.1,0.0001,0.0,0.003953916374912374,0.00011711860671724018,0.010167542685810318,0.00010010089056614118,0.010067441524603428,0.07607357783450021,0.005351313527645622,0.07072226524862468,26.19062060983772,31.376068376068375,1.0,0.0021068924066857393,0.0001762775168766598,0.17627750910245454,128.7966267267863,156.2136752136752,4.941509801486319,0.0008281853993256122,2.9976145228868277e-06,0.0029976143796219784,2,1e-06,32,64,32,0,1.0,0.0,9.167770385742188,10.028371810913086,9.588375091552734,0.24399463832378387,0.9941935539245605,0.5190386176109314,0.8741287589073181,0.09348957240581512,256,64,256,0,1.0,0.0,0.06737354397773743,2.293217182159424,0.5967384576797485,0.22366657853126526,0.992186427116394,-0.9936407208442688,0.0020289523527026176,0.5184535980224609,288,288,0,1.0,0.0,0.09327852415541808,0.1143685870982231,0.1143685870982231,0.001576256747555701,0.02883989708397978,0.08701939829024335,0.3802688068319713,186,26880.0,1.0,0.1143685870982231,0.0040654207708591475,0.11030316622333323,0.0,0.0,0.0,0.1143685870982231,0.1143685870982231,0.001576256747555701,0.02883989708397978,0.08701939829024335,0.3802688068319713,0.09327852415541808,0.17934969388028627,0.3640322502582304,0.1143685870982231,0.1143685870982231,0.001576256747555701,0.02883989708397978,0.08701939829024335,0.3802688068319713,0.09327852415541808,0.17934969388028627,0.3640322502582304,0.1143685870982231,0.0040654207708591475,0.11030316622333323,0.0,0.0,0.0,1,0,294,294
base,168,168,100.93300795555115,0.000412246249280066,0.08772076118705618,0.08386013128309168,0.005508477749844265,0.07835165494018131,0.0015409180434802787,5.428027560631944e-05,0.0,1.8915667807404032e-07,7.484277800027502e-05,0.006596886833461049,0.032107536545676045,3.585746605469912e-07,1.013279554879571e-06,0.00357561380292476,0.001,0.0001,1.0,1.0,0.028208845776593328,0.06750585976192075,0.054004688229825765,0.9996884995036655,0.9184006911057693,0.057455369263377964,0.0014529783551334443,8.793969465888296e-05,0.2675926983356476,0.3483526408672333,5.0,0.1,0.0001,0.0,0.00399570620064544,0.00011826627657224641,0.010122595689235589,0.0001270374577715356,0.009995558832445715,0.07626818470720552,0.005413199653530605,0.07085498594320737,26.400253846095158,31.478632478632477,1.0,0.0020793615681174984,0.0001728577818796158,0.17285777360965043,131.08283632637088,158.47863247863248,5.0031552151963705,0.0008265951431443931,3.02160716607906e-06,0.0030216070321890023,2,1e-06,32,64,32,0,1.0,0.0,9.15631103515625,10.008102416992188,9.569897651672363,0.24293506145477295,0.9944674968719482,0.537494421005249,0.8766319751739502,0.09082785248756409,256,64,256,0,1.0,0.0,0.0948861613869667,2.257206439971924,0.590300440788269,0.21809102594852448,0.9911296963691711,-0.989615797996521,-0.0005276933661662042,0.5197261571884155,288,288,0,1.0,0.0,0.08741674455062996,0.11303039370699132,0.11303039370699132,0.0017777375649026734,0.028728093621471235,0.08744861188054245,0.3803225710827817,186,26880.0,1.0,0.11303039370699132,0.004025809697192559,0.10900458376458351,0.0,0.0,0.0,0.11303039370699132,0.11303039370699132,0.0017777375649026734,0.028728093621471235,0.08744861188054245,0.3803225710827817,0.08741674455062996,0.17472862816786253,0.3645161215656547,0.11303039370699132,0.11303039370699132,0.0017777375649026734,0.028728093621471235,0.08744861188054245,0.3803225710827817,0.08741674455062996,0.17472862816786253,0.3645161215656547,0.11303039370699132,0.004025809697192559,0.10900458376458351,0.0,0.0,0.0,1,0,294,294
base,169,169,102.4681806564331,0.0004071596165123322,0.08773636518635301,0.083503339980912,0.005596064976376728,0.07790727531298614,0.0015809704672990956,9.72175795553077e-06,0.0025436924054072453,1.9214696972745966e-07,8.279864976261862e-05,0.007477466101583062,0.03534042828867578,3.7219140022202777e-07,1.013279547106112e-06,0.0037117812088014097,0.001,0.0001,1.0,1.0,0.030269129743051324,0.06768348653856505,0.054146789412340544,0.9996966470001091,0.9171361678685898,0.05815008445045887,0.0014981605753334414,8.280988936931886e-05,0.26405516266822815,0.3526475727558136,5.0,0.1,0.0001,0.0,0.004068089443115661,0.0001223750332428608,0.009254950743455153,8.237010074986352e-05,0.009172580181024013,0.07656212698700082,0.005534287402804336,0.07102784017721812,26.560193933992306,31.70940170940171,1.0,0.0021497242214381057,0.0001627687055059872,0.1627686981462006,130.55751050639356,158.16239316239316,4.979627589534431,0.0008465969247512646,2.8510726643378057e-06,0.002851072539631118,2,1e-06,32,64,32,0,1.0,0.0,9.177787780761719,10.035163879394531,9.581838607788086,0.24015042185783386,0.9948986768722534,0.5161066055297852,0.8738482594490051,0.09352032095193863,256,64,256,0,1.0,0.0,0.04512910172343254,1.947421669960022,0.5944390296936035,0.20766681432724,0.9865055084228516,-0.9880812764167786,-0.0007645466248504817,0.5186856389045715,288,288,0,1.0,0.0,0.09312769664471508,0.11546105891466141,0.11546105891466141,0.001536172901359486,0.027450422740100774,0.08380926333327768,0.3671505297784523,186,26880.0,1.0,0.11546105891466141,0.003922076739786946,0.11153898166215166,0.0,0.0,0.0,0.11546105891466141,0.11546105891466141,0.001536172901359486,0.027450422740100774,0.08380926333327768,0.3671505297784523,0.09312769664471508,0.1809882246839103,0.3593548310379828,0.11546105891466141,0.11546105891466141,0.001536172901359486,0.027450422740100774,0.08380926333327768,0.3671505297784523,0.09312769664471508,0.1809882246839103,0.3593548310379828,0.11546105891466141,0.003922076739786946,0.11153898166215166,0.0,0.0,0.0,1,0,294,294
base,170,170,101.38977122306824,0.0004020837130452088,0.08684696600987361,0.08320897015241477,0.005604623431841342,0.07760434772851121,0.0014867757518704121,1.5375916806296405e-06,0.0,1.954063820534445e-07,6.422925658322492e-05,0.006217898318890291,0.030550485683812037,3.6265868235908334e-07,1.0132795509928415e-06,0.003616454026514553,0.001,0.0001,1.0,1.0,0.02848301890791736,0.06786387496524388,0.054291099548721924,0.9996964330347176,0.9174971621260684,0.05645926888936605,0.001406990930947483,7.978482297512217e-05,0.2642420530319214,0.35425278544425964,5.0,0.1,0.0001,0.0,0.004085338885426266,0.00011995714333499921,0.00934020423481607,0.0001193270978764591,0.009220877264299963,0.07620381703998289,0.005515128108433997,0.07068868978028624,26.659852313180256,31.675213675213676,1.0,0.002016097201734909,0.00015745794278187439,0.15745793448554146,131.64096512753738,158.69230769230768,5.00453657752045,0.0007978846621500631,2.111704007174766e-06,0.0021117039215870393,2,1e-06,32,64,32,0,1.0,0.0,9.182944297790527,9.996339797973633,9.571407318115234,0.23004622757434845,0.9950088262557983,0.5425119996070862,0.8801589012145996,0.089053213596344,256,64,256,0,1.0,0.0,0.06223102658987045,1.4098759889602661,0.5793594121932983,0.2002311497926712,0.9862021207809448,-0.9922096729278564,-0.002566668437793851,0.5181220173835754,288,288,0,1.0,0.0,0.09337904594678392,0.113103930144868,0.113103930144868,0.0015484843071193455,0.031423925736328205,0.0914727880879836,0.3770967641825317,186,26880.0,1.0,0.113103930144868,0.004004988413145567,0.10909894156329175,0.0,0.0,0.0,0.113103930144868,0.113103930144868,0.0015484843071193455,0.031423925736328205,0.0914727880879836,0.3770967641825317,0.09337904594678392,0.179174856072472,0.36258063841891547,0.113103930144868,0.113103930144868,0.0015484843071193455,0.031423925736328205,0.0914727880879836,0.3770967641825317,0.09337904594678392,0.179174856072472,0.36258063841891547,0.113103930144868,0.004004988413145567,0.10909894156329175,0.0,0.0,0.0,1,0,294,294
base,171,171,102.59711360931396,0.00039701909550871116,0.0870376035061657,0.0833353381126355,0.005572968813328025,0.07776237062664114,0.001514612200558504,3.405280697804231e-05,0.0007558111578990251,1.9661303362223157e-07,7.585633195464894e-05,0.006552710817255176,0.02920344492627515,3.5895299472009805e-07,1.0132795509928415e-06,0.0035793971355893035,0.001,0.0001,1.0,1.0,0.030095110098138835,0.06739699646321118,0.05391759708778471,0.9996964050154401,0.918144030448718,0.057044727425289966,0.0014286422942820778,8.596990242079059e-05,0.26471224427223206,0.35487180948257446,5.0,0.1,0.0001,0.0,0.004050761798563867,0.00012164469771027469,0.009695012345273271,0.00011370773228187846,0.009581305022932526,0.07606407904472107,0.005487688011131608,0.07057639185944174,26.35031235523713,31.58974358974359,1.0,0.0020427291568082115,0.0001696870820477414,0.16968707345489764,130.88170516185272,158.33333333333334,4.9960044636490695,0.0008145554397159662,2.2527235131276852e-06,0.00225272341671153,2,1e-06,32,64,32,0,1.0,0.0,9.162790298461914,9.982983589172363,9.552140235900879,0.23062489926815033,0.9948476552963257,0.5378459692001343,0.878869354724884,0.08961871266365051,256,64,256,0,1.0,0.0,0.08631450682878494,1.4988855123519897,0.5812798738479614,0.19084003567695618,0.9875224828720093,-0.9898339509963989,-0.0008357215556316078,0.5159738063812256,288,288,0,1.0,0.0,0.09369342072155848,0.11179237733495996,0.11179237733495996,0.0016455462331229703,0.03054864049428493,0.09090846534117415,0.376935474895021,186,26880.0,1.0,0.11179237733495996,0.0041727399369305435,0.10761963655339911,0.0,0.0,0.0,0.11179237733495996,0.11179237733495996,0.0016455462331229703,0.03054864049428493,0.09090846534117415,0.376935474895021,0.09369342072155848,0.1791881894071897,0.36569891725817033,0.11179237733495996,0.11179237733495996,0.0016455462331229703,0.03054864049428493,0.09090846534117415,0.376935474895021,0.09369342072155848,0.1791881894071897,0.36569891725817033,0.11179237733495996,0.0041727399369305435,0.10761963655339911,0.0,0.0,0.0,1,0,294,294
base,172,172,101.3602283000946,0.0003919663192952252,0.08608871029737668,0.08238668644275421,0.005515400304371475,0.07687128640902348,0.0015604512648593285,7.776053956685922e-06,0.0,1.9719713193800501e-07,0.00010011921541780955,0.0064343962262177635,0.029799740076956585,3.6130833633605005e-07,1.0132795500211591e-06,0.0036029505810071514,0.001,0.0001,1.0,1.0,0.029843130538988318,0.06805716225734124,0.054445730729235545,0.9996962659379356,0.9178518963675214,0.05793634827575113,0.001476372600111187,8.407866437501537e-05,0.2649041712284088,0.3552831709384918,5.0,0.1,0.0001,0.0,0.004022925835437117,0.00012081168433024477,0.008982958956661388,9.499378820769807e-05,0.008887964945573073,0.07564946728893834,0.005444154963215701,0.07020531282720403,26.481784543420513,31.71794871794872,1.0,0.002112427341321913,0.00016590620312216875,0.16590619494772366,131.4375199538011,159.17094017094018,5.012486214502342,0.0008403178623829705,2.251125909164034e-06,0.002251125808454986,2,1e-06,32,64,32,0,1.0,0.0,9.146964073181152,9.9916353225708,9.545354843139648,0.23513580858707428,0.9947764873504639,0.5060843825340271,0.8719456195831299,0.09466858208179474,256,64,256,0,1.0,0.0,0.0464584156870842,1.309416651725769,0.5958110690116882,0.19976110756397247,0.9921189546585083,-0.9881852269172668,-0.0013168732402846217,0.5160661339759827,288,288,0,1.0,0.0,0.09722104169909031,0.11356107415036952,0.11356107415036952,0.0015650449811104446,0.029667588065989237,0.09002959646124353,0.3748924636472297,186,26880.0,1.0,0.11356107415036952,0.003988106058851043,0.10957296747476497,0.0,0.0,0.0,0.11356107415036952,0.11356107415036952,0.0015650449811104446,0.029667588065989237,0.09002959646124353,0.3748924636472297,0.09722104169909031,0.18700272914382718,0.3626344011675927,0.11356107415036952,0.11356107415036952,0.0015650449811104446,0.029667588065989237,0.09002959646124353,0.3748924636472297,0.09722104169909031,0.18700272914382718,0.3626344011675927,0.11356107415036952,0.003988106058851043,0.10957296747476497,0.0,0.0,0.0,1,0,294,294
base,173,173,101.90225195884705,0.0003869259384986023,0.08737068973545335,0.0835967977077533,0.0054637183988482775,0.07813308012281728,0.0015357777309150267,1.7922417396026798e-05,0.0,1.9779737281305253e-07,8.983013886056421e-05,0.006545403329496328,0.03130575842582262,3.552670321725685e-07,1.0132795461344297e-06,0.003542537526346934,0.001,0.0001,1.0,1.0,0.030178904270705503,0.06756272052343075,0.05405017665117724,0.9996961075016576,0.9172258947649573,0.057701144240096085,0.0014498254590723505,8.595227098759587e-05,0.265910804271698,0.356183260679245,5.0,0.1,0.0001,0.0,0.003981724583432397,0.00012056989636089111,0.010468514047117315,7.763412247738268e-05,0.01039088027090089,0.07574541210873514,0.005405492807985243,0.07033991979228126,26.374379622630585,31.54700854700855,1.0,0.0020662780053133513,0.00016963079828683398,0.1696307903681046,130.29166614499866,158.13675213675214,4.996716184609368,0.0008333729168113607,2.273743080084573e-06,0.002273742969219501,2,1e-06,32,64,32,0,1.0,0.0,9.12646198272705,9.964702606201172,9.521685600280762,0.23194658756256104,0.9947129487991333,0.5392154455184937,0.8755878806114197,0.09136848896741867,256,64,256,0,1.0,0.0,0.06935086846351624,1.3571866750717163,0.5899182558059692,0.2016555517911911,0.9883373975753784,-0.9915387630462646,-0.0017306001391261816,0.5150032043457031,288,288,0,1.0,0.0,0.09211944874816684,0.11292702768077241,0.11292702768077241,0.0016883485925760359,0.029457578022453572,0.08806517841895262,0.3744085931008862,186,26880.0,1.0,0.11292702768077241,0.004025553023700226,0.10890147644788661,0.0,0.0,0.0,0.11292702768077241,0.11292702768077241,0.0016883485925760359,0.029457578022453572,0.08806517841895262,0.3744085931008862,0.09211944874816684,0.18145185064083785,0.3645161234883852,0.11292702768077241,0.11292702768077241,0.0016883485925760359,0.029457578022453572,0.08806517841895262,0.3744085931008862,0.09211944874816684,0.18145185064083785,0.3645161234883852,0.11292702768077241,0.004025553023700226,0.10890147644788661,0.0,0.0,0.0,1,0,294,294
base,174,174,101.64582872390747,0.0003818985058533967,0.08648407230010399,0.08269946952151437,0.005459503031885013,0.07723996667270987,0.001608954770410927,0.0,0.0,1.9866126488204438e-07,9.090303905022432e-05,0.006596976769272175,0.030311694098079305,3.569871932801402e-07,1.0132795480777943e-06,0.003559739145840335,0.001,0.0001,1.0,1.0,0.030031705911979716,0.06750634459094104,0.05400507562817671,0.9996965894332299,0.9178247696314102,0.05896462232638628,0.0015231674541042657,8.578731694408497e-05,0.2664988040924072,0.3567265272140503,5.0,0.1,0.0001,0.0,0.003936936827097884,0.00011927317877068248,0.00946701591850346,0.00015037313390236633,0.009316642569680499,0.07559920764631695,0.005346723179468232,0.07025248487280984,26.36528298793695,31.683760683760685,1.0,0.0021758465281424997,0.00016913143115697237,0.1691314236730592,130.22853368775458,158.32478632478632,4.989334127640579,0.0008704883875285522,2.4432016395124256e-06,0.0024432015215229783,2,1e-06,32,64,32,0,1.0,0.0,9.099448204040527,9.936925888061523,9.490766525268555,0.23357784748077393,0.9949812889099121,0.5253481864929199,0.8720412850379944,0.09307824820280075,256,64,256,0,1.0,0.0,0.05745425447821617,1.4606126546859741,0.6038988828659058,0.20754289627075195,0.9915587306022644,-0.9901889562606812,0.0006460454314947128,0.5164094567298889,288,288,0,1.0,0.0,0.09822565144909326,0.1127013180484163,0.1127013180484163,0.0016308513276794172,0.03201194504095662,0.0934737658338441,0.3779032167087319,186,26880.0,1.0,0.1127013180484163,0.003924865065083066,0.10877645380319433,0.0,0.0,0.0,0.1127013180484163,0.1127013180484163,0.0016308513276794172,0.03201194504095662,0.0934737658338441,0.3779032167087319,0.09822565144909326,0.1868647206374394,0.36532257289014836,0.1127013180484163,0.1127013180484163,0.0016308513276794172,0.03201194504095662,0.0934737658338441,0.3779032167087319,0.09822565144909326,0.1868647206374394,0.36532257289014836,0.1127013180484163,0.003924865065083066,0.10877645380319433,0.0,0.0,0.0,1,0,294,294
base,175,175,99.6500186920166,0.00037688457267425206,0.08526866144349432,0.08166335427608246,0.005339616537492117,0.07632373868782297,0.0015642093723385125,6.689144791955622e-07,0.0,1.991881283124207e-07,0.00010001824479983843,0.005878308685456649,0.029044702728716735,3.526487401278541e-07,6.510187663713086e-06,0.003461385525874475,0.001,0.0001,1.0,1.0,0.02988943197708736,0.06748502418144137,0.05398801995966679,0.9996923493523883,0.9189160990918803,0.05832753916326751,0.0014791345078514046,8.507486705234947e-05,0.2666988968849182,0.35713645815849304,5.0,0.1,0.0001,0.0,0.0038889408505593357,0.00011689172242768109,0.008635468972034944,0.0001066567288695747,0.008528812318785578,0.07518675222865537,0.005259623991834939,0.06992712919401307,26.4235440849239,31.54700854700855,1.0,0.00210650778737747,0.0001674489603284846,0.16744895266671467,130.35653991373175,157.47863247863248,4.965821009007885,0.0008517612288228404,2.700773185917305e-06,0.0027007730598123665,2,1e-06,32,64,32,0,1.0,0.0,9.101137161254883,9.925122261047363,9.476900100708008,0.2297576367855072,0.9944095611572266,0.5316516160964966,0.8740547299385071,0.09195179492235184,256,64,256,0,1.0,0.0,0.060395076870918274,1.662630319595337,0.5928897857666016,0.2142740786075592,0.9836939573287964,-0.9896479845046997,-0.00051679159514606,0.5150449872016907,288,288,0,1.0,0.0,0.10077347724588327,0.11243328356996496,0.11243328356996496,0.001528133982495266,0.03365032580525925,0.09802190956950027,0.378225797847394,186,26880.0,1.0,0.11243328356996496,0.0038336328121813686,0.10859965105006035,0.0,0.0,0.0,0.11243328356996496,0.11243328356996496,0.001528133982495266,0.03365032580525925,0.09802190956950027,0.378225797847394,0.10077347724588327,0.1920802625276709,0.3625806377780053,0.11243328356996496,0.11243328356996496,0.001528133982495266,0.03365032580525925,0.09802190956950027,0.378225797847394,0.10077347724588327,0.1920802625276709,0.3625806377780053,0.11243328356996496,0.0038336328121813686,0.10859965105006035,0.0,0.0,0.0,1,0,294,294
base,176,176,101.3576111793518,0.0003718846887954434,0.08663702889894828,0.08300959713693358,0.005450044692947696,0.07755955416932066,0.001547608617096184,1.3373037959393274e-05,0.0,1.9970212824715324e-07,8.385394159183472e-05,0.006233625128889122,0.02885450330427569,3.53395083771911e-07,1.0132795607096652e-06,0.0035238180455799475,0.001,0.0001,1.0,1.0,0.02956296396083557,0.06750634459094104,0.05400507591473751,0.9996965792444017,0.9174909021100427,0.058313598967770226,0.001465341071279831,8.226754161868538e-05,0.2671423554420471,0.3577549159526825,5.0,0.1,0.0001,0.0,0.0039599923064741185,0.00012027676834843746,0.010148094760047065,0.00011153239358821485,0.010036562752519917,0.07539852619425863,0.005366395396761533,0.07003213197757037,26.589834082839836,31.555555555555557,1.0,0.0020793120985707412,0.00016233871494291516,0.16233870718214247,130.83223887386484,157.8803418803419,4.990140778892942,0.0008513700459789262,2.196369116984734e-06,0.0021963690081213275,2,1e-06,32,64,32,0,1.0,0.0,9.088154792785645,9.907268524169922,9.469058990478516,0.22752989828586578,0.9944021105766296,0.5409094095230103,0.8748482465744019,0.09134317189455032,256,64,256,0,1.0,0.0,0.0665520578622818,1.3046151399612427,0.5888060331344604,0.19108153879642487,0.9918375015258789,-0.9833635687828064,-0.0021249717101454735,0.5118938684463501,288,288,0,1.0,0.0,0.10224814044051272,0.1124672715334182,0.1124672715334182,0.0016792381548897384,0.034534292288064476,0.09683831812693708,0.3797849379079316,186,26880.0,1.0,0.1124672715334182,0.003933214327379903,0.10853405724814598,0.0,0.0,0.0,0.1124672715334182,0.1124672715334182,0.0016792381548897384,0.034534292288064476,0.09683831812693708,0.3797849379079316,0.10224814044051272,0.1903535918362679,0.3681182726736992,0.1124672715334182,0.1124672715334182,0.0016792381548897384,0.034534292288064476,0.09683831812693708,0.3797849379079316,0.10224814044051272,0.1903535918362679,0.3681182726736992,0.1124672715334182,0.003933214327379903,0.10853405724814598,0.0,0.0,0.0,1,0,294,294
base,177,177,101.20405387878418,0.0003668994025105812,0.08585522011813955,0.08212740311765263,0.005414982970095534,0.07671242114952487,0.001569589890507806,2.781625709727279e-06,0.0,2.001298718161131e-07,0.00010830990031469855,0.00638610839497489,0.030329357132188275,3.5638019732996094e-07,1.0132795539078886e-06,0.0035536691857875986,0.001,0.0001,1.0,1.0,0.03111956434117423,0.06791420822214876,0.0543313666095591,0.9996953010559082,0.9174387353098291,0.05877212594207536,0.0014878952822003227,8.169461186772758e-05,0.2672133147716522,0.3578775227069855,5.0,0.1,0.0001,0.0,0.0039333532779262615,0.0001197948463064117,0.008807410287041949,0.00010332997299285016,0.008704080540909726,0.075521845338691,0.005337485489355894,0.07018436074384257,26.5767084105402,31.495726495726494,1.0,0.0021110462337238793,0.0001609519826876135,0.16095197506439993,131.11398348033939,158.25641025641025,5.000453572362945,0.0008647443271942564,2.4372411673585957e-06,0.0024372410570454393,2,1e-06,32,64,32,0,1.0,0.0,9.071215629577637,9.890960693359375,9.450976371765137,0.22806021571159363,0.9949168562889099,0.5416237115859985,0.874339759349823,0.09151967614889145,256,64,256,0,1.0,0.0,0.060588814318180084,1.3403129577636719,0.584336519241333,0.19688181579113007,0.9878730773925781,-0.989161491394043,0.001342587755061686,0.5109445452690125,288,288,0,1.0,0.0,0.10045799983525149,0.11290633535765587,0.11290633535765587,0.001605094321309886,0.03202677535654236,0.09082985052999148,0.37107526018254217,186,26880.0,1.0,0.11290633535765587,0.0038763499481880917,0.1090299848546373,0.0,0.0,0.0,0.11290633535765587,0.11290633535765587,0.001605094321309886,0.03202677535654236,0.09082985052999148,0.37107526018254217,0.10045799983525149,0.19033987635886798,0.36370967088207123,0.11290633535765587,0.11290633535765587,0.001605094321309886,0.03202677535654236,0.09082985052999148,0.37107526018254217,0.10045799983525149,0.19033987635886798,0.36370967088207123,0.11290633535765587,0.0038763499481880917,0.1090299848546373,0.0,0.0,0.0,1,0,294,294
base,178,178,101.65398359298706,0.0003619292605124862,0.08653880802229938,0.08285287595712222,0.005389977760939325,0.0774628989971601,0.0015612747729158937,1.269708682074506e-05,0.0,2.0062524374951994e-07,8.924685968857873e-05,0.006023606567038621,0.030184676265742026,3.562228765790426e-07,1.0132795509928415e-06,0.0035520959879335365,0.001,0.0001,1.0,1.0,0.030184361669752333,0.06746585256396195,0.053972682207186,0.9996955155307411,0.9173573551014957,0.05858675158049306,0.001478843107365836,8.243166492818098e-05,0.26772788166999817,0.35851728916168213,5.0,0.1,0.0001,0.0,0.003933875668300395,0.00011994389418930981,0.009927034378051758,6.903216847751895e-05,0.009858002520015096,0.0754076001735834,0.0053382036355761895,0.07006939697978842,26.560254871335804,31.504273504273506,1.0,0.002098522089326229,0.00016218748009061185,0.16218747236789802,131.17492416577463,158.3846153846154,4.999666929264988,0.0008591641159529169,2.6758492796660025e-06,0.0026758491483509033,2,1e-06,32,64,32,0,1.0,0.0,9.062971115112305,9.877717971801758,9.441272735595703,0.22598108649253845,0.9946660399436951,0.5383881330490112,0.8724943399429321,0.09287022799253464,256,64,256,0,1.0,0.0,0.043377719819545746,1.288166880607605,0.584302544593811,0.1968701034784317,0.9876259565353394,-0.9805266261100769,-0.0016151291783899069,0.5111572742462158,288,288,0,1.0,0.0,0.096968082911385,0.11228457172500327,0.11228457172500327,0.0016768711936125096,0.03133652552772033,0.08884756529944078,0.37725805407089574,186,26880.0,1.0,0.11228457172500327,0.0038677388703093883,0.10841683171530987,0.0,0.0,0.0,0.11228457172500327,0.11228457172500327,0.0016768711936125096,0.03133652552772033,0.08884756529944078,0.37725805407089574,0.096968082911385,0.18452642297232022,0.3641935409076752,0.11228457172500327,0.11228457172500327,0.0016768711936125096,0.03133652552772033,0.08884756529944078,0.37725805407089574,0.096968082911385,0.18452642297232022,0.3641935409076752,0.11228457172500327,0.0038677388703093883,0.10841683171530987,0.0,0.0,0.0,1,0,294,294
base,179,179,101.51575493812561,0.00035697480783323686,0.08616995875142579,0.0824300555082468,0.005389055171503852,0.07704100130587561,0.001606891949613316,1.135003418685534e-05,0.0,2.0115211118808605e-07,0.00011079415328251157,0.00658391217669297,0.02925811472356829,3.535625800717419e-07,1.0132795490494766e-06,0.003525493010822843,0.001,0.0001,1.0,1.0,0.03179172652526798,0.06813695587408848,0.054509565536665104,0.9996968721732115,0.9168920272435898,0.05961965441576436,0.0015228240836300275,8.406786637196146e-05,0.2682498097419739,0.3589380383491516,5.0,0.1,0.0001,0.0,0.0039117196206656145,0.00012095410821553416,0.0096869784542638,9.055595653943527e-05,0.009596422696724916,0.07516482160386877,0.005321138202109271,0.06984368415597157,26.479472347813793,31.615384615384617,1.0,0.0021557690432438483,0.00016595513984495297,0.16595513188940847,130.63058354304388,158.17948717948718,4.993788669377287,0.0008898791334687326,2.180592736213163e-06,0.0021805926265879576,2,1e-06,32,64,32,0,1.0,0.0,9.05318546295166,9.854819297790527,9.427983283996582,0.22258718311786652,0.9944753050804138,0.5405031442642212,0.8718980550765991,0.09295634925365448,256,64,256,0,1.0,0.0,0.07189296931028366,1.4754637479782104,0.589422345161438,0.2005794495344162,0.9857189655303955,-0.9873302578926086,0.0007921963115222752,0.5122212767601013,288,288,0,1.0,0.0,0.10467369800373431,0.1117401658854586,0.1117401658854586,0.001631783774776503,0.03392499903847854,0.09367811931197041,0.3773118179812226,186,26880.0,1.0,0.1117401658854586,0.003909804298482994,0.10783036195851387,0.0,0.0,0.0,0.1117401658854586,0.1117401658854586,0.001631783774776503,0.03392499903847854,0.09367811931197041,0.3773118179812226,0.10467369800373431,0.19467291011605212,0.367526874266645,0.1117401658854586,0.1117401658854586,0.001631783774776503,0.03392499903847854,0.09367811931197041,0.3773118179812226,0.10467369800373431,0.19467291011605212,0.367526874266645,0.1117401658854586,0.003909804298482994,0.10783036195851387,0.0,0.0,0.0,1,0,294,294
base,180,180,100.93451189994812,0.00035203658778440076,0.0857003454087127,0.0819478482644782,0.005346490621455332,0.07660135891065638,0.001596320992630198,6.077596201346471e-07,0.0006439799809048319,2.0162805153884418e-07,0.00013216830942166694,0.006351128084491541,0.029757765726719655,3.5511151471231034e-07,1.0132795529362063e-06,0.0035409823808277775,0.001,0.0001,1.0,1.0,0.03091154175086154,0.06768600986554073,0.0541488078988006,0.9996965553006555,0.9180083967681624,0.05946124574312797,0.0015157557771198896,8.056521687843702e-05,0.2672520875930786,0.35978150367736816,5.0,0.1,0.0001,0.0,0.0038736096123615517,0.0001194752216039118,0.009199043114980062,0.00011189341242624144,0.009087149913494404,0.07504856599192335,0.005262570561140648,0.06978599622081487,26.615906071459126,31.71794871794872,1.0,0.002146350258650879,0.00015853868165470334,0.15853867367801502,129.96488593989966,157.1965811965812,4.949681210366694,0.0008851612985739086,2.5917527206465275e-06,0.0025917525984283187,2,1e-06,32,64,32,0,1.0,0.0,9.062670707702637,9.845328330993652,9.423720359802246,0.21933744847774506,0.9946579933166504,0.5348415374755859,0.8742057681083679,0.09172490239143372,256,64,256,0,1.0,0.0,0.07192931324243546,1.414380669593811,0.5845988988876343,0.19406026601791382,0.9897006154060364,-0.9813003540039062,-0.0012789638713002205,0.510057806968689,288,288,0,1.0,0.0,0.10234295446625961,0.11317496413880206,0.11317496413880206,0.0016237979289144278,0.03535042981672231,0.09790078564096362,0.37102149707335297,186,26880.0,1.0,0.11317496413880206,0.0039178296487699165,0.10925713435132453,0.0,0.0,0.0,0.11317496413880206,0.11317496413880206,0.0016237979289144278,0.03535042981672231,0.09790078564096362,0.37102149707335297,0.10234295446625961,0.19278899015438172,0.3676881645956347,0.11317496413880206,0.11317496413880206,0.0016237979289144278,0.03535042981672231,0.09790078564096362,0.37102149707335297,0.10234295446625961,0.19278899015438172,0.3676881645956347,0.11317496413880206,0.0039178296487699165,0.10925713435132453,0.0,0.0,0.0,1,0,294,294
base,181,181,104.31604027748108,0.00034711514189745505,0.08624544631466906,0.0824580609671071,0.005521159350442199,0.07693690195297584,0.0015976965023427564,4.388559132050245e-06,0.0,2.028513097666991e-07,0.0001380240617814827,0.0063018063829543116,0.031094717912566967,3.6929922091686365e-07,1.0132795403043353e-06,0.003682859420067925,0.001,0.0001,1.0,1.0,0.03330345219399175,0.06750886616671187,0.05400709301615373,0.99969680288918,0.9162388989049145,0.05967164564973269,0.0015110093562935407,8.668714737070378e-05,0.2668508291244507,0.3606222867965698,5.0,0.1,0.0001,0.0,0.003985091215039357,0.00012531459073309237,0.00933681084559514,9.329837516077563e-05,0.00924351225551377,0.07545545308763145,0.005451185571061622,0.07000426763398016,26.351680266551483,31.666666666666668,1.0,0.002130466647661076,0.0001708778275229618,0.1708778193873218,129.78447619055072,157.94017094017093,4.9800990920359665,0.0008915520728860273,2.4964668029300983e-06,0.0024964666774130277,2,1e-06,32,64,32,0,1.0,0.0,9.053485870361328,9.850666999816895,9.418985366821289,0.21958841383457184,0.9949134588241577,0.5510255694389343,0.8757463097572327,0.09022486209869385,256,64,256,0,1.0,0.0,0.09795038402080536,1.3042552471160889,0.5827434062957764,0.20543642342090607,0.9837742447853088,-0.9861133098602295,-0.0003486191853880882,0.5109602808952332,288,288,0,1.0,0.0,0.1019763457839207,0.11227667014649574,0.11227667014649574,0.0016088178851938945,0.03589717420418897,0.09872902328428883,0.37306450832114424,186,26880.0,1.0,0.11227667014649574,0.0037125723753520783,0.10856409783058978,0.0,0.0,0.0,0.11227667014649574,0.11227667014649574,0.0016088178851938945,0.03589717420418897,0.09872902328428883,0.37306450832114424,0.1019763457839207,0.19220448085056838,0.36037633736287394,0.11227667014649574,0.11227667014649574,0.0016088178851938945,0.03589717420418897,0.09872902328428883,0.37306450832114424,0.1019763457839207,0.19220448085056838,0.36037633736287394,0.11227667014649574,0.0037125723753520783,0.10856409783058978,0.0,0.0,0.0,1,0,294,294
base,182,182,102.54450011253357,0.00034221100986440094,0.08472943898194875,0.0811138453009801,0.005422281349101701,0.07569156431107439,0.001575708479827477,1.0076900307311971e-05,0.0,2.0346161885012188e-07,0.00010066737986096857,0.005738341472903664,0.029112113528272025,3.5835445583782325e-07,1.0132795480777943e-06,0.0035734117594766472,0.001,0.0001,1.0,1.0,0.032131708744499415,0.06750147226147163,0.05400117797156175,0.9996967264729687,0.9163244524572649,0.059247345400926396,0.0014953551232878468,8.035336107933002e-05,0.26704925298690796,0.36106643080711365,5.0,0.1,0.0001,0.0,0.0039415559995099585,0.00012219783150838214,0.008533382008218357,9.163468678155515e-05,0.008441746999055911,0.07471380860377581,0.005353555335010537,0.06936025399810229,26.647169064252804,31.65811965811966,1.0,0.002111681627555408,0.00015843471841917484,0.15843471095093295,131.48631769163995,158.95726495726495,5.009173099898907,0.0008790286254878036,2.272002842622368e-06,0.0022720027173686232,2,1e-06,32,64,32,0,1.0,0.0,9.046098709106445,9.844006538391113,9.41598892211914,0.21684573590755463,0.9949158430099487,0.5396317839622498,0.8736814260482788,0.0921872928738594,256,64,256,0,1.0,0.0,0.06932834535837173,1.6477580070495605,0.5845606327056885,0.21054311096668243,0.9887486696243286,-0.984180748462677,-0.0013288608752191067,0.508529007434845,288,288,0,1.0,0.0,0.10572179743359165,0.11169193938691566,0.11169193938691566,0.0015798074990867616,0.03803902489423592,0.10581742143458737,0.3775806361308662,186,26880.0,1.0,0.11169193938691566,0.0036815150066259058,0.10801042473696648,0.0,0.0,0.0,0.11169193938691566,0.11169193938691566,0.0015798074990867616,0.03803902489423592,0.10581742143458737,0.3775806361308662,0.10572179743359165,0.20042178875976993,0.36494622868235393,0.11169193938691566,0.11169193938691566,0.0015798074990867616,0.03803902489423592,0.10581742143458737,0.3775806361308662,0.10572179743359165,0.20042178875976993,0.36494622868235393,0.11169193938691566,0.0036815150066259058,0.10801042473696648,0.0,0.0,0.0,1,0,294,294
base,183,183,103.88925313949585,0.0003373247294785804,0.08485626747720262,0.08117773925137316,0.005449144466199044,0.07572859573440674,0.0016018432658563694,3.882498942060858e-05,0.0,2.0382086840710013e-07,0.00010397447923040325,0.006005100006910248,0.02873965768286815,3.5648809694892515e-07,1.0132795539078886e-06,0.0035547481742329323,0.001,0.0001,1.0,1.0,0.03261322502651785,0.06752485348882838,0.05401988314767169,0.9996958563470433,0.9159843249198718,0.05976636465798076,0.0015185904295112079,8.325283555226882e-05,0.26709043979644775,0.3612729012966156,5.0,0.1,0.0001,0.0,0.003942528490820884,0.00012345149096088589,0.008438806757967696,0.00010604518823898755,0.008332761943849742,0.07484863437393792,0.005369610577009809,0.06947902427651943,26.45288839095678,31.623931623931625,1.0,0.002142334207653617,0.00016413199627382928,0.16413198780809712,130.97185744587173,159.25641025641025,5.025153974841127,0.0008948466568413135,2.3736751117674926e-06,0.0023736749958788226,2,1e-06,32,64,32,0,1.0,0.0,9.032485961914062,9.837069511413574,9.408926963806152,0.21451160311698914,0.9945816993713379,0.5483821034431458,0.8760453462600708,0.09041786193847656,256,64,256,0,1.0,0.0,0.09691712260246277,1.2942315340042114,0.5809294581413269,0.19586968421936035,0.9847713708877563,-0.9804707169532776,-0.0010178990196436644,0.507262647151947,288,288,0,1.0,0.0,0.1019857133668597,0.1112480012977377,0.1112480012977377,0.001613180041610402,0.035153446190800235,0.09674189296821432,0.37779569033012594,186,26880.0,1.0,0.1112480012977377,0.0038976335174780575,0.10735036718084458,0.0,0.0,0.0,0.1112480012977377,0.1112480012977377,0.001613180041610402,0.035153446190800235,0.09674189296821432,0.37779569033012594,0.1019857133668597,0.1918807773981043,0.3678494546041694,0.1112480012977377,0.1112480012977377,0.001613180041610402,0.035153446190800235,0.09674189296821432,0.37779569033012594,0.1019857133668597,0.1918807773981043,0.3678494546041694,0.1112480012977377,0.0038976335174780575,0.10735036718084458,0.0,0.0,0.0,1,0,294,294
base,184,184,99.98467779159546,0.0003324568365757012,0.08609523184788533,0.08216228189631405,0.005185849014391056,0.076976433969461,0.0016321137042031584,0.00012354763089400582,0.0008367070148133824,2.042964584663625e-07,0.0001317872773037939,0.006268654393756555,0.030164538627952084,3.4724082092518665e-07,1.0132795403043353e-06,0.00346227541180829,0.001,0.0001,1.0,1.0,0.03243216221085471,0.06760996261723021,0.05408797034213685,0.9996936173520536,0.9196443476228633,0.06057694917305922,0.0015477558775032815,8.43578243833861e-05,0.2663379907608032,0.36181071400642395,5.0,0.1,0.0001,0.0,0.0037597510013450733,0.00011779760315508829,0.009833162156944601,7.898364868811054e-05,0.009754178870437492,0.07478741021492542,0.005126611278869976,0.06966079981663288,26.44868355123406,31.495726495726494,1.0,0.002176196054698756,0.0001661143944505204,0.1661143873491858,129.01978588919354,156.54700854700855,4.939821133167907,0.000919315701800311,2.6012527841516217e-06,0.002601252661810981,2,1e-06,32,64,32,0,1.0,0.0,9.019539833068848,9.83721923828125,9.400909423828125,0.2186715006828308,0.9943994283676147,0.5453964471817017,0.8740789890289307,0.0913032591342926,256,64,256,0,1.0,0.0,0.09087376296520233,1.3238086700439453,0.5828871726989746,0.19819481670856476,0.9898864030838013,-0.9825236797332764,-0.0015413897344842553,0.5033441781997681,288,288,0,1.0,0.0,0.1026188190025027,0.112623172078995,0.112623172078995,0.0016455262914260335,0.03434706888141571,0.09986498270944882,0.3823118174588808,186,26880.0,1.0,0.112623172078995,0.003726207111228971,0.10889696488355069,0.0,0.0,0.0,0.112623172078995,0.112623172078995,0.0016455262914260335,0.03434706888141571,0.09986498270944882,0.3823118174588808,0.1026188190025027,0.19648559475618024,0.36688171295068595,0.112623172078995,0.112623172078995,0.0016455262914260335,0.03434706888141571,0.09986498270944882,0.3823118174588808,0.1026188190025027,0.19648559475618024,0.36688171295068595,0.112623172078995,0.003726207111228971,0.10889696488355069,0.0,0.0,0.0,1,0,294,294
base,185,185,102.57465410232544,0.0003276078649750761,0.08606952575282154,0.08220946037361765,0.005261628019910019,0.0769478325278331,0.001641929651109072,8.540722923592116e-05,0.0,2.0494817251471207e-07,0.00013909080076179953,0.006428467252084779,0.029790459407700434,3.4521105078025187e-07,1.0132795451627471e-06,0.0034419777158858716,0.001,0.0001,1.0,1.0,0.03312662992085147,0.06760996280827074,0.05408797008741615,0.999693615314288,0.9186490050747863,0.060774483136896394,0.0015567096167156457,8.522003014911758e-05,0.26565536856651306,0.36250242590904236,5.0,0.1,0.0001,0.0,0.0037741214748368496,0.00012036619698800422,0.009893651192004863,0.0001221786762595686,0.009771472368484888,0.07478922191593382,0.005169994013710345,0.06961922850619015,26.370802113133617,31.358974358974358,1.0,0.0021885080794350076,0.00016806455099339294,0.168064543324658,129.17850086831638,155.96581196581195,4.940250063733718,0.0009249111579762946,2.375509089371653e-06,0.002375508984948835,2,1e-06,32,64,32,0,1.0,0.0,9.022042274475098,9.834087371826172,9.40162467956543,0.21563658118247986,0.9946107864379883,0.5289961099624634,0.8730325102806091,0.09272979944944382,256,64,256,0,1.0,0.0,0.0917157232761383,1.3836818933486938,0.5936758518218994,0.20310191810131073,0.9824264049530029,-0.9878830909729004,-0.001198710990138352,0.5016508102416992,288,288,0,1.0,0.0,0.1064999103746427,0.11209910838527883,0.11209910838527883,0.0016615696925115079,0.037581558242910894,0.10629175897307133,0.38370966751088376,186,26880.0,1.0,0.11209910838527883,0.003723422469115479,0.10837568596322486,0.0,0.0,0.0,0.11209910838527883,0.11209910838527883,0.0016615696925115079,0.037581558242910894,0.10629175897307133,0.38370966751088376,0.1064999103746427,0.20201711120304242,0.37021504727102095,0.11209910838527883,0.11209910838527883,0.0016615696925115079,0.037581558242910894,0.10629175897307133,0.38370966751088376,0.1064999103746427,0.20201711120304242,0.37021504727102095,0.11209910838527883,0.003723422469115479,0.10837568596322486,0.0,0.0,0.0,1,0,294,294
base,186,186,101.26848936080933,0.00032277834642108417,0.0860589943253077,0.0820965105906511,0.005221393080746643,0.07687511858649743,0.0017115550183364723,1.7606740833347678e-05,0.0,2.055128442277089e-07,0.00017232519424535935,0.006746812031055108,0.031165395059391983,3.5371097133493174e-07,1.0132795529362063e-06,0.0035269769036975237,0.001,0.0001,1.0,1.0,0.0337842239273919,0.0682721431247699,0.05461771440747966,0.9996967493978322,0.9177413027510684,0.06212695375976399,0.001624159603459267,8.739541413095326e-05,0.26581817865371704,0.3627246022224426,5.0,0.1,0.0001,0.0,0.00376685774530897,0.00012094748460659837,0.009625175569811437,6.866462441145355e-05,0.00955651050958878,0.07487762910433304,0.0051698946119405524,0.06970773570430584,26.30718402373485,31.615384615384617,1.0,0.002281526593157114,0.00017241853748002433,0.1724185291518513,129.54137185903696,157.2136752136752,4.960476060506186,0.0009667926147564227,2.3722914752990355e-06,0.0023722913530137804,2,1e-06,32,64,32,0,1.0,0.0,9.033515930175781,9.831808090209961,9.401206970214844,0.21535415947437286,0.994865357875824,0.5332721471786499,0.8700056076049805,0.09403786808252335,256,64,256,0,1.0,0.0,0.11788954585790634,1.535202980041504,0.6025328636169434,0.21580946445465088,0.9852913618087769,-0.9847663640975952,-0.0016457904130220413,0.5017605423927307,288,288,0,1.0,0.0,0.10797068366520507,0.11124735626768559,0.11124735626768559,0.0017713529374846753,0.037613534591391044,0.10133711003287825,0.3773118177609098,186,26880.0,1.0,0.11124735626768559,0.0038046905983913134,0.10744266560737123,0.0,0.0,0.0,0.11124735626768559,0.11124735626768559,0.0017713529374846753,0.037613534591391044,0.10133711003287825,0.3773118177609098,0.10797068366520507,0.19866447919799435,0.36731182102875043,0.11124735626768559,0.11124735626768559,0.0017713529374846753,0.037613534591391044,0.10133711003287825,0.3773118177609098,0.10797068366520507,0.19866447919799435,0.36731182102875043,0.11124735626768559,0.0038046905983913134,0.10744266560737123,0.0,0.0,0.0,1,0,294,294
base,187,187,105.1266553401947,0.00031796881052485835,0.08524052391194889,0.08138061276613137,0.005460176862672799,0.07592043649946523,0.0017066177301124758,3.938123376833068e-05,0.0,2.0573864474938915e-07,0.00013493180490105518,0.006491643156752818,0.029287385762247264,3.6556147589738657e-07,1.0132795432193825e-06,0.0036454819785590228,0.001,0.0001,1.0,1.0,0.03406927991722129,0.06760996245802978,0.05408797074013796,0.999693617861495,0.9150828826121795,0.062262873619030684,0.0016240946805247893,8.252305863599261e-05,0.2659721076488495,0.3629220128059387,5.0,0.1,0.0001,0.0,0.003921632509694522,0.0001255812213869823,0.008723907745801486,0.00011725219078043588,0.008606654965979421,0.07483768195678027,0.005372237723567483,0.06946544527498066,26.70031703231681,31.58974358974359,1.0,0.002277250920072134,0.00016262363111993307,0.16262362349746573,132.0972625373775,159.9145299145299,5.044549953198451,0.0009709384384899376,2.4224857156453168e-06,0.002422485596094376,2,1e-06,32,64,32,0,1.0,0.0,9.009100914001465,9.818248748779297,9.390621185302734,0.20984657108783722,0.9942769408226013,0.5380487442016602,0.8719980120658875,0.09359339624643326,256,64,256,0,1.0,0.0,0.0901670977473259,1.368874192237854,0.6020792722702026,0.2171764075756073,0.9817692041397095,-0.9850319623947144,0.0033088703639805317,0.5009840726852417,288,288,0,1.0,0.0,0.11381704136929525,0.11171781382662185,0.11171781382662185,0.0017630629875558489,0.04080519341783578,0.10753283279657525,0.3817204210546709,186,26880.0,1.0,0.11171781382662185,0.0038832410491329242,0.10783457296325806,0.0,0.0,0.0,0.11171781382662185,0.11171781382662185,0.0017630629875558489,0.04080519341783578,0.10753283279657525,0.3817204210546709,0.11381704136929525,0.20628090543291902,0.36999999211039597,0.11171781382662185,0.11171781382662185,0.0017630629875558489,0.04080519341783578,0.10753283279657525,0.3817204210546709,0.11381704136929525,0.20628090543291902,0.36999999211039597,0.11171781382662185,0.0038832410491329242,0.10783457296325806,0.0,0.0,0.0,1,0,294,294
base,188,188,101.80725836753845,0.00031317978470620867,0.08414492883488663,0.08038971732314835,0.005253548548819545,0.07513616953650092,0.0016777366439565124,2.0047502480765692e-05,0.0,2.0604758192912104e-07,0.00012555667387342673,0.0061194783337334665,0.028902395620432675,3.4768249933033746e-07,1.0132795403043353e-06,0.003466692224292196,0.001,0.0001,1.0,1.0,0.034053840387899145,0.06772705148427914,0.05418164117468728,0.999695730005574,0.9179958767361112,0.0615749113006979,0.0015944828056435809,8.325383562331474e-05,0.26621633768081665,0.3631925582885742,5.0,0.1,0.0001,0.0,0.003816655916102135,0.00012011447167742906,0.00834998462954138,8.558517751785425e-05,0.008264399237102933,0.0741272289146725,0.0051893596656811545,0.06893787029971424,26.52046250889444,31.504273504273506,1.0,0.0022399323399409526,0.0001638402139248613,0.16384020626035511,129.3618342896812,156.67521367521368,4.947534198333697,0.0009490332678636998,2.667457777487214e-06,0.0026674576294727814,2,1e-06,32,64,32,0,1.0,0.0,9.013100624084473,9.81160831451416,9.387840270996094,0.20935362577438354,0.9940234422683716,0.5250569581985474,0.8703356981277466,0.0951819121837616,256,64,256,0,1.0,0.0,0.08593147993087769,1.4665553569793701,0.5987229943275452,0.20912843942642212,0.9834798574447632,-0.9833128452301025,-0.00034917882294394076,0.4981057941913605,288,288,0,1.0,0.0,0.10545048345961879,0.10976567087655371,0.10976567087655371,0.0017017822767152115,0.038031859561220134,0.10199644747540675,0.38446235568613135,186,26880.0,1.0,0.10976567087655371,0.00374684611612812,0.10601882414614901,0.0,0.0,0.0,0.10976567087655371,0.10976567087655371,0.0017017822767152115,0.038031859561220134,0.10199644747540675,0.38446235568613135,0.10545048345961879,0.1975549721829994,0.3738709592050122,0.10976567087655371,0.10976567087655371,0.0017017822767152115,0.038031859561220134,0.10199644747540675,0.38446235568613135,0.10545048345961879,0.1975549721829994,0.3738709592050122,0.10976567087655371,0.00374684611612812,0.10601882414614901,0.0,0.0,0.0,1,0,294,294
base,189,189,101.43164324760437,0.00030841179413578315,0.08456124390801813,0.08059000236611082,0.0052917224392852085,0.07529828095665345,0.0016980453247092983,3.7833725890287987e-06,0.0,2.0628834198678538e-07,0.00014635497141258523,0.007278834004452627,0.030823258730845574,3.529544249044908e-07,1.0132795568229358e-06,0.003519411460480565,0.001,0.0001,1.0,1.0,0.03370345671239317,0.06805716257574213,0.05444572983771308,0.9996962684851426,0.9167522202190171,0.06221939881260578,0.0016178428135716762,8.020251614372962e-05,0.2665368616580963,0.36354953050613403,5.0,0.1,0.0001,0.0,0.0038531062016104404,0.00012113296603880978,0.008569193701458793,7.590807130576199e-05,0.008493285912733812,0.07416310702633654,0.005234791382820879,0.06892831652210309,26.72809871445354,31.65811965811966,1.0,0.0022664590635233456,0.00015788940877855645,0.1578894007919181,130.8165651305109,157.93162393162393,4.977756881657049,0.000969226569092522,2.515623835631006e-06,0.0025156237121321196,2,1e-06,32,64,32,0,1.0,0.0,8.988492965698242,9.8026762008667,9.378772735595703,0.21114099025726318,0.994257926940918,0.5331323146820068,0.8710631728172302,0.09428402036428452,256,64,256,0,1.0,0.0,0.09450972825288773,1.4344927072525024,0.599920392036438,0.2147732675075531,0.9870413541793823,-0.9916054010391235,-0.002378298668190837,0.49570232629776,288,288,0,1.0,0.0,0.11456790466302184,0.1135439582644625,0.1135439582644625,0.0017043646434916461,0.04019932187617987,0.10754866981177881,0.3753763357157348,186,26880.0,1.0,0.1135439582644625,0.0036732989432726134,0.10987065954411283,0.0,0.0,0.0,0.1135439582644625,0.1135439582644625,0.0017043646434916461,0.04019932187617987,0.10754866981177881,0.3753763357157348,0.11456790466302184,0.20980329282822147,0.36290321795530217,0.1135439582644625,0.1135439582644625,0.0017043646434916461,0.04019932187617987,0.10754866981177881,0.3753763357157348,0.11456790466302184,0.20980329282822147,0.36290321795530217,0.1135439582644625,0.0036732989432726134,0.10987065954411283,0.0,0.0,0.0,1,0,294,294
base,190,190,103.37905883789062,0.0003036653616774785,0.08537002449106966,0.08149965145649055,0.005336119876935696,0.07616353296061866,0.0017516537227182307,1.1813739298755287e-05,0.0,2.066658324511237e-07,0.00013384003140990173,0.006403489201528649,0.029323867959981292,3.50307736535548e-07,1.013279547106112e-06,0.0034929445693985773,0.001,0.0001,1.0,1.0,0.03438244798244574,0.06735369200125718,0.05388295387801451,0.999695971990243,0.9163849659455128,0.06315510267885323,0.0016674615669613464,8.419215162140397e-05,0.2669111490249634,0.3639027178287506,5.0,0.1,0.0001,0.0,0.00383853858225366,0.00012283708198611927,0.009429194988348545,0.00012136195810177387,0.00930783381828895,0.07442775508786878,0.00524509840636936,0.06918265759690195,26.583381180070404,31.632478632478634,1.0,0.0023363293148577213,0.0001657843241158626,0.16578431618519318,131.17037918221237,158.60683760683762,5.000804337949777,0.0009985938210549771,2.5999791947201747e-06,0.0025999790582901393,2,1e-06,32,64,32,0,1.0,0.0,8.976693153381348,9.795896530151367,9.370660781860352,0.21015875041484833,0.9943616390228271,0.5281293392181396,0.8692902326583862,0.0954475998878479,256,64,256,0,1.0,0.0,0.12735025584697723,1.9615929126739502,0.6017240285873413,0.2211659550666809,0.9849358797073364,-0.9809232354164124,-0.0010127141140401363,0.49713417887687683,288,288,0,1.0,0.0,0.11432998290946407,0.11079740904747172,0.11079740904747172,0.0017808965194296646,0.04222146559867167,0.11109464746769718,0.38801074220288184,186,26880.0,1.0,0.11079740904747172,0.0037887137373314892,0.10700869623650895,0.0,0.0,0.0,0.11079740904747172,0.11079740904747172,0.0017808965194296646,0.04222146559867167,0.11109464746769718,0.38801074220288184,0.11432998290946407,0.20872795621874513,0.37467741068973337,0.11079740904747172,0.11079740904747172,0.0017808965194296646,0.04222146559867167,0.11109464746769718,0.38801074220288184,0.11432998290946407,0.20872795621874513,0.37467741068973337,0.11079740904747172,0.0037887137373314892,0.10700869623650895,0.0,0.0,0.0,1,0,294,294
base,191,191,102.49445104598999,0.0002989410078311011,0.08503778176939386,0.08118817000052868,0.005240516886353875,0.07594765337486552,0.0017719827662023087,1.635690991822471e-06,0.0,2.0715259224219224e-07,0.00012670608692431004,0.006144312375302737,0.029223999342857264,3.492124350905642e-07,1.0132795539078886e-06,0.0034819915562342755,0.001,0.0001,1.0,1.0,0.033944215354883775,0.0673536919694171,0.053882953782494254,0.9996959679147117,0.9167772602831197,0.06358096831374699,0.001687451514503003,8.453125522845588e-05,0.2670510709285736,0.3641890287399292,5.0,0.1,0.0001,0.0,0.003786297002608259,0.00012145921564063965,0.009141104343609933,8.674214681626385e-05,0.009054362264453854,0.07433234136074017,0.005175460275246674,0.06915688167652513,26.46079229697203,31.641025641025642,1.0,0.002362789062814962,0.00016623064559689348,0.16623063780303693,130.00878629113873,157.43589743589743,4.9633934824702335,0.001012113959226025,2.8318647030915663e-06,0.0028318645607711924,2,1e-06,32,64,32,0,1.0,0.0,8.961921691894531,9.771501541137695,9.353300094604492,0.20629632472991943,0.9945526123046875,0.5351510047912598,0.8700486421585083,0.0950922891497612,256,64,256,0,1.0,0.0,0.11403253674507141,1.554543137550354,0.6045293807983398,0.21301378309726715,0.97817063331604,-0.9788088798522949,0.0020609796047210693,0.4951467216014862,288,288,0,1.0,0.0,0.11119306991778073,0.11206561992777155,0.11206561992777155,0.0017900030188103939,0.04032976006317924,0.10974044852980203,0.3768817106241821,186,26880.0,1.0,0.11206561992777155,0.0035527986276181456,0.10851282103264585,0.0,0.0,0.0,0.11206561992777155,0.11206561992777155,0.0017900030188103939,0.04032976006317924,0.10974044852980203,0.3768817106241821,0.11119306991778073,0.20955268638108365,0.36456988591660733,0.11206561992777155,0.11206561992777155,0.0017900030188103939,0.04032976006317924,0.10974044852980203,0.3768817106241821,0.11119306991778073,0.20955268638108365,0.36456988591660733,0.11206561992777155,0.0035527986276181456,0.10851282103264585,0.0,0.0,0.0,1,0,294,294
base,192,192,101.63018870353699,0.00029423925067528865,0.08535600988528667,0.08125030440397751,0.005168550247306593,0.07608175459198463,0.0018060921659518,0.00011663173890521383,0.0008367070148133824,2.0748321020634734e-07,0.00011597987627205411,0.006248218331756627,0.030319246757998426,3.499023746604273e-07,1.0132795480777943e-06,0.0034888909648209373,0.001,0.0001,1.0,1.0,0.033069052160359345,0.06760996261723021,0.05408797058093752,0.9996936214275849,0.9178957164797008,0.06421691242955689,0.0017160989063529249,8.99932623351327e-05,0.2655889689922333,0.3643994927406311,5.0,0.1,0.0001,0.0,0.003736030068855462,0.00012057155273341933,0.009301476753675021,7.148437265656952e-05,0.009229992189977923,0.07427419683872125,0.005114936967814166,0.06915926044950119,26.350165497543465,31.47008547008547,1.0,0.0023995793532007015,0.00017665086700143214,0.17665085833296817,130.8560620250865,158.35042735042734,4.996529467010555,0.0010326184540326332,3.335657461864949e-06,0.003335657282772227,2,1e-06,32,64,32,0,1.0,0.0,8.96181869506836,9.778990745544434,9.354325294494629,0.2096380889415741,0.9942837953567505,0.5186362862586975,0.866714596748352,0.09664364159107208,256,64,256,0,1.0,0.0,0.13854579627513885,1.3739744424819946,0.6067293882369995,0.2046491652727127,0.9771013259887695,-0.986362099647522,-0.002515029162168503,0.49680405855178833,288,288,0,1.0,0.0,0.11319239672914308,0.10960512925335701,0.10960512925335701,0.0017485380038975717,0.04182006798744682,0.11264903192478483,0.3902688060076006,186,26880.0,1.0,0.10960512925335701,0.0037467090036482254,0.10585842059647783,0.0,0.0,0.0,0.10960512925335701,0.10960512925335701,0.0017485380038975717,0.04182006798744682,0.11264903192478483,0.3902688060076006,0.11319239672914308,0.2062142345533576,0.37682794819595994,0.10960512925335701,0.10960512925335701,0.0017485380038975717,0.04182006798744682,0.11264903192478483,0.3902688060076006,0.11319239672914308,0.2062142345533576,0.37682794819595994,0.10960512925335701,0.0037467090036482254,0.10585842059647783,0.0,0.0,0.0,1,0,294,294
base,193,193,101.44357824325562,0.0002895606058106975,0.0844789397640106,0.08058238870058304,0.005181581733159275,0.07540080785496622,0.0017637574207435688,2.8911556125196635e-06,0.0,2.0764314147305785e-07,0.00014820431759068387,0.006689714197204727,0.029211300767512403,3.512460655473792e-07,1.0132795403043353e-06,0.003502327853288406,0.001,0.0001,1.0,1.0,0.03468818231843985,0.0675014723251518,0.054001177557640605,0.9996967229068788,0.9169546274038461,0.06367058310116458,0.0016850410079042243,7.871641635294788e-05,0.263894647359848,0.36467671394348145,5.0,0.1,0.0001,0.0,0.003744474832072026,0.00012059804965278262,0.008804036001873832,8.9686992777209e-05,0.00871434884193616,0.07397936176285784,0.005114316486586363,0.0688650462235141,26.821892290033844,31.58974358974359,1.0,0.0023551242481757943,0.00015435302052965277,0.15435301340543306,131.81003107576288,158.52991452991452,5.005884211779652,0.00101495776962266,3.0798118832807763e-06,0.0030798117319742837,2,1e-06,32,64,32,0,1.0,0.0,8.967389106750488,9.773791313171387,9.355072975158691,0.20422399044036865,0.9938815832138062,0.5351853370666504,0.87078857421875,0.09447385370731354,256,64,256,0,1.0,0.0,0.09559189528226852,1.462092638015747,0.5986284017562866,0.2116674780845642,0.9787136912345886,-0.9882540702819824,-0.002337937941774726,0.4936271905899048,288,288,0,1.0,0.0,0.11031809432171685,0.11174723743758302,0.11174723743758302,0.0017392880263480735,0.04052514898070004,0.10788022685715909,0.3778494522776655,186,26880.0,1.0,0.11174723743758302,0.0035191743258149067,0.10822806348826022,0.0,0.0,0.0,0.11174723743758302,0.11174723743758302,0.0017392880263480735,0.04052514898070004,0.10788022685715909,0.3778494522776655,0.11031809432171685,0.2037703374861389,0.36349461660269766,0.11174723743758302,0.11174723743758302,0.0017392880263480735,0.04052514898070004,0.10788022685715909,0.3778494522776655,0.11031809432171685,0.2037703374861389,0.36349461660269766,0.11174723743758302,0.0035191743258149067,0.10822806348826022,0.0,0.0,0.0,1,0,294,294
base,194,194,102.32744121551514,0.0002849055863034606,0.08423858346083225,0.08049738464447168,0.005227348014998894,0.07527003711105412,0.0017629880020315321,1.545450212354334e-06,0.0,2.079529033682044e-07,0.00015508826445337972,0.005902058744910532,0.027721996936533187,3.4309013081638034e-07,1.0132795480777943e-06,0.003420768521574891,0.001,0.0001,1.0,1.0,0.03491588898448863,0.06750147226147163,0.05400117813076219,0.9996967173030233,0.9165393796741453,0.0638175755739212,0.0016811513640464116,8.183663599511496e-05,0.26386120915412903,0.36493995785713196,5.0,0.1,0.0001,0.0,0.0037752122978448994,0.00012194445028002613,0.008879571388929319,9.347421602688284e-05,0.008786097041562073,0.07383770623013504,0.00515724235198373,0.06868046445724292,26.631015467847515,31.623931623931625,1.0,0.002342614894494032,0.00016090763703189616,0.16090762920868704,131.43743433504022,158.75213675213675,5.008697104094769,0.0010196878485238324,2.7656352692721493e-06,0.0027656351399217914,2,1e-06,32,64,32,0,1.0,0.0,8.962662696838379,9.774368286132812,9.347845077514648,0.2046787142753601,0.9940439462661743,0.5424985885620117,0.8718677163124084,0.09328001737594604,256,64,256,0,1.0,0.0,0.12016071379184723,1.3880369663238525,0.596382200717926,0.20458465814590454,0.9748374819755554,-0.9858494997024536,-0.001463809167034924,0.4950806498527527,288,288,0,1.0,0.0,0.11103220348076154,0.1105674202454851,0.1105674202454851,0.0018192511150970103,0.03986697126760758,0.10887827700184237,0.3888709585192383,186,26880.0,1.0,0.1105674202454851,0.0035778697074807073,0.10698955014665076,0.0,0.0,0.0,0.1105674202454851,0.1105674202454851,0.0018192511150970103,0.03986697126760758,0.10887827700184237,0.3888709585192383,0.11103220348076154,0.20806795322606642,0.36908601496809273,0.1105674202454851,0.1105674202454851,0.0018192511150970103,0.03986697126760758,0.10887827700184237,0.3888709585192383,0.11103220348076154,0.20806795322606642,0.36908601496809273,0.1105674202454851,0.0035778697074807073,0.10698955014665076,0.0,0.0,0.0,1,0,294,294
base,195,195,102.38516473770142,0.00028027470262892396,0.08536910131955758,0.08138553906455,0.0051653534014765015,0.07622018634763539,0.0017897493432825191,2.3232677426093664e-06,0.0,2.083203529527342e-07,0.0001608701662395848,0.0069242557162482645,0.029974148027662538,3.40729126842856e-07,1.013279539332653e-06,0.0033971584704505582,0.001,0.0001,1.0,1.0,0.03414518706118449,0.06772705151611923,0.05418164123836745,0.9996957294961326,0.9172697148771367,0.06424618716168608,0.0017071499849438795,8.259935765457539e-05,0.26405832171440125,0.36528724431991577,5.0,0.1,0.0001,0.0,0.003709344772430949,0.00012126545306483212,0.00978509839783367,0.00010477036285476807,0.009680328206119374,0.07404671520249456,0.0050867756303304285,0.06895994019304585,26.569030264503937,31.60683760683761,1.0,0.002380491093071735,0.0001626461835413411,0.16264617544972998,131.58823750161716,158.96581196581195,5.014822364015911,0.0010338088718410104,2.552531844329655e-06,0.002552531723283295,2,1e-06,32,64,32,0,1.0,0.0,8.950286865234375,9.76373291015625,9.338136672973633,0.20452839136123657,0.9940685033798218,0.5278001427650452,0.8685703277587891,0.09604404866695404,256,64,256,0,1.0,0.0,0.14436112344264984,1.4458178281784058,0.6071723699569702,0.20624200999736786,0.9814525842666626,-0.9816310405731201,-0.0009311445173807442,0.4925999641418457,288,288,0,1.0,0.0,0.11823325566146323,0.11072187458581113,0.11072187458581113,0.0017882301075819959,0.04261309860627197,0.11123094948819809,0.38715052783929854,186,26880.0,1.0,0.11072187458581113,0.0037557767243421776,0.10696609777973053,0.0,0.0,0.0,0.11072187458581113,0.11072187458581113,0.0017882301075819959,0.04261309860627197,0.11123094948819809,0.38715052783929854,0.11823325566146323,0.21117334055804438,0.373655905486435,0.11072187458581113,0.11072187458581113,0.0017882301075819959,0.04261309860627197,0.11123094948819809,0.38715052783929854,0.11823325566146323,0.21117334055804438,0.373655905486435,0.11072187458581113,0.0037557767243421776,0.10696609777973053,0.0,0.0,0.0,1,0,294,294
base,196,196,100.3736743927002,0.0002756684626156682,0.08401645223299663,0.08005534691943063,0.005033098252263302,0.07502224952237219,0.0017946153097093487,2.954662061081483e-05,0.0,2.08670367276052e-07,0.000133867186048523,0.006184433254564547,0.030362969535028834,3.375770391579733e-07,1.0132795461344297e-06,0.003365637620977667,0.001,0.0001,1.0,1.0,0.03391534172030341,0.0675058599211212,0.054004687863664746,0.9996884857487475,0.9190016526442307,0.06421232354055104,0.0017086138588607183,8.60014532273088e-05,0.2643943727016449,0.3654916286468506,5.0,0.1,0.0001,0.0,0.0036236659007278294,0.00011756243852259936,0.008636766519301977,0.00010465709174163321,0.008532109933021741,0.07357777177523343,0.00495460543445208,0.06862316719996624,26.49011790446746,31.435897435897434,1.0,0.002384527273969645,0.00016917241945575215,0.16917241129100832,130.12086910671658,157.07692307692307,4.963246608820393,0.0010327004328067612,2.830487186886e-06,0.0028304870312030497,2,1e-06,32,64,32,0,1.0,0.0,8.9476318359375,9.752033233642578,9.335790634155273,0.20093049108982086,0.9941200613975525,0.5299674272537231,0.8696496486663818,0.09519584476947784,256,64,256,0,1.0,0.0,0.11068090051412582,1.4486318826675415,0.602307915687561,0.20995967090129852,0.9811654090881348,-0.9812396764755249,-0.0019461160991340876,0.4903527498245239,288,288,0,1.0,0.0,0.1153458496054975,0.11095895348711217,0.11095895348711217,0.0018156665411995763,0.040223642317478055,0.1050534884205028,0.3838709580802148,186,26880.0,1.0,0.11095895348711217,0.003651024922332231,0.1073079285152415,0.0,0.0,0.0,0.11095895348711217,0.11095895348711217,0.0018156665411995763,0.040223642317478055,0.1050534884205028,0.3838709580802148,0.1153458496054975,0.20777561543609507,0.3710752610237368,0.11095895348711217,0.11095895348711217,0.0018156665411995763,0.040223642317478055,0.1050534884205028,0.3838709580802148,0.1153458496054975,0.20777561543609507,0.3710752610237368,0.11095895348711217,0.003651024922332231,0.1073079285152415,0.0,0.0,0.0,1,0,294,294
base,197,197,101.74254560470581,0.000271087371389818,0.0849772217309373,0.08113108664496332,0.005164581518142651,0.07596650649594446,0.001819816648832753,1.4317034879046628e-06,0.0,2.0886540251187677e-07,0.00014837253418691697,0.005980541683339442,0.02852946739548292,3.450519756264427e-07,1.0132795490494766e-06,0.00344038696692954,0.001,0.0001,1.0,1.0,0.035613787639090136,0.06750147165650995,0.05400117789196153,0.9996967218879961,0.9162514189369658,0.06497196436055705,0.0017392713741725709,8.054527951082072e-05,0.2646524906158447,0.3657296597957611,5.0,0.1,0.0001,0.0,0.003724358511221014,0.00012166622691127595,0.009978331052339993,8.73509631293197e-05,0.009890980190700956,0.07364733829202814,0.005099068294303157,0.06854827135291874,26.769277377006336,31.666666666666668,1.0,0.0024216372647091872,0.00015859737947884685,0.15859737151708359,132.8965700915736,160.4017094017094,5.0535536477694425,0.001056905481645949,2.4931798746241156e-06,0.002493179761446439,2,1e-06,32,64,32,0,1.0,0.0,8.949234962463379,9.749459266662598,9.334909439086914,0.20104864239692688,0.9945955276489258,0.5315268635749817,0.8700416088104248,0.09467887878417969,256,64,256,0,1.0,0.0,0.11601538956165314,1.4185683727264404,0.6024655103683472,0.20584796369075775,0.9887502789497375,-0.9879631400108337,-0.00080927211092785,0.4862081706523895,288,288,0,1.0,0.0,0.11622548866416177,0.11090094041317067,0.11090094041317067,0.0018655233719247453,0.041117510190033305,0.10661308885982601,0.38349461379230665,186,26880.0,1.0,0.11090094041317067,0.003601112346006359,0.10729982846594871,0.0,0.0,0.0,0.11090094041317067,0.11090094041317067,0.0018655233719247453,0.041117510190033305,0.10661308885982601,0.38349461379230665,0.11622548866416177,0.2087073995461387,0.3698387014609511,0.11090094041317067,0.11090094041317067,0.0018655233719247453,0.041117510190033305,0.10661308885982601,0.38349461379230665,0.11622548866416177,0.2087073995461387,0.3698387014609511,0.11090094041317067,0.003601112346006359,0.10729982846594871,0.0,0.0,0.0,1,0,294,294
base,198,198,102.98782658576965,0.0002665319313196505,0.08391183589258765,0.07998843408293194,0.0051672740363810435,0.07482116086742817,0.0018527768502553177,3.53568456430211e-06,0.0,2.0923256909391523e-07,0.00015012418685811474,0.006178312056845166,0.028977780260591425,3.5396979320674865e-07,1.0132795451627471e-06,0.0035295651451501455,0.001,0.0001,1.0,1.0,0.03517428306369191,0.06746308145742132,0.05397046537289762,0.9996962812211778,0.9167417868589743,0.06559507481944866,0.001768681095339931,8.409575418468154e-05,0.2652018070220947,0.36604127287864685,5.0,0.1,0.0001,0.0,0.0037114509833085104,0.0001225124888617593,0.00837384992175632,8.646618877338548e-05,0.008287384214564266,0.0737080466416147,0.0051024243957960074,0.0686056226428248,26.50452529059516,31.700854700854702,1.0,0.0024601118499811133,0.00016553366016228404,0.16553365267240083,129.64044567662427,157.31623931623932,4.951294113592501,0.0010772503471662665,2.657847653220096e-06,0.0026578475267459187,2,1e-06,32,64,32,0,1.0,0.0,8.93410873413086,9.749629020690918,9.329950332641602,0.2018125355243683,0.9948264360427856,0.5188367366790771,0.8669353127479553,0.09647125750780106,256,64,256,0,1.0,0.0,0.13036362826824188,1.366395354270935,0.6155998110771179,0.21218085289001465,0.9802973866462708,-0.9809743165969849,-0.0008072126656770706,0.4870964586734772,288,288,0,1.0,0.0,0.11440882075738201,0.1107320915511314,0.1107320915511314,0.0018308275909301765,0.04252458518804101,0.11101325328201456,0.3784946144147906,186,26880.0,1.0,0.1107320915511314,0.0035971530832033206,0.10713493824005127,0.0,0.0,0.0,0.1107320915511314,0.1107320915511314,0.0018308275909301765,0.04252458518804101,0.11101325328201456,0.3784946144147906,0.11440882075738201,0.20841890673643798,0.3657526803273027,0.1107320915511314,0.1107320915511314,0.0018308275909301765,0.04252458518804101,0.11101325328201456,0.3784946144147906,0.11440882075738201,0.20841890673643798,0.3657526803273027,0.1107320915511314,0.0035971530832033206,0.10713493824005127,0.0,0.0,0.0,1,0,294,294
base,199,199,102.98854303359985,0.00026200264196050494,0.08433063481098567,0.08050297716489205,0.0051677430040624915,0.07533523516777234,0.0018452964285308989,5.149509375676131e-06,0.0,2.0959240919085607e-07,0.000123086354075934,0.005790534411342098,0.027956067401374508,3.429771341767948e-07,1.013279547106112e-06,0.0034196385437160986,0.001,0.0001,1.0,1.0,0.03476897711491483,0.06737846222061378,0.053902769922955424,0.9996961390870249,0.9164517394497863,0.06548889073678571,0.0017633074526396445,8.198897657531878e-05,0.26548200845718384,0.36638349294662476,5.0,0.1,0.0001,0.0,0.0037111344590034876,0.0001223303187209675,0.009288113341372237,0.0001015113587053413,0.009186602301067777,0.07353689203150252,0.005091609487023491,0.06844528337829134,26.65042872306628,31.692307692307693,1.0,0.002452779111539961,0.00016124257610157595,0.16124256859477767,131.95338224753354,159.95726495726495,5.040147726660519,0.0010738357912518212,2.735376493259319e-06,0.0027353763580322266,2,1e-06,32,64,32,0,1.0,0.0,8.923059463500977,9.737748146057129,9.323081970214844,0.19961880147457123,0.9947396516799927,0.5294000506401062,0.8693966865539551,0.09508492797613144,256,64,256,0,1.0,0.0,0.10680989176034927,1.3502647876739502,0.61133873462677,0.21298670768737793,0.9792909622192383,-0.9890303611755371,-0.00031364071764983237,0.48306918144226074,288,288,0,1.0,0.0,0.11102089828621316,0.11000675565384804,0.11000675565384804,0.0018661904094265179,0.0397858871347321,0.10724666225473567,0.3860214953461001,186,26880.0,1.0,0.11000675565384804,0.003725352278474639,0.1062814028973275,0.0,0.0,0.0,0.11000675565384804,0.11000675565384804,0.0018661904094265179,0.0397858871347321,0.10724666225473567,0.3860214953461001,0.11102089828621316,0.20652647941343247,0.3703225724479204,0.11000675565384804,0.11000675565384804,0.0018661904094265179,0.0397858871347321,0.10724666225473567,0.3860214953461001,0.11102089828621316,0.20652647941343247,0.3703225724479204,0.11000675565384804,0.003725352278474639,0.1062814028973275,0.0,0.0,0.0,1,0,294,294
base,200,200,100.06444454193115,0.00025749999999999954,0.08500209329729407,0.0808721404745538,0.004971273209597183,0.07590086726296662,0.0018895487599552441,2.3309929439654716e-05,0.0037270603526351797,2.0985823828938072e-07,0.00018768874812142303,0.0059094166295587,0.028789053074060343,3.2833799922031193e-07,1.0132795451627471e-06,0.0032732472073438014,0.001,0.0001,1.0,1.0,0.03638755717179459,0.06739489887005244,0.05391591895594556,0.9996962491263691,0.9185717982104701,0.06613577456555815,0.0018074927487386726,8.205601379736008e-05,0.2658270597457886,0.3666306734085083,5.0,0.1,0.0001,0.0,0.0035669993654960114,0.0001178158201629487,0.009990662591070192,0.00010364974697685649,0.009887012661012828,0.0733791436586115,0.004893535901354547,0.068485607767207,26.650139001699593,31.60683760683761,1.0,0.002519625877865996,0.00016063132747320228,0.16063132041539901,129.02201442229443,156.26495726495727,4.928552917749247,0.0010953596230938586,3.4806994921106325e-06,0.0034806993272569445,2,1e-06,32,64,32,0,1.0,0.0,8.96374225616455,9.713003158569336,9.328750610351562,0.1895167976617813,0.9941200613975525,0.5365637540817261,0.871317446231842,0.09322255849838257,256,64,256,0,1.0,0.0,0.10898926109075546,1.3910167217254639,0.6291667222976685,0.2078840732574463,0.9835999011993408,-0.9745244383811951,0.017042579129338264,0.4785791337490082,288,288,0,1.0,0.0,0.11647542119426753,0.11196131481135145,0.11196131481135145,0.0019518790786412167,0.04382011258689266,0.10994502704750786,0.3832257964438008,186,26880.0,1.0,0.11196131481135145,0.0035996401405080838,0.10836167379896691,0.0,0.0,0.0,0.11196131481135145,0.11196131481135145,0.0019518790786412167,0.04382011258689266,0.10994502704750786,0.3832257964438008,0.11647542119426753,0.20783225146512832,0.37118278764268403,0.11196131481135145,0.11196131481135145,0.0019518790786412167,0.04382011258689266,0.10994502704750786,0.3832257964438008,0.11647542119426753,0.20783225146512832,0.37118278764268403,0.11196131481135145,0.0035996401405080838,0.10836167379896691,0.0,0.0,0.0,1,0,294,294
base,201,201,99.9424078464508,0.0002530244992035658,0.08408197111044174,0.08000284153172094,0.004951605749412034,0.07505123657930611,0.0018834691429033112,2.9192923003027583e-05,0.0,2.1062260287620035e-07,0.00022386417275263226,0.006557875733750944,0.030206423109540574,3.3651585953896205e-07,1.0132795519645238e-06,0.0033550258058234732,0.001,0.0001,1.0,1.0,0.03721184964872833,0.06769460802659011,0.054155687300058514,0.9996961100488646,0.9178748497596154,0.06619064869661616,0.0018008968187894067,8.257232058475402e-05,0.26701828837394714,0.36750438809394836,5.0,0.1,0.0001,0.0,0.003563711745067476,0.0001186836107858381,0.008863147507365951,7.091648279665373e-05,0.00879223097083915,0.07335548090119647,0.004898418386817042,0.06845706341485693,26.655696673270985,31.581196581196583,1.0,0.0025049637959330766,0.00016164921245758588,0.16164920472691202,129.39265034341403,156.54700854700855,4.942596907634449,0.0010968298381632273,3.495428457341389e-06,0.0034954282972547743,2,1e-06,32,64,32,0,1.0,0.0,8.974221229553223,9.76030158996582,9.334989547729492,0.19575610756874084,0.9941705465316772,0.5183860063552856,0.8670206069946289,0.09639739990234375,256,64,256,0,1.0,0.0,0.1010127067565918,1.519381046295166,0.6164478063583374,0.21734128892421722,0.9770264029502869,-0.9768269658088684,-0.0025522387586534023,0.48377639055252075,288,288,0,1.0,0.0,0.120302752701826,0.1114774171976333,0.1114774171976333,0.0019157544060788574,0.0414772002559696,0.1088806366678127,0.37715052899413853,186,26880.0,1.0,0.1114774171976333,0.003423894076865721,0.10805352365082883,0.0,0.0,0.0,0.1114774171976333,0.1114774171976333,0.0019157544060788574,0.0414772002559696,0.1088806366678127,0.37715052899413853,0.120302752701826,0.21574659569449323,0.3673118208685229,0.1114774171976333,0.1114774171976333,0.0019157544060788574,0.0414772002559696,0.1088806366678127,0.37715052899413853,0.120302752701826,0.21574659569449323,0.3673118208685229,0.1114774171976333,0.003423894076865721,0.10805352365082883,0.0,0.0,0.0,1,0,294,294
base,202,202,102.19436597824097,0.0002485766303603003,0.08401858322640769,0.07996813144184585,0.005058584629327186,0.07490954739161026,0.0018830331137929207,2.694698886420482e-05,0.0,2.111631882835976e-07,0.00016086264161849147,0.006171269982090045,0.03045977956145747,3.400355711190829e-07,1.0132795519645238e-06,0.0033902229286499447,0.001,0.0001,1.0,1.0,0.03588200707593535,0.06742373102495813,0.053938984918670774,0.999691267298837,0.9175326355502137,0.06618212364040889,0.0017955360235646367,8.749709094344225e-05,0.2672518789768219,0.36773499846458435,5.0,0.1,0.0001,0.0,0.0036329542342414204,0.00012005816448731626,0.008935398016220484,0.00010312198557787471,0.008832276376903567,0.07326658299336067,0.004981243141138783,0.0682853401089326,26.378758691314957,31.564102564102566,1.0,0.0024936956246025288,0.00017206012119606743,0.17206011266789883,128.79711493467673,157.008547008547,4.950997977221559,0.0010973764170542296,2.934060675270147e-06,0.002934060545049162,2,1e-06,32,64,32,0,1.0,0.0,8.972817420959473,9.738510131835938,9.333858489990234,0.19393226504325867,0.9946286678314209,0.5237352848052979,0.8674762845039368,0.0959540531039238,256,64,256,0,1.0,0.0,0.12120815366506577,1.4039748907089233,0.618417501449585,0.2147952914237976,0.9853984713554382,-0.9781416058540344,-0.0021995564457029104,0.4811656177043915,288,288,0,1.0,0.0,0.11380075905672325,0.10936173717392252,0.10936173717392252,0.0018997086643023377,0.04303985780170087,0.1123010471853758,0.39177418363991606,186,26880.0,1.0,0.10936173717392252,0.0037481244430540408,0.10561361306525291,0.0,0.0,0.0,0.10936173717392252,0.10936173717392252,0.0018997086643023377,0.04303985780170087,0.1123010471853758,0.39177418363991606,0.11380075905672325,0.2085504179760333,0.37876343150292674,0.10936173717392252,0.10936173717392252,0.0018997086643023377,0.04303985780170087,0.1123010471853758,0.39177418363991606,0.11380075905672325,0.2085504179760333,0.37876343150292674,0.10936173717392252,0.0037481244430540408,0.10561361306525291,0.0,0.0,0.0,1,0,294,294
base,203,203,102.75014996528625,0.0002441568812291443,0.08397765145597295,0.07999361325532962,0.0051138780177292275,0.07487973593111731,0.0018802902195602655,0.0,0.0,2.1153123338796217e-07,0.000175490538542521,0.006329904583036008,0.029407857176967155,3.475773497546812e-07,1.0132795412760177e-06,0.0034656407088678107,0.001,0.0001,1.0,1.0,0.037176464851468034,0.06753451934354937,0.054027615258326896,0.9996947875389686,0.9170673076923077,0.0661199688911438,0.001795494205589032,8.479601571248828e-05,0.2675502896308899,0.36802807450294495,5.0,0.1,0.0001,0.0,0.003665093301683983,0.00012209515395632977,0.009009245114448743,0.00010479444988135599,0.008904450469546847,0.07323667941949306,0.005035282181313214,0.06820139795159683,26.53019059010041,31.666666666666668,1.0,0.00249617357348275,0.0001662711483965186,0.16627114043276534,129.55247862726196,156.89743589743588,4.945788734192515,0.00109481483968532,3.32088363430192e-06,0.0033208834819304636,2,1e-06,32,64,32,0,1.0,0.0,8.96204948425293,9.736464500427246,9.32961368560791,0.1944936066865921,0.9939809441566467,0.5381050109863281,0.8687859773635864,0.0947084128856659,256,64,256,0,1.0,0.0,0.07725048810243607,1.5778839588165283,0.614518404006958,0.2228585183620453,0.9716199636459351,-0.9718438386917114,-0.0007447032257914543,0.47965094447135925,288,288,0,1.0,0.0,0.1251102830934268,0.1114668552862837,0.1114668552862837,0.0018773731290105177,0.048628101082799094,0.12190877079402887,0.3734946140358525,186,26880.0,1.0,0.1114668552862837,0.003507722627391365,0.1079591322452464,0.0,0.0,0.0,0.1114668552862837,0.1114668552862837,0.0018773731290105177,0.048628101082799094,0.12190877079402887,0.3734946140358525,0.1251102830934268,0.22412809385086901,0.3650537556217563,0.1114668552862837,0.1114668552862837,0.0018773731290105177,0.048628101082799094,0.12190877079402887,0.3734946140358525,0.1251102830934268,0.22412809385086901,0.3650537556217563,0.1114668552862837,0.003507722627391365,0.1079591322452464,0.0,0.0,0.0,1,0,294,294
base,204,204,101.61018776893616,0.00023976573648539645,0.08420809402934507,0.08024721226503706,0.005054969085842116,0.07519224397519715,0.0018758514356743703,3.8035094546966065e-06,0.0006264721990650536,2.1176445015389928e-07,0.00015644914785982531,0.006207162930240107,0.02857678534829209,3.3268161880777893e-07,1.0132795461344297e-06,0.0033166834081594762,0.001,0.0001,1.0,1.0,0.03614580266687096,0.06750886543438984,0.05400709288879337,0.9996968008514143,0.9171758146367521,0.06627977314667824,0.0017924421938518302,8.340923889971967e-05,0.26794591546058655,0.3682028353214264,5.0,0.1,0.0001,0.0,0.0036320733025861094,0.00012096238915702034,0.009069433324357383,8.600723778462817e-05,0.008983426114432832,0.07344513727176903,0.004990463654518637,0.06845467426201217,26.555389925964878,31.675213675213676,1.0,0.0024843864345875308,0.000163900742554066,0.1639007340129624,130.0197750645825,156.97435897435898,4.949911305375712,0.001100497952121127,2.9177361291184416e-06,0.0029177360045604217,2,1e-06,32,64,32,0,1.0,0.0,8.957154273986816,9.744146347045898,9.327619552612305,0.19637620449066162,0.9944196343421936,0.5294764041900635,0.8683719038963318,0.09517485648393631,256,64,256,0,1.0,0.0,0.10625439137220383,1.4141592979431152,0.6170477271080017,0.21799366176128387,0.979918360710144,-0.9625425934791565,-0.0030361295212060213,0.48051485419273376,288,288,0,1.0,0.0,0.1186490724444069,0.10857460663673725,0.10857460663673725,0.0019512024207754021,0.04547201100516544,0.11830083881655047,0.3903225718006011,186,26880.0,1.0,0.10857460663673725,0.0036946106058089656,0.10487999481723663,0.0,0.0,0.0,0.10857460663673725,0.10857460663673725,0.0019512024207754021,0.04547201100516544,0.11830083881655047,0.3903225718006011,0.1186490724444069,0.2166688863628654,0.3786559061657998,0.10857460663673725,0.10857460663673725,0.0019512024207754021,0.04547201100516544,0.11830083881655047,0.3903225718006011,0.1186490724444069,0.2166688863628654,0.3786559061657998,0.10857460663673725,0.0036946106058089656,0.10487999481723663,0.0,0.0,0.0,1,0,294,294
base,205,205,103.25223326683044,0.00023540367766756144,0.08410145781743221,0.0800853582401561,0.005088361724415141,0.07499699695752217,0.0019167493033803937,5.469747030964265e-06,0.0,2.1201830484615206e-07,0.00017860130198183222,0.006381847898169365,0.02910661057401926,3.4724254238197193e-07,1.0132795432193825e-06,0.0034622926270971312,0.001,0.0001,1.0,1.0,0.03658458924828432,0.06755720827187228,0.05404576703778699,0.9996961482569703,0.9167188334668803,0.06695853453925532,0.0018327788650814411,8.397043954270582e-05,0.26822394132614136,0.3684728145599365,5.0,0.1,0.0001,0.0,0.0036441639461753587,0.00012272446769917518,0.009531220819196131,9.658541450770492e-05,0.009434634803706763,0.07293694249839865,0.00501592266253936,0.0679210208547421,26.523184865967842,31.675213675213676,1.0,0.002542046989258538,0.00016508002357649952,0.16508001547593337,130.3244143102923,158.06837606837607,4.980788632580747,0.0011235107314518183,2.8608559760484172e-06,0.0028608558524368154,2,1e-06,32,64,32,0,1.0,0.0,8.955151557922363,9.733102798461914,9.325305938720703,0.19326621294021606,0.9944181442260742,0.5309445261955261,0.8686813712120056,0.0944499596953392,256,64,256,0,1.0,0.0,0.08010118454694748,1.5325340032577515,0.6301251649856567,0.22798079252243042,0.9773991107940674,-0.9784685373306274,-0.0022741886787116528,0.4745067358016968,288,288,0,1.0,0.0,0.12450797607501347,0.11102832489191218,0.11102832489191218,0.001940327644486852,0.04467988626340464,0.11204429176105286,0.38263439867765675,186,26880.0,1.0,0.11102832489191218,0.0035608142782795303,0.10746751107434009,0.0,0.0,0.0,0.11102832489191218,0.11102832489191218,0.001940327644486852,0.04467988626340464,0.11204429176105286,0.38263439867765675,0.12450797607501347,0.2164823903592043,0.3691397775565424,0.11102832489191218,0.11102832489191218,0.001940327644486852,0.04467988626340464,0.11204429176105286,0.38263439867765675,0.12450797607501347,0.2164823903592043,0.3691397775565424,0.11102832489191218,0.0035608142782795303,0.10746751107434009,0.0,0.0,0.0,1,0,294,294
base,206,206,101.73608160018921,0.0002310711831245444,0.08453446085381712,0.08050679549192771,0.0050128894762542005,0.07549390699873623,0.0019407665096302954,4.9581404966421615e-06,0.0,2.1229468374312845e-07,0.0001681921979252171,0.006251357301261722,0.029129139346699428,3.3152507793141547e-07,1.0132795441910648e-06,0.003305117981498424,0.001,0.0001,1.0,1.0,0.03597274151208819,0.06739699595376976,0.0539175975176259,0.9996964146948268,0.917724609375,0.06763893782965139,0.001858990766808518,8.177574453193846e-05,0.26849520206451416,0.36875060200691223,5.0,0.1,0.0001,0.0,0.003577746210110366,0.00012019727594626104,0.00950202676984999,0.000110556606330678,0.009391470342619807,0.07338027579662128,0.0049299720244912,0.06845030436913173,26.717316277006752,31.743589743589745,1.0,0.0025717515148158767,0.00016058845156092301,0.16058844378870776,131.59240347707373,158.6153846153846,4.984890083563125,0.0011462300217861675,2.963037710893938e-06,0.002963037572355352,2,1e-06,32,64,32,0,1.0,0.0,8.954354286193848,9.735410690307617,9.324207305908203,0.19405309855937958,0.994701623916626,0.5453932285308838,0.8698755502700806,0.09324133396148682,256,64,256,0,1.0,0.0,0.09250850975513458,1.4545081853866577,0.6198117733001709,0.2103574573993683,0.9793590903282166,-0.9756191372871399,-0.0028669657185673714,0.4784490764141083,288,288,0,1.0,0.0,0.1240067051383116,0.10896350316544796,0.10896350316544796,0.001926497189684751,0.048070710069770296,0.11862528791791328,0.38811826970308055,186,26880.0,1.0,0.10896350316544796,0.0034589312742761475,0.10550457286707898,0.0,0.0,0.0,0.10896350316544796,0.10896350316544796,0.001926497189684751,0.048070710069770296,0.11862528791791328,0.38811826970308055,0.1240067051383116,0.2226522983482448,0.37430106648193895,0.10896350316544796,0.10896350316544796,0.001926497189684751,0.048070710069770296,0.11862528791791328,0.38811826970308055,0.1240067051383116,0.2226522983482448,0.37430106648193895,0.10896350316544796,0.0034589312742761475,0.10550457286707898,0.0,0.0,0.0,1,0,294,294
base,207,207,100.58204746246338,0.00022676872796319514,0.08359742782309525,0.07960283425119188,0.004949122698157707,0.07465371148835899,0.0019642474462126945,4.9147484266859856e-06,0.0,2.12505843805024e-07,0.00014248119912883698,0.006107749391056629,0.028286092301719207,3.3781221339323474e-07,1.0132795432193825e-06,0.0033679893419433097,0.001,0.0001,1.0,1.0,0.03512644439808324,0.06755990130651711,0.05404792160878324,0.9996922831250052,0.9182880108173077,0.06791475080908874,0.0018778044817985124,8.64429617556594e-05,0.26845866441726685,0.36880114674568176,5.0,0.1,0.0001,0.0,0.0035746073336380287,0.00011862233566359317,0.009103880478785588,6.954762567248609e-05,0.009034332556602282,0.07277492376474234,0.004896961979400844,0.06787796194354694,26.483546583061543,31.572649572649574,1.0,0.0026003729928141604,0.0001697510328334378,0.16975102465376896,130.34952682918973,157.81196581196582,4.973418147663035,0.001155235967797856,3.134890656503993e-06,0.0031348904992780113,2,1e-06,32,64,32,0,1.0,0.0,8.953682899475098,9.732114791870117,9.323294639587402,0.19364383816719055,0.9945542812347412,0.5363171100616455,0.8676719665527344,0.09485840797424316,256,64,256,0,1.0,0.0,0.08574414253234863,1.4177100658416748,0.6215987801551819,0.21342433989048004,0.9749869108200073,-0.9725853204727173,-0.0012017041444778442,0.4759368300437927,288,288,0,1.0,0.0,0.11951800155383284,0.11122784826983796,0.11122784826983796,0.0019956364078407593,0.04496932771026848,0.1127159477622118,0.37376343038293625,186,26880.0,1.0,0.11122784826983796,0.003411398890943445,0.10781644855407958,0.0,0.0,0.0,0.11122784826983796,0.11122784826983796,0.0019956364078407593,0.04496932771026848,0.1127159477622118,0.37376343038293625,0.11951800155383284,0.21379439745058296,0.36516128272138615,0.11122784826983796,0.11122784826983796,0.0019956364078407593,0.04496932771026848,0.1127159477622118,0.37376343038293625,0.11951800155383284,0.21379439745058296,0.36516128272138615,0.11122784826983796,0.003411398890943445,0.10781644855407958,0.0,0.0,0.0,1,0,294,294
base,208,208,102.08914613723755,0.00022249678399620604,0.08424539532926348,0.08013754076937325,0.004992352374709952,0.07514518906927517,0.0020079854149450986,4.813435256608531e-06,0.0,2.1269802326635252e-07,0.0001479104678251949,0.006515443820056593,0.028863115061042655,3.4000310869886653e-07,1.0132795490494766e-06,0.0033898982928337483,0.001,0.0001,1.0,1.0,0.035977599839878895,0.06750634433622034,0.05400507597841768,0.9996965817916088,0.9173385750534188,0.06873457996636374,0.0019223887829555788,8.559663139873694e-05,0.26873573660850525,0.3690696954727173,5.0,0.1,0.0001,0.0,0.00356987067975868,0.00012142278190476334,0.009427170468191816,9.210408131918337e-05,0.009335066518212995,0.07306716317295009,0.004923274312725562,0.06814388918061541,26.540841061844784,31.581196581196583,1.0,0.002661155112899649,0.0001681772026862217,0.16817719508440065,130.2484630356487,157.4017094017094,4.968575711922486,0.0011836224535090101,3.016060377736084e-06,0.0030160602341350326,2,1e-06,32,64,32,0,1.0,0.0,8.946939468383789,9.736257553100586,9.322728157043457,0.19437293708324432,0.9944751262664795,0.5312163829803467,0.8668340444564819,0.09553207457065582,256,64,256,0,1.0,0.0,0.10674110800027847,1.502267599105835,0.6317857503890991,0.2194925993680954,0.9801146388053894,-0.9754151105880737,-0.0024070809595286846,0.47361820936203003,288,288,0,1.0,0.0,0.12265673309804932,0.11060805206603193,0.11060805206603193,0.0019820997630186537,0.0459539961465384,0.117440238104312,0.38080644134872704,186,26880.0,1.0,0.11060805206603193,0.0033958212601298346,0.10721223072168674,0.0,0.0,0.0,0.11060805206603193,0.11060805206603193,0.0019820997630186537,0.0459539961465384,0.117440238104312,0.38080644134872704,0.12265673309804932,0.22028953049291847,0.3703225726081479,0.11060805206603193,0.11060805206603193,0.0019820997630186537,0.0459539961465384,0.117440238104312,0.38080644134872704,0.12265673309804932,0.22028953049291847,0.3703225726081479,0.11060805206603193,0.0033958212601298346,0.10721223072168674,0.0,0.0,0.0,1,0,294,294
base,209,209,99.13736414909363,0.0002182558196903736,0.08351428838621856,0.07939734746120934,0.004870023348559745,0.074527325347448,0.0019841268907388686,4.633148718211386e-06,0.0,2.1288655381744724e-07,0.00017320074690383664,0.006203807593904372,0.03014904566300221,3.2974606044348565e-07,1.0132795480777943e-06,0.0032873278345443052,0.001,0.0001,1.0,1.0,0.03753765303100276,0.06813695730689244,0.054509564931703426,0.9996968747204186,0.9183047041933761,0.06855318781275016,0.0018992309854564886,8.489590206416821e-05,0.26886188983917236,0.36912137269973755,5.0,0.1,0.0001,0.0,0.0034983660289460523,0.00011799964584839535,0.009021538190352611,7.781270557107069e-05,0.008943725345481155,0.07263119413684575,0.004811663818386439,0.0678195314656975,26.52265230814616,31.675213675213676,1.0,0.0026207909716340974,0.00016652441229228463,0.16652440413450584,128.82974510518915,155.68376068376068,4.908017990074444,0.0011776710022638878,3.267392290313299e-06,0.003267392134055113,2,1e-06,32,64,32,0,1.0,0.0,8.956727027893066,9.727643013000488,9.322820663452148,0.1911599487066269,0.9943347573280334,0.5418915748596191,0.8693298101425171,0.09340311586856842,256,64,256,0,1.0,0.0,0.11706101149320602,1.637412667274475,0.627887487411499,0.2205198109149933,0.97819983959198,-0.9760695099830627,-0.003017726121470332,0.4748767614364624,288,288,0,1.0,0.0,0.12994909075198954,0.11048463525924276,0.11048463525924276,0.0019980322326870357,0.05067731462599289,0.12566349686433873,0.3806451517808181,186,26880.0,1.0,0.11048463525924276,0.0033379269694473516,0.10714670809659552,0.0,0.0,0.0,0.11048463525924276,0.11048463525924276,0.0019980322326870357,0.05067731462599289,0.12566349686433873,0.3806451517808181,0.12994909075198954,0.22884547914708814,0.3667204229421513,0.11048463525924276,0.11048463525924276,0.0019980322326870357,0.05067731462599289,0.12566349686433873,0.3806451517808181,0.12994909075198954,0.22884547914708814,0.3667204229421513,0.11048463525924276,0.0033379269694473516,0.10714670809659552,0.0,0.0,0.0,1,0,294,294
base,210,210,103.07302355766296,0.00021404630011522552,0.08378881235153247,0.07957770433436093,0.004974716937499774,0.07460298822221594,0.002062120588305287,1.6755121959070875e-05,0.000775566786272913,2.1306486895028706e-07,0.0002361444059474755,0.00658238663051564,0.02869709566808664,3.369932150540022e-07,1.0132795519645238e-06,0.0033597993705736105,0.001,0.0001,1.0,1.0,0.03783352706485834,0.067624799365926,0.05409983994487005,0.9996948282942812,0.9181482037927351,0.06971173335471724,0.001974118798851776,8.800178606428293e-05,0.268706738948822,0.36945870518684387,5.0,0.1,0.0001,0.0,0.0035388961705005067,0.00012204215919256158,0.008920894219325138,0.00010087180675731765,0.008820022782708844,0.0728870336061869,0.004899063081436782,0.06798797126254465,26.361979411198543,31.376068376068375,1.0,0.0027299199181680498,0.00017287464182809967,0.17287463408250076,129.4248024867131,156.32478632478632,4.950824137298959,0.0012183176840130144,3.1289301697749274e-06,0.0031289300348004722,2,1e-06,32,64,32,0,1.0,0.0,8.95384693145752,9.744854927062988,9.331504821777344,0.1963108628988266,0.9943886399269104,0.5310059785842896,0.8653028011322021,0.09575073421001434,256,64,256,0,1.0,0.0,0.1189192682504654,1.652321219444275,0.6350986957550049,0.2168007791042328,0.9766139984130859,-0.9833921790122986,-0.00279252789914608,0.4732108414173126,288,288,0,1.0,0.0,0.1287233660257952,0.10878785620344446,0.10878785620344446,0.002051410956328061,0.05083000114668281,0.12668002994170272,0.3880645055123555,186,26880.0,1.0,0.10878785620344446,0.0034191753799492058,0.10536868014234177,0.0,0.0,0.0,0.10878785620344446,0.10878785620344446,0.002051410956328061,0.05083000114668281,0.12668002994170272,0.3880645055123555,0.1287233660257952,0.22977201536458025,0.3770967653041245,0.10878785620344446,0.10878785620344446,0.002051410956328061,0.05083000114668281,0.12668002994170272,0.3880645055123555,0.1287233660257952,0.22977201536458025,0.3770967653041245,0.10878785620344446,0.0034191753799492058,0.10536868014234177,0.0,0.0,0.0,1,0,294,294
base,211,211,102.14268898963928,0.0002098686868920198,0.08427047678548047,0.0802024487628896,0.004989379167190602,0.07521307086333251,0.0020574804855128513,7.424410034576033e-06,0.0,2.1348207170885715e-07,0.00017841125872436326,0.00581896503487777,0.02841737661829107,3.390072181038051e-07,1.0132795422477002e-06,0.0033799393881613817,0.001,0.0001,1.0,1.0,0.03800892947703345,0.06740883658202286,0.0539270697050115,0.9996961146338373,0.9170756543803419,0.06970512456236741,0.001973695055040348,8.378543013047117e-05,0.2688290476799011,0.36974036693573,5.0,0.1,0.0001,0.0,0.003570146588051421,0.00012122570758667559,0.009775241725465171,9.59064126906232e-05,0.009679335304814527,0.07287101734143037,0.0049174493576726345,0.06795356925736126,26.600508371988933,31.564102564102566,1.0,0.002730605538743429,0.00016444498014140827,0.1644449723072541,130.64534844292535,157.95726495726495,4.985384461414346,0.0012167845603922366,3.125879656041574e-06,0.0031258794996473524,2,1e-06,32,64,32,0,1.0,0.0,8.94762134552002,9.736444473266602,9.32739543914795,0.19320864975452423,0.9944931268692017,0.525551438331604,0.8650944828987122,0.09689562022686005,256,64,256,0,1.0,0.0,0.11816596984863281,1.608069658279419,0.6370282173156738,0.22052006423473358,0.972526490688324,-0.9734177589416504,-0.0020146796014159918,0.472826212644577,288,288,0,1.0,0.0,0.1287089088951708,0.10947622453912775,0.10947622453912775,0.002062371094770571,0.05001150992428584,0.121517268334946,0.38408601147833693,186,26880.0,1.0,0.10947622453912775,0.0033614948401822055,0.1061147299218685,0.0,0.0,0.0,0.10947622453912775,0.10947622453912775,0.002062371094770571,0.05001150992428584,0.121517268334946,0.38408601147833693,0.1287089088951708,0.22584389025966325,0.3722580562355698,0.10947622453912775,0.10947622453912775,0.002062371094770571,0.05001150992428584,0.121517268334946,0.38408601147833693,0.1287089088951708,0.22584389025966325,0.3722580562355698,0.10947622453912775,0.0033614948401822055,0.1061147299218685,0.0,0.0,0.0,1,0,294,294
base,212,212,101.65902543067932,0.00020572343814312415,0.08321293793682359,0.07919141777560242,0.004974337363352952,0.07421708068786523,0.0020364631379309753,7.909855956577847e-06,0.0,2.1374280032514201e-07,0.00019788708767915275,0.005850437843503478,0.02783490080609281,3.3912444162244634e-07,1.0132795451627471e-06,0.003381111627767006,0.001,0.0001,1.0,1.0,0.03763928643276549,0.06827214264716858,0.054617714025398605,0.9996967550016876,0.9169316740117521,0.0694263650693445,0.0019471554103522347,8.930772111122297e-05,0.2690569758415222,0.3699564039707184,5.0,0.1,0.0001,0.0,0.0035817962404515627,0.00012190470424218055,0.008613200778635139,5.3277239203453064e-05,0.00855992339615129,0.07273151706426571,0.004934379433950362,0.06779713826811212,26.288025505522377,31.555555555555557,1.0,0.0026867032472967594,0.0001754663765799099,0.17546636834103838,128.26303397284613,155.46153846153845,4.912340155807136,0.001207607569427699,3.149065344229564e-06,0.003149065197023571,2,1e-06,32,64,32,0,1.0,0.0,8.951031684875488,9.732281684875488,9.328414916992188,0.19162797927856445,0.9943642616271973,0.5354902744293213,0.8661806583404541,0.09591804444789886,256,64,256,0,1.0,0.0,0.10348967462778091,1.4092669486999512,0.6307215690612793,0.22462840378284454,0.975219190120697,-0.9734378457069397,-0.0022597701754420996,0.4675970673561096,288,288,0,1.0,0.0,0.1273136209816702,0.10949292366809034,0.10949292366809034,0.002049337497892532,0.05133627384139966,0.1257974375890548,0.38731181797801806,186,26880.0,1.0,0.10949292366809034,0.0034642473353627833,0.106028676191543,0.0,0.0,0.0,0.10949292366809034,0.10949292366809034,0.002049337497892532,0.05133627384139966,0.1257974375890548,0.38731181797801806,0.1273136209816702,0.225665227780419,0.3693010674048496,0.10949292366809034,0.10949292366809034,0.002049337497892532,0.05133627384139966,0.1257974375890548,0.38731181797801806,0.1273136209816702,0.225665227780419,0.3693010674048496,0.10949292366809034,0.0034642473353627833,0.106028676191543,0.0,0.0,0.0,1,0,294,294
base,213,213,101.41885685920715,0.00020161100844177644,0.08325237169479713,0.07911056821417604,0.004912313577344912,0.0741982549811021,0.0020500036935584666,1.0256548053943193e-06,0.0,2.139081281942957e-07,0.00017877261435624573,0.006486439673950434,0.028835609205003478,3.316357987086914e-07,1.0132795490494766e-06,0.0033062251979230433,0.001,0.0001,1.0,1.0,0.03729267851409749,0.06737846148829175,0.0539027703846367,0.9996961375587007,0.9172258947649573,0.06978728647670175,0.0019646632369671366,8.534046054024719e-05,0.26919063925743103,0.3700724244117737,5.0,0.1,0.0001,0.0,0.003515747740952314,0.00012017077852550965,0.008596663546358418,8.838541773904083e-05,0.008508278263939751,0.07266307061808741,0.004846024512050626,0.06781704615578692,26.479895192333775,31.5982905982906,1.0,0.002708814160611767,0.0001678320823441773,0.1678320750212058,128.88421898214227,156.17094017094018,4.927786829462302,0.0012205123093424954,2.8488372469709225e-06,0.0028488371107313368,2,1e-06,32,64,32,0,1.0,0.0,8.952672958374023,9.736345291137695,9.332147598266602,0.19275107979774475,0.9941895604133606,0.5286027789115906,0.8661494851112366,0.09582135081291199,256,64,256,0,1.0,0.0,0.10151677578687668,1.617984652519226,0.6303398609161377,0.22130024433135986,0.9825447797775269,-0.9785115718841553,-0.0020984248258173466,0.46538764238357544,288,288,0,1.0,0.0,0.12727516176559592,0.1099926417178296,0.1099926417178296,0.00207001778812326,0.04723173976620479,0.11726630184428907,0.3781720327153321,186,26880.0,1.0,0.1099926417178296,0.003488763260278613,0.10650387786804362,0.0,0.0,0.0,0.1099926417178296,0.1099926417178296,0.00207001778812326,0.04723173976620479,0.11726630184428907,0.3781720327153321,0.12727516176559592,0.22321045931468728,0.37048386197577243,0.1099926417178296,0.1099926417178296,0.00207001778812326,0.04723173976620479,0.11726630184428907,0.3781720327153321,0.12727516176559592,0.22321045931468728,0.37048386197577243,0.1099926417178296,0.003488763260278613,0.10650387786804362,0.0,0.0,0.0,1,0,294,294
base,214,214,103.28132128715515,0.0001975318487622361,0.08335955682982746,0.07926049974993762,0.004994496703147888,0.07426600361991133,0.0020605845846490473,1.2643708903183286e-05,0.0,2.140132734581114e-07,0.00021399581349304,0.006213399045304674,0.028082589499461345,3.3771455709802854e-07,1.0132795539078886e-06,0.0033670127969911783,0.001,0.0001,1.0,1.0,0.0375399389423621,0.06739489855165155,0.0539159189718656,0.999696238937541,0.9171173878205128,0.06984110373971808,0.0019763400529423714,8.424452645181774e-05,0.26931166648864746,0.37021613121032715,5.0,0.1,0.0001,0.0,0.0035659065868100547,0.00012153539533662693,0.009021471198807415,0.00011393659883457371,0.008907534373112215,0.07249439641451225,0.00490904425501696,0.06758535277639699,26.600007717426006,31.58974358974359,1.0,0.002731123885426384,0.00016591839818681916,0.16591839097503924,131.25009403065738,158.42735042735043,4.994887350729256,0.0012215562075233231,2.5706537038374345e-06,0.002570653573060647,2,1e-06,32,64,32,0,1.0,0.0,8.953720092773438,9.731139183044434,9.329376220703125,0.19068902730941772,0.9939141869544983,0.547967791557312,0.8687909841537476,0.09367389976978302,256,64,256,0,1.0,0.0,0.10327355563640594,1.3481378555297852,0.6321129202842712,0.22201989591121674,0.9792066812515259,-0.9773089289665222,-0.00310479081235826,0.4640222191810608,288,288,0,1.0,0.0,0.13506887430545464,0.10957247034666386,0.10957247034666386,0.0020648112441314028,0.05356404973414316,0.12802683968617712,0.38301074376670263,186,26880.0,1.0,0.10957247034666386,0.003427125860322663,0.10614534483311024,0.0,0.0,0.0,0.10957247034666386,0.10957247034666386,0.0020648112441314028,0.05356404973414316,0.12802683968617712,0.38301074376670263,0.13506887430545464,0.23563282644396188,0.3738171962961074,0.10957247034666386,0.10957247034666386,0.0020648112441314028,0.05356404973414316,0.12802683968617712,0.38301074376670263,0.13506887430545464,0.23563282644396188,0.3738171962961074,0.10957247034666386,0.003427125860322663,0.10614534483311024,0.0,0.0,0.0,1,0,294,294
base,215,215,102.41814947128296,0.00019348640643033024,0.08296344187269863,0.07874999723882757,0.004980637853105481,0.07376936017575426,0.0021054907741709654,1.2860066281297268e-05,0.0,2.142900579110185e-07,0.00020284441124938615,0.006317099296631148,0.029260427205481082,3.4160810063689047e-07,1.0132795441910648e-06,0.0034059482202745783,0.001,0.0001,1.0,1.0,0.03858785291449127,0.06768348612464391,0.05414678885513901,0.9996966454717848,0.9164058326655983,0.07075524088154492,0.0020214792900185427,8.401147648779194e-05,0.2695956230163574,0.37039515376091003,5.0,0.1,0.0001,0.0,0.003561076863358418,0.00012210343415156388,0.008299836490908239,9.37366937724953e-05,0.008206099781215701,0.07252511993432656,0.00491033533277611,0.06761478527616231,26.63621953002408,31.692307692307693,1.0,0.0027890741928584045,0.00016521491127986158,0.1652149033342671,130.9490966796875,158.32478632478632,4.987649406713029,0.0012538843891686862,2.8080411734430154e-06,0.002808041042751736,2,1e-06,32,64,32,0,1.0,0.0,8.944762229919434,9.7431640625,9.33338737487793,0.1947062760591507,0.9939678907394409,0.5278953313827515,0.865071177482605,0.09667626768350601,256,64,256,0,1.0,0.0,0.12393568456172943,1.3681389093399048,0.6324242353439331,0.2119075059890747,0.9784880876541138,-0.9777007102966309,-0.0032202922739088535,0.46333181858062744,288,288,0,1.0,0.0,0.1264783660330439,0.1092068946107905,0.1092068946107905,0.0021405156498695626,0.047776083940119354,0.12138265466958445,0.3832795598333882,186,26880.0,1.0,0.1092068946107905,0.003442196138302221,0.10576469910905716,0.0,0.0,0.0,0.1092068946107905,0.1092068946107905,0.0021405156498695626,0.047776083940119354,0.12138265466958445,0.3832795598333882,0.1264783660330439,0.22522677429100518,0.3720967657463525,0.1092068946107905,0.1092068946107905,0.0021405156498695626,0.047776083940119354,0.12138265466958445,0.3832795598333882,0.1264783660330439,0.22522677429100518,0.3720967657463525,0.1092068946107905,0.003442196138302221,0.10576469910905716,0.0,0.0,0.0,1,0,294,294
base,216,216,101.17619919776917,0.00018947512507439828,0.0833107406894366,0.07920207739131063,0.004897290848704995,0.07430478752168834,0.0021141413459952315,8.363772231416824e-06,0.0,2.143602046332575e-07,0.00020214349773230202,0.005968618537518236,0.027778841889439486,3.3410195857380745e-07,1.0132795480777943e-06,0.003330886815714403,0.001,0.0001,1.0,1.0,0.03695518147741628,0.06752485352066848,0.05401988281335077,0.9996958553281605,0.9182212373130342,0.07079477092394462,0.0020265518369264584,8.758950665900105e-05,0.2696663439273834,0.3704679012298584,5.0,0.1,0.0001,0.0,0.003524540034003365,0.00011989586744318184,0.00915197786102947,7.325756108849986e-05,0.00907872044123136,0.0723380940592187,0.004842347678386121,0.0674957469997243,26.47509977552626,31.53846153846154,1.0,0.002797551779474458,0.0001721380087365416,0.17213800014593664,129.03897939176642,156.2051282051282,4.940138102587534,0.0012555518764684089,3.041004677899966e-06,0.0030410045232528294,2,1e-06,32,64,32,0,1.0,0.0,8.94503402709961,9.73487663269043,9.329463958740234,0.1912984848022461,0.9943784475326538,0.5382978916168213,0.866912305355072,0.09496917575597763,256,64,256,0,1.0,0.0,0.0991704910993576,1.3558074235916138,0.6353123188018799,0.217693492770195,0.9666919708251953,-0.9729368686676025,-0.002692493377253413,0.4639299809932709,288,288,0,1.0,0.0,0.13161025557827244,0.1090210143555986,0.1090210143555986,0.0020497814241915626,0.05145911609513625,0.12800597561703575,0.38903224924879687,186,26880.0,1.0,0.1090210143555986,0.003274742798741035,0.10574627081130414,0.0,0.0,0.0,0.1090210143555986,0.1090210143555986,0.0020497814241915626,0.05145911609513625,0.12800597561703575,0.38903224924879687,0.13161025557827244,0.23121279261765942,0.37693547625695506,0.1090210143555986,0.1090210143555986,0.0020497814241915626,0.05145911609513625,0.12800597561703575,0.38903224924879687,0.13161025557827244,0.23121279261765942,0.37693547625695506,0.1090210143555986,0.003274742798741035,0.10574627081130414,0.0,0.0,0.0,1,0,294,294
base,217,217,101.19610810279846,0.00018549844457664425,0.08367033621184847,0.07948580174109875,0.004893334356582381,0.07459246816161351,0.002096613022323666,6.91566313815932e-06,0.0,2.1461812047199112e-07,0.00017727852225348176,0.00615608189195299,0.029300942730445128,3.3399819959708827e-07,1.0132795461344297e-06,0.003329849210428472,0.001,0.0001,1.0,1.0,0.0367520571901248,0.06756272058711092,0.05405017641237658,0.9996961197282515,0.9172759748931624,0.07064622978114674,0.0020129709438874554,8.364208703365627e-05,0.2699417769908905,0.37074029445648193,5.0,0.1,0.0001,0.0,0.003491386773192093,0.00011932286104591838,0.00944625618111374,0.00010463673000534375,0.009341619972489838,0.07240110966894361,0.004814856810073377,0.06758625318224613,26.59599884554871,31.623931623931625,1.0,0.0027751649021465555,0.00016441486566800138,0.1644148582067245,130.0170372856988,157.33333333333334,4.964083272328546,0.0012507769896083663,2.8693086388308525e-06,0.0028693085042839376,2,1e-06,32,64,32,0,1.0,0.0,8.948150634765625,9.745615005493164,9.335794448852539,0.19269444048404694,0.9940741658210754,0.5408512949943542,0.8662020564079285,0.09508629143238068,256,64,256,0,1.0,0.0,0.09990616142749786,1.387245774269104,0.6381664872169495,0.21984505653381348,0.976819634437561,-0.971186637878418,-0.002552142832428217,0.4624345600605011,288,288,0,1.0,0.0,0.13154720881533238,0.11096533261081006,0.11096533261081006,0.0021588992168928714,0.05217479529379997,0.12610542950450734,0.38032257044187157,186,26880.0,1.0,0.11096533261081006,0.003282514735164636,0.10768281826947598,0.0,0.0,0.0,0.11096533261081006,0.11096533261081006,0.0021588992168928714,0.05217479529379997,0.12610542950450734,0.38032257044187157,0.13154720881533238,0.22944978764781387,0.3676344004049096,0.11096533261081006,0.11096533261081006,0.0021588992168928714,0.05217479529379997,0.12610542950450734,0.38032257044187157,0.13154720881533238,0.22944978764781387,0.3676344004049096,0.11096533261081006,0.003282514735164636,0.10768281826947598,0.0,0.0,0.0,1,0,294,294
base,218,218,100.79781579971313,0.00018155680102489765,0.08281318919780926,0.07826098882489735,0.004875740375664308,0.07338524905916972,0.002177369937053921,4.7094335890987996e-06,0.0006618127226829529,2.1478851274967647e-07,0.0002519869867877492,0.007644990365056751,0.03144336159094276,3.376023545658629e-07,1.0132795441910648e-06,0.0033658907532843198,0.001,0.0001,1.0,1.0,0.038365178701714575,0.06827214261532849,0.0546177147099605,0.9996967453223008,0.9171841613247863,0.07213420274420682,0.002095947813234714,8.142212714624798e-05,0.2695560157299042,0.3707447052001953,5.0,0.1,0.0001,0.0,0.0034800276078649946,0.00012016084161960185,0.008239912681090526,0.00010755785908072423,0.008132354825989813,0.07208105437775962,0.004795071984338773,0.06728598293967736,26.816119169577576,31.666666666666668,1.0,0.0028886971258932454,0.00015999882636342046,0.15999881834046453,131.01731735620743,157.81196581196582,4.9745378821250155,0.0013031985035611906,2.8454280597667776e-06,0.002845427928826748,2,1e-06,32,64,32,0,1.0,0.0,8.942901611328125,9.753576278686523,9.335701942443848,0.19697289168834686,0.9938927888870239,0.5241774320602417,0.8623277544975281,0.09771474450826645,256,64,256,0,1.0,0.0,0.13573220372200012,1.4430885314941406,0.6538797616958618,0.22649994492530823,0.9798826575279236,-0.9723771810531616,-0.0024793012998998165,0.46207767724990845,288,288,0,1.0,0.0,0.1348335572508394,0.11197661957208146,0.11197661957208146,0.0022092904756836436,0.05236890662952216,0.12678338285856028,0.37618278688000095,186,26880.0,1.0,0.11197661957208146,0.003231387875201379,0.10874523127332647,0.0,0.0,0.0,0.11197661957208146,0.11197661957208146,0.0022092904756836436,0.05236890662952216,0.12678338285856028,0.37618278688000095,0.1348335572508394,0.23454315623929423,0.3638709604099233,0.11197661957208146,0.11197661957208146,0.0022092904756836436,0.05236890662952216,0.12678338285856028,0.37618278688000095,0.1348335572508394,0.23454315623929423,0.3638709604099233,0.11197661957208146,0.003231387875201379,0.10874523127332647,0.0,0.0,0.0,1,0,294,294
base,219,219,98.7610936164856,0.00017765062666479195,0.08282499938693821,0.07830936117814137,0.004704645015975922,0.07360471718204327,0.0021689456646752535,1.432475411038623e-05,0.0,2.1487964270985467e-07,0.00022975137078062963,0.007777085808368447,0.031086398049806938,3.1759453454212127e-07,1.0132795451627471e-06,0.0031658125524886716,0.001,0.0001,1.0,1.0,0.03839883838708584,0.06748502430880171,0.05398801935470512,0.9996923473146226,0.9195316673344017,0.07200598614847559,0.002086248956262492,8.269670968760864e-05,0.2694767713546753,0.37087732553482056,5.0,0.1,0.0001,0.0,0.0033767776649333853,0.00011589310105412932,0.008376927457304083,7.459214036790734e-05,0.008302335555736836,0.07202666583988401,0.0046487009106999915,0.0673779653878803,26.73696274227566,31.512820512820515,1.0,0.002873987835059818,0.00016237430684427675,0.16237429879669452,131.08676152351575,157.36752136752136,4.967067807177901,0.0012985100724901527,3.0191129516789906e-06,0.0030191128070537862,2,1e-06,32,64,32,0,1.0,0.0,8.944172859191895,9.749571800231934,9.334848403930664,0.1953575313091278,0.993539035320282,0.5295667052268982,0.8627831935882568,0.0972747653722763,256,64,256,0,1.0,0.0,0.1011863574385643,1.446725606918335,0.6493787169456482,0.22350084781646729,0.969245433807373,-0.9842860698699951,-0.0027481834404170513,0.4611932635307312,288,288,0,1.0,0.0,0.1317556197404541,0.11068877213178797,0.11068877213178797,0.002224343942795345,0.05164459885488595,0.12465840045322654,0.3798924647672202,186,26880.0,1.0,0.11068877213178797,0.003310326115287682,0.10737844493160857,0.0,0.0,0.0,0.11068877213178797,0.11068877213178797,0.002224343942795345,0.05164459885488595,0.12465840045322654,0.3798924647672202,0.1317556197404541,0.22981961243735846,0.3675806370153222,0.11068877213178797,0.11068877213178797,0.002224343942795345,0.05164459885488595,0.12465840045322654,0.3798924647672202,0.1317556197404541,0.22981961243735846,0.3675806370153222,0.11068877213178797,0.003310326115287682,0.10737844493160857,0.0,0.0,0.0,1,0,294,294
base,220,220,101.99286413192749,0.00017378034985236489,0.08226014024172074,0.07786435764442143,0.004904503436583994,0.0729598545620584,0.002193731652835432,1.5896760946155612e-07,0.0,2.149881960281358e-07,0.00024743971048443367,0.00685107821208608,0.030328508530162338,3.3452675642692134e-07,1.0132795509928415e-06,0.003335134774987769,0.001,0.0001,1.0,1.0,0.03942830518333831,0.06739489858349164,0.05391591944946693,0.9996962455602793,0.9170923477564102,0.07237833228885618,0.002109338820943784,8.43928368355677e-05,0.2694837152957916,0.3709726631641388,5.0,0.1,0.0001,0.0,0.003511360369853548,0.00012106175404952433,0.007749122432154468,9.193189808318758e-05,0.007657190673371665,0.07205251543822451,0.004835554514016606,0.06721696155702966,26.610416086311016,31.615384615384617,1.0,0.002906394897538245,0.0001660128164542421,0.1660128088078947,130.21844629141,157.7008547008547,4.974277400108772,0.0013122827135042376,2.7728571070931653e-06,0.0027728569813263724,2,1e-06,32,64,32,0,1.0,0.0,8.951685905456543,9.749747276306152,9.337274551391602,0.19402767717838287,0.9934101104736328,0.5392619371414185,0.8646640181541443,0.09592299908399582,256,64,256,0,1.0,0.0,0.11813045293092728,1.6490051746368408,0.6445326209068298,0.22632472217082977,0.9654480218887329,-0.9866336584091187,-0.002198412548750639,0.46166297793388367,288,288,0,1.0,0.0,0.13315482351488322,0.11070735625764157,0.11070735625764157,0.0021534772426325907,0.05277583547066697,0.12511107180347686,0.37870966779288423,186,26880.0,1.0,0.11070735625764157,0.0032828051245157074,0.10742455166071019,0.0,0.0,0.0,0.11070735625764157,0.11070735625764157,0.0021534772426325907,0.05277583547066697,0.12511107180347686,0.37870966779288423,0.13315482351488322,0.23131208185867597,0.36833332607182123,0.11070735625764157,0.11070735625764157,0.0021534772426325907,0.05277583547066697,0.12511107180347686,0.37870966779288423,0.13315482351488322,0.23131208185867597,0.36833332607182123,0.11070735625764157,0.0032828051245157074,0.10742455166071019,0.0,0.0,0.0,1,0,294,294
base,221,221,104.2930736541748,0.0001699463950070827,0.08306561327642864,0.07863480604102469,0.005060387916592324,0.07357441793140183,0.0022130041576237376,1.0748517213978319e-05,0.0,2.150340526343973e-07,0.00024233357136268328,0.006899236569591026,0.030335171355141535,3.485479250177657e-07,1.013279557794618e-06,0.0034753464671791108,0.001,0.0001,1.0,1.0,0.03947660648542592,0.06768600983370064,0.05414880836048187,0.9996965507156829,0.9152268629807693,0.07269621576763625,0.0021227088609598894,9.029529985096643e-05,0.2696182429790497,0.37100544571876526,5.0,0.1,0.0001,0.0,0.0036170098186335247,0.0001248392934349274,0.008376478384702634,9.257637728483249e-05,0.008283901673096877,0.07235244718881753,0.0049909556336287,0.06736149161289899,26.327973031590126,31.54700854700855,1.0,0.00292142204200037,0.00017769960064687725,0.1776995923784044,130.30919282049194,158.5811965811966,5.01258376748374,0.0013239956759393979,2.890998619984832e-06,0.00289099848168528,2,1e-06,32,64,32,0,1.0,0.0,8.952075004577637,9.749186515808105,9.340080261230469,0.192221000790596,0.9936246871948242,0.5415765643119812,0.8658993244171143,0.0952368751168251,256,64,256,0,1.0,0.0,0.14045919477939606,1.426797866821289,0.6524469256401062,0.22522155940532684,0.9719236493110657,-0.9717887043952942,-0.0028972637373954058,0.4597339332103729,288,288,0,1.0,0.0,0.13827268671124213,0.11070119510305688,0.11070119510305688,0.0021814716251646266,0.05484242983643086,0.13202266965151555,0.3802688080136494,186,26880.0,1.0,0.11070119510305688,0.0031711977183263985,0.1075299971915306,0.0,0.0,0.0,0.11070119510305688,0.11070119510305688,0.0021814716251646266,0.05484242983643086,0.13202266965151555,0.3802688080136494,0.13827268671124213,0.23831928701650712,0.3658064446782553,0.11070119510305688,0.11070119510305688,0.0021814716251646266,0.05484242983643086,0.13202266965151555,0.3802688080136494,0.13827268671124213,0.23831928701650712,0.3658064446782553,0.11070119510305688,0.0031711977183263985,0.1075299971915306,0.0,0.0,0.0,1,0,294,294
base,222,222,99.89694261550903,0.0001661491825652988,0.0834731775471288,0.07885212164658767,0.0047387812504520975,0.07411334049115834,0.00222306529012246,5.68184062329113e-05,0.0,2.1513311431633164e-07,0.00024166368797963976,0.007818164072560672,0.031180192238818377,3.226247167464132e-07,1.0132795519645238e-06,0.0032161143695454025,0.001,0.0001,1.0,1.0,0.03832697170253238,0.06755990146571754,0.05404792175206364,0.9996922887288607,0.9191560663728633,0.07294347181788877,0.002134327280223688,8.873799994874459e-05,0.2698063254356384,0.3711516857147217,5.0,0.1,0.0001,0.0,0.0034016486298109796,0.00011752931717420036,0.009118934472401937,6.411925284589967e-05,0.009054815157865867,0.07201292079228622,0.0046906918103201715,0.06732222925011928,26.4555693650857,31.367521367521366,1.0,0.002935871328665023,0.00017398273469467298,0.17398272620307076,128.57145800957312,155.8803418803419,4.931864340347531,0.0013327831929772454,3.4932643759145094e-06,0.00349326419015216,2,1e-06,32,64,32,0,1.0,0.0,8.952377319335938,9.754772186279297,9.341800689697266,0.19421368837356567,0.9939441084861755,0.5379608869552612,0.8645294308662415,0.09623439610004425,256,64,256,0,1.0,0.0,0.0760965645313263,1.5274229049682617,0.6549985408782959,0.22540892660617828,0.9714091420173645,-0.9811491370201111,-0.001924676587805152,0.45659661293029785,288,288,0,1.0,0.0,0.13310360399785862,0.11142038347873282,0.11142038347873282,0.0022869300508396107,0.050835555612099584,0.12291994838104132,0.3768279472746516,186,26880.0,1.0,0.11142038347873282,0.0033307743105205133,0.10808960871493563,0.0,0.0,0.0,0.11142038347873282,0.11142038347873282,0.0022869300508396107,0.050835555612099584,0.12291994838104132,0.3768279472746516,0.13310360399785862,0.22944033037750952,0.3636559058902084,0.11142038347873282,0.11142038347873282,0.0022869300508396107,0.050835555612099584,0.12291994838104132,0.3768279472746516,0.13310360399785862,0.22944033037750952,0.3636559058902084,0.11142038347873282,0.0033307743105205133,0.10808960871493563,0.0,0.0,0.0,1,0,294,294
base,223,223,99.14190340042114,0.0001623891289341484,0.08297412186606318,0.07831641643220542,0.004777902565124389,0.0735385145387079,0.002218146835310528,1.499767646066144e-07,0.0,2.1529223434972042e-07,0.00021023779327061836,0.007939974285620384,0.03290130143873712,3.254058194563621e-07,1.0132795558512532e-06,0.0032439254031269853,0.001,0.0001,1.0,1.0,0.03728699814687427,0.06753451931170928,0.05402761500360619,0.99969478804841,0.9186803051549145,0.0728973649505876,0.002137092901314171,8.10539312600994e-05,0.2698310315608978,0.3712799847126007,5.0,0.1,0.0001,0.0,0.0034255875039718347,0.00011687184914446069,0.008798897775829349,9.687774233583712e-05,0.008702019850413004,0.07171724322769377,0.004705244256382505,0.06701199952353779,26.812485213972565,31.700854700854702,1.0,0.00294296465949434,0.00015900201802480265,0.15900201063889724,130.18450353899573,157.13675213675214,4.950154640096397,0.0013312211441290048,3.105844331424737e-06,0.003105844187940288,2,1e-06,32,64,32,0,1.0,0.0,8.95865249633789,9.753427505493164,9.343477249145508,0.19239741563796997,0.9939672350883484,0.5433520078659058,0.8662874698638916,0.09480815380811691,256,64,256,0,1.0,0.0,0.13929328322410583,1.3700859546661377,0.6495651006698608,0.22226901352405548,0.9793205261230469,-0.9788826704025269,-0.003321380354464054,0.45736193656921387,288,288,0,1.0,0.0,0.1397908737342204,0.11127184474087776,0.11127184474087776,0.0022685012849483718,0.055046177879777,0.12927492432075963,0.3739247219136325,186,26880.0,1.0,0.11127184474087776,0.003205359429170556,0.1080664852832226,0.0,0.0,0.0,0.11127184474087776,0.11127184474087776,0.0022685012849483718,0.055046177879777,0.12927492432075963,0.3739247219136325,0.1397908737342204,0.2384784602189577,0.36768816475586225,0.11127184474087776,0.11127184474087776,0.0022685012849483718,0.055046177879777,0.12927492432075963,0.3739247219136325,0.1397908737342204,0.2384784602189577,0.36768816475586225,0.11127184474087776,0.003205359429170556,0.1080664852832226,0.0,0.0,0.0,1,0,294,294
base,224,224,102.43997049331665,0.0001586666464458838,0.08259891209184614,0.07792951099765606,0.004909955532266161,0.07301955593702121,0.002244836360247981,1.0400911013030598e-05,0.0,2.1536115322981996e-07,0.00024561782304920047,0.008243737690564659,0.03178854691039803,3.384136627071393e-07,1.0132795432193825e-06,0.0033740038509902535,0.001,0.0001,1.0,1.0,0.04090617254822173,0.06740883696410391,0.053927069243330225,0.9996961238037827,0.9171153011485043,0.07345027915942363,0.002156511335195894,8.832502991827225e-05,0.26986968517303467,0.3712994158267975,5.0,0.1,0.0001,0.0,0.003516366903303971,0.00012238165794008085,0.007884813679589165,6.977208834300694e-05,0.007815041603186192,0.07201590092900471,0.004857626467998912,0.06715827486199191,26.463885217650322,31.521367521367523,1.0,0.00296084231370662,0.00017359300558087137,0.17359299741239628,128.99613711365268,156.56410256410257,4.946755870128527,0.0013521803755902199,3.0570541286256503e-06,0.003057053965381068,2,1e-06,32,64,32,0,1.0,0.0,8.954329490661621,9.754491806030273,9.343616485595703,0.19288270175457,0.9941860437393188,0.5449503064155579,0.8652307987213135,0.09560775756835938,256,64,256,0,1.0,0.0,0.11783477663993835,1.4495505094528198,0.6511377096176147,0.2170732021331787,0.9691138863563538,-0.9623515605926514,-0.003091666614636779,0.46101006865501404,288,288,0,1.0,0.0,0.13404478298960834,0.11070320295526627,0.11070320295526627,0.0022428110142813083,0.05088814920795861,0.12415291252796368,0.37763439847897456,186,26880.0,1.0,0.11070320295526627,0.003116493920815435,0.10758670942580446,0.0,0.0,0.0,0.11070320295526627,0.11070320295526627,0.0022428110142813083,0.05088814920795861,0.12415291252796368,0.37763439847897456,0.13404478298960834,0.23333460044476292,0.36435483075598235,0.11070320295526627,0.11070320295526627,0.0022428110142813083,0.05088814920795861,0.12415291252796368,0.37763439847897456,0.13404478298960834,0.23333460044476292,0.36435483075598235,0.11070320295526627,0.003116493920815435,0.10758670942580446,0.0,0.0,0.0,1,0,294,294
base,225,225,102.32389712333679,0.00015498214331265874,0.0839577064427555,0.07913699010625863,0.004876169917356764,0.0742608211043044,0.0022755343204316422,4.5102292624039525e-05,0.0,2.155159793987994e-07,0.00021130516284206623,0.008214381693575818,0.0335655886775408,3.4141789356932025e-07,1.0132795519645238e-06,0.0034040461575938785,0.001,0.0001,1.0,1.0,0.03787576308489865,0.06748502418144137,0.05398801954574565,0.9996923518995954,0.9176536625267094,0.07408706372619694,0.002188813095538216,8.672122277904493e-05,0.27013179659843445,0.37150415778160095,5.0,0.1,0.0001,0.0,0.0034843727202019375,0.00012094417210251917,0.00911244928327381,8.047338272643904e-05,0.009031976390088726,0.07230265301644292,0.004815814881306938,0.06748683881173786,26.55559919634436,31.46153846153846,1.0,0.003002933049415294,0.0001704440874474931,0.1704440789344983,130.0407714191665,157.56410256410257,4.979761348020538,0.0013746931307161083,2.9983583170792567e-06,0.00299835816407815,2,1e-06,32,64,32,0,1.0,0.0,8.957581520080566,9.761521339416504,9.347004890441895,0.1946239322423935,0.9943503141403198,0.5460976362228394,0.8650506138801575,0.09571008384227753,256,64,256,0,1.0,0.0,0.12445787340402603,1.431758165359497,0.6557927131652832,0.22211983799934387,0.9777319431304932,-0.9802794456481934,-0.0026836958713829517,0.4581286311149597,288,288,0,1.0,0.0,0.135620072283732,0.10981585719483963,0.10981585719483963,0.00233580399443336,0.05410726850737207,0.12775287039137334,0.3840322476881807,186,26880.0,1.0,0.10981585719483963,0.0033422910628166606,0.10647356605276148,0.0,0.0,0.0,0.10981585719483963,0.10981585719483963,0.00233580399443336,0.05410726850737207,0.12775287039137334,0.3840322476881807,0.135620072283732,0.23200841961047983,0.37048386293713764,0.10981585719483963,0.10981585719483963,0.00233580399443336,0.05410726850737207,0.12775287039137334,0.3840322476881807,0.135620072283732,0.23200841961047983,0.37048386293713764,0.10981585719483963,0.0033422910628166606,0.10647356605276148,0.0,0.0,0.0,1,0,294,294
base,226,226,101.86824345588684,0.00015133602358176218,0.08326564882046138,0.07879055078085671,0.004854106607958356,0.07393644562261736,0.002329566876173147,2.212508016417169e-06,0.0,2.1561763741603625e-07,0.00019928963726666577,0.006664988262186814,0.029529369221283838,3.321705139703137e-07,1.0132795500211591e-06,0.0033115723392225676,0.001,0.0001,1.0,1.0,0.03801808533314456,0.06791420790374789,0.05433136622747804,0.9996953056408808,0.9183047041933761,0.07483320651400803,0.0022406830018561366,8.888387982061921e-05,0.27017277479171753,0.37155839800834656,5.0,0.1,0.0001,0.0,0.003470940168143019,0.00012101041556111613,0.008666680664078802,7.548498618615489e-05,0.008591195966443445,0.07229054053751831,0.004797492867821239,0.06749304852042443,26.391060494969032,31.555555555555557,1.0,0.0030781187527040895,0.00017468863902300096,0.174688630633884,129.18184903136685,156.35042735042734,4.937578617103235,0.0014032472350881395,3.0791210841591674e-06,0.0030791209294245793,2,1e-06,32,64,32,0,1.0,0.0,8.953476905822754,9.77685832977295,9.349929809570312,0.19618074595928192,0.99339759349823,0.5343668460845947,0.8615013360977173,0.09796112775802612,256,64,256,0,1.0,0.0,0.12706173956394196,1.539268136024475,0.6630760431289673,0.22386634349822998,0.9679343104362488,-0.9664217233657837,-0.0016266786260530353,0.4565705358982086,288,288,0,1.0,0.0,0.13911249746959056,0.10893120775197415,0.10893120775197415,0.0023216438390552363,0.05628443214421471,0.13169177163452392,0.38526880761147825,186,26880.0,1.0,0.10893120775197415,0.0031883794779671315,0.10574282911863733,0.0,0.0,0.0,0.10893120775197415,0.10893120775197415,0.0023216438390552363,0.05628443214421471,0.13169177163452392,0.38526880761147825,0.13911249746959056,0.23886439965296818,0.3740322501749121,0.10893120775197415,0.10893120775197415,0.0023216438390552363,0.05628443214421471,0.13169177163452392,0.38526880761147825,0.13911249746959056,0.23886439965296818,0.3740322501749121,0.10893120775197415,0.0031883794779671315,0.10574282911863733,0.0,0.0,0.0,1,0,294,294
base,227,227,103.0700044631958,0.00014772868709131046,0.08264857893570876,0.07825748654257537,0.004895570094928018,0.07336191712026922,0.0022991345658038673,2.310280966707784e-06,0.0008160172619371333,2.1580087424155909e-07,0.0002731729780757283,0.006175581433483933,0.028618569398282938,3.325311277997097e-07,5.927557830134e-06,0.0032660357040178,0.001,0.0001,1.0,1.0,0.04020641037286856,0.06735369139629552,0.0538829536551339,0.999695969443036,0.9173490084134616,0.07450582379968758,0.002212585908217499,8.654866411607378e-05,0.2698279619216919,0.37181782722473145,5.0,0.1,0.0001,0.0,0.003491045299690599,0.00012195604269949492,0.00842075801303244,9.691290573304535e-05,0.008323845190879626,0.0719419179054407,0.004822885414633231,0.06711903335446985,26.490764357085922,31.65811965811966,1.0,0.003034775750313559,0.0001704008459960783,0.1704008375477587,129.38994696201422,156.84615384615384,4.9400294825667155,0.0013903960591564195,2.6964836950503372e-06,0.0026964835631541717,2,1e-06,32,64,32,0,1.0,0.0,8.962919235229492,9.76082992553711,9.349863052368164,0.19295963644981384,0.9940014481544495,0.5530285835266113,0.8671044111251831,0.09403785318136215,256,64,256,0,1.0,0.0,0.10016492009162903,1.536017656326294,0.6557368040084839,0.21881471574306488,0.9672573804855347,-0.975858747959137,-0.0027108516078442335,0.4553837776184082,288,288,0,1.0,0.0,0.13718973168282098,0.1080557402778179,0.1080557402778179,0.0022366735985145923,0.054409593869481354,0.12771194997013255,0.3922042903560464,186,26880.0,1.0,0.1080557402778179,0.0033668108665919367,0.10468892990908724,0.0,0.0,0.0,0.1080557402778179,0.1080557402778179,0.0022366735985145923,0.054409593869481354,0.12771194997013255,0.3922042903560464,0.13718973168282098,0.23408390405357524,0.38021504414337937,0.1080557402778179,0.1080557402778179,0.0022366735985145923,0.054409593869481354,0.12771194997013255,0.3922042903560464,0.13718973168282098,0.23408390405357524,0.38021504414337937,0.1080557402778179,0.0033668108665919367,0.10468892990908724,0.0,0.0,0.0,1,0,294,294
base,228,228,101.44812321662903,0.00014416052942640113,0.08245542486253966,0.07817998541216566,0.004836891926068844,0.07334309415175365,0.002253326614244053,6.456274348191726e-06,0.0,2.1624984117546478e-07,0.00022721267993848672,0.006137985879412064,0.02803004440716189,3.3272842869517916e-07,1.0132795529362063e-06,0.00331715149526349,0.001,0.0001,1.0,1.0,0.04055310007280264,0.06827214296556945,0.0546177143119594,0.9996967448128594,0.9165936331463675,0.07375784957001352,0.0021685184572592504,8.480815165220962e-05,0.26990994811058044,0.3721744418144226,5.0,0.1,0.0001,0.0,0.003473365910223916,0.00012160660782341375,0.008519761582725069,5.9730325562831684e-05,0.008460031615363227,0.0717901640977615,0.004792094181896721,0.06699807069495194,26.597407300248104,31.52991452991453,1.0,0.0029740704912055507,0.00016664656144183758,0.16664655391986555,130.01060564090045,157.24786324786325,4.9714086882816,0.0013629664392329943,2.9697419684950555e-06,0.0029697418212890625,2,1e-06,32,64,32,0,1.0,0.0,8.96281909942627,9.753093719482422,9.34686279296875,0.1898266226053238,0.9932665824890137,0.5591930150985718,0.8687094449996948,0.09329062700271606,256,64,256,0,1.0,0.0,0.12331508100032806,1.3481007814407349,0.6528799533843994,0.22031599283218384,0.9681988954544067,-0.9747647047042847,-0.0030079372227191925,0.45458850264549255,288,288,0,1.0,0.0,0.1394143759283007,0.10862037222436134,0.10862037222436134,0.002262198757578401,0.05565283575936431,0.1314632724369726,0.3905913865854663,186,26880.0,1.0,0.10862037222436134,0.003256309108729375,0.10536406379430852,0.0,0.0,0.0,0.10862037222436134,0.10862037222436134,0.002262198757578401,0.05565283575936431,0.1314632724369726,0.3905913865854663,0.1394143759283007,0.23813707790067118,0.3784946147152173,0.10862037222436134,0.10862037222436134,0.002262198757578401,0.05565283575936431,0.1314632724369726,0.3905913865854663,0.1394143759283007,0.23813707790067118,0.3784946147152173,0.10862037222436134,0.003256309108729375,0.10536406379430852,0.0,0.0,0.0,1,0,294,294
base,229,229,101.7451765537262,0.0001406319418757314,0.08141413241879553,0.07718934660029207,0.004825392083272847,0.07236395569311248,0.0022625103364021988,2.498949408276468e-06,0.0,2.1652542365727564e-07,0.0002136648626725786,0.005913370967500358,0.02736181757834732,3.2760796884797617e-07,1.0132795558512532e-06,0.0032659468905697777,0.001,0.0001,1.0,1.0,0.039462652710131094,0.06762479898384494,0.05409983933990837,0.9996948303320469,0.9175201155181624,0.07387952633902557,0.0021797740497650243,8.273628865827361e-05,0.27016380429267883,0.3723505735397339,5.0,0.1,0.0001,0.0,0.0034543328419025256,0.00012042084815150771,0.007573173341588077,8.609018917394499e-05,0.007487083092713967,0.07150946627570014,0.004760824442387392,0.066748643373577,26.701806696052227,31.615384615384617,1.0,0.0029923647550595366,0.00016260333505382514,0.16260332735175761,130.56912570529514,158.35897435897436,4.996435042576588,0.001367183356410545,2.8692413838353577e-06,0.0028692412580180373,2,1e-06,32,64,32,0,1.0,0.0,8.96450138092041,9.758840560913086,9.350542068481445,0.190978541970253,0.9941555857658386,0.5590867400169373,0.8687892556190491,0.09296072274446487,256,64,256,0,1.0,0.0,0.15535475313663483,1.5694595575332642,0.6625667810440063,0.22771580517292023,0.9685872793197632,-0.9694505929946899,-0.003486499423161149,0.4544210731983185,288,288,0,1.0,0.0,0.1371476270899337,0.10720754795252009,0.10720754795252009,0.0022712765841130566,0.05522939023031022,0.1304639208240695,0.3913440760425342,186,26880.0,1.0,0.10720754795252009,0.0032473229505914324,0.10396022508119016,0.0,0.0,0.0,0.10720754795252009,0.10720754795252009,0.0022712765841130566,0.05522939023031022,0.1304639208240695,0.3913440760425342,0.1371476270899337,0.23664052295748905,0.3756451525034443,0.10720754795252009,0.10720754795252009,0.0022712765841130566,0.05522939023031022,0.1304639208240695,0.3913440760425342,0.1371476270899337,0.23664052295748905,0.3756451525034443,0.10720754795252009,0.0032473229505914324,0.10396022508119016,0.0,0.0,0.0,1,0,294,294
base,230,230,102.10192680358887,0.00013714331138868954,0.08268956878246406,0.07846441390550035,0.0048448233327899985,0.07361959032395966,0.00226269582978999,1.8580756985988373e-05,0.0,2.1669397775483057e-07,0.0002644218524810387,0.005610260733853007,0.027650037207282506,3.243083514633358e-07,1.0132795490494766e-06,0.0032329507207927797,0.001,0.0001,1.0,1.0,0.04027203078835438,0.06746308126638079,0.05397046545249784,0.999696277655088,0.9174679487179487,0.07395179518777081,0.0021773840322628873,8.531180470977894e-05,0.27033331990242004,0.3724891245365143,5.0,0.1,0.0001,0.0,0.0034669827685778975,0.00012054174263368592,0.00920598985802414,9.398188633032334e-05,0.009112007597572783,0.07155992144830206,0.004774336916052251,0.06678558462578008,26.604292258238182,31.521367521367523,1.0,0.002984733499873143,0.0001676770787634867,0.16767707034053966,130.34125394902676,157.7008547008547,4.983269113249184,0.0013700345696276452,2.9465317980408986e-06,0.0029465316707252436,2,1e-06,32,64,32,0,1.0,0.0,8.964679718017578,9.7597017288208,9.353586196899414,0.18993034958839417,0.9940539598464966,0.5606207847595215,0.8697595596313477,0.09189192950725555,256,64,256,0,1.0,0.0,0.12397032976150513,1.4519222974777222,0.6582223176956177,0.2311399132013321,0.9812453985214233,-0.9694010615348816,-0.003261175472289324,0.44960901141166687,288,288,0,1.0,0.0,0.1383867046685629,0.10787260944538928,0.10787260944538928,0.0022912669055005336,0.052884453794949,0.12727822215166143,0.3860752589760288,186,26880.0,1.0,0.10787260944538928,0.003251065554572864,0.10462154479736978,0.0,0.0,0.0,0.10787260944538928,0.10787260944538928,0.0022912669055005336,0.052884453794949,0.12727822215166143,0.3860752589760288,0.1383867046685629,0.23675713852368374,0.37811827146878807,0.10787260944538928,0.10787260944538928,0.0022912669055005336,0.052884453794949,0.12727822215166143,0.3860752589760288,0.1383867046685629,0.23675713852368374,0.37811827146878807,0.10787260944538928,0.003251065554572864,0.10462154479736978,0.0,0.0,0.0,1,0,294,294
base,231,231,102.17993116378784,0.00013369502053292226,0.08244900424511005,0.07818545286472027,0.004862400181750711,0.07332305339539152,0.0022956621445094547,3.1488692849619774e-06,0.0,2.1686217269428812e-07,0.00025332420445322847,0.0057444414591544075,0.02779879669348399,3.3143243998092345e-07,1.0132795461344297e-06,0.0033041916083162413,0.001,0.0001,1.0,1.0,0.04030885512375424,0.06827214267900866,0.05461771461444023,0.9996967524544805,0.9167772602831197,0.07454020982114677,0.002210353810586927,8.530832361492117e-05,0.27052783966064453,0.37260866165161133,5.0,0.1,0.0001,0.0,0.00346447495270011,0.0001220785930372663,0.008698640216110099,0.00010134997721920666,0.008597290159290673,0.07166147263895752,0.004786387698836306,0.0668750858396037,26.578200364724182,31.623931623931625,1.0,0.0030292210658677877,0.00016763948774612986,0.1676394796779013,129.9110305655716,157.2905982905983,4.9661254472364025,0.0013914865672460988,2.9771594147230362e-06,0.0029771592881944445,2,1e-06,32,64,32,0,1.0,0.0,8.964902877807617,9.748720169067383,9.348881721496582,0.18878129124641418,0.9936976432800293,0.5656103491783142,0.8698897361755371,0.0915587842464447,256,64,256,0,1.0,0.0,0.11191185563802719,1.3617631196975708,0.6597031354904175,0.22111788392066956,0.9806644916534424,-0.9789265990257263,-0.003244023537263274,0.4490698277950287,288,288,0,1.0,0.0,0.14140480167923436,0.10781593921970814,0.10781593921970814,0.0022679816094286582,0.0576230877639866,0.13502091848321499,0.39489246255928473,186,26880.0,1.0,0.10781593921970814,0.0031855013989348043,0.10463043666900472,0.0,0.0,0.0,0.10781593921970814,0.10781593921970814,0.0022679816094286582,0.0576230877639866,0.13502091848321499,0.39489246255928473,0.14140480167923436,0.2425342235433799,0.3774193462825591,0.10781593921970814,0.10781593921970814,0.0022679816094286582,0.0576230877639866,0.13502091848321499,0.39489246255928473,0.14140480167923436,0.2425342235433799,0.3774193462825591,0.10781593921970814,0.0031855013989348043,0.10463043666900472,0.0,0.0,0.0,1,0,294,294
base,232,232,104.35381007194519,0.0001302874474523804,0.0820414920647939,0.07776560277765633,0.004930853627773368,0.07283474947524886,0.002305418638011011,1.6129651289974522e-06,0.0,2.169833837544704e-07,0.00024647812720799165,0.005806321128964042,0.027757318212817877,3.344165932738676e-07,1.013279547106112e-06,0.0033340331238622847,0.001,0.0001,1.0,1.0,0.040523348766195975,0.06746585195900029,0.05397268190470516,0.9996955175685067,0.9164016593215812,0.0748596691295632,0.002217351267926204,8.80673737227857e-05,0.27070629596710205,0.3727359473705292,5.0,0.1,0.0001,0.0,0.003512441235371571,0.0001233736543832088,0.008107086532136314,0.00010706918934981029,0.008000017231346196,0.07168528775119373,0.00485055173576101,0.06683473655173922,26.458751548049797,31.487179487179485,1.0,0.0030305077536748005,0.00017326701189685837,0.173267003817436,129.64293135944595,157.4957264957265,4.9766623018738585,0.0014041947921276346,2.867735492112547e-06,0.002867735349214994,2,1e-06,32,64,32,0,1.0,0.0,8.964256286621094,9.754023551940918,9.351096153259277,0.18934723734855652,0.9940237402915955,0.5505039691925049,0.8683541417121887,0.09302916377782822,256,64,256,0,1.0,0.0,0.15044346451759338,1.7915500402450562,0.6662259101867676,0.23192857205867767,0.9685829877853394,-0.9793502688407898,-0.0032561877742409706,0.44479408860206604,288,288,0,1.0,0.0,0.14125954692241965,0.10814858259672815,0.10814858259672815,0.002289091764473693,0.05651284472375948,0.13207483676172072,0.3931182697415352,186,26880.0,1.0,0.10814858259672815,0.0032710612310651453,0.10487752154152444,0.0,0.0,0.0,0.10814858259672815,0.10814858259672815,0.002289091764473693,0.05651284472375948,0.13207483676172072,0.3931182697415352,0.14125954692241965,0.23852944362067408,0.379462355888018,0.10814858259672815,0.10814858259672815,0.002289091764473693,0.05651284472375948,0.13207483676172072,0.3931182697415352,0.14125954692241965,0.23852944362067408,0.379462355888018,0.10814858259672815,0.0032710612310651453,0.10487752154152444,0.0,0.0,0.0,1,0,294,294
base,233,233,103.21696877479553,0.00012692096582585187,0.08254948309344104,0.07828907611278388,0.00489888606298492,0.07339019054531032,0.0022960306029830477,8.163119976719221e-06,0.0,2.1716281000610454e-07,0.0002590669271110248,0.005864119934292239,0.027388996739163358,3.255736058033815e-07,1.0132795364176059e-06,0.0032456032732804106,0.001,0.0001,1.0,1.0,0.04058916341417875,0.0673969966860918,0.05391759723106511,0.99969640858153,0.9162493322649573,0.07469011741316217,0.002209375728853047,8.665487778352665e-05,0.27090176939964294,0.37289324402809143,5.0,0.1,0.0001,0.0,0.003498104276557445,0.0001223187263792333,0.00888408554924859,0.00010530447436130454,0.008778780698776245,0.07162601220556813,0.004819907707711443,0.06680610508490832,26.540705346653603,31.60683760683761,1.0,0.0030211768805598603,0.00017043428536445802,0.17043427728180194,130.15605492877145,157.4017094017094,4.964785600720454,0.0013975745811262447,2.875470845606093e-06,0.002875470707559178,2,1e-06,32,64,32,0,1.0,0.0,8.965442657470703,9.755086898803711,9.350053787231445,0.18872793018817902,0.9941309690475464,0.5648224353790283,0.8701501488685608,0.0918441042304039,256,64,256,0,1.0,0.0,0.13857294619083405,1.792772650718689,0.6556223630905151,0.22846859693527222,0.9756714105606079,-0.980027437210083,-0.0031553481239825487,0.44328927993774414,288,288,0,1.0,0.0,0.13558779154173148,0.10830568807556275,0.10830568807556275,0.002325836281747894,0.055166911897099304,0.13075342778897575,0.39005375409158327,186,26880.0,1.0,0.10830568807556275,0.0033505038318640376,0.10495518354025293,0.0,0.0,0.0,0.10830568807556275,0.10830568807556275,0.002325836281747894,0.055166911897099304,0.13075342778897575,0.39005375409158327,0.13558779154173148,0.23667935241935073,0.3769354756160449,0.10830568807556275,0.10830568807556275,0.002325836281747894,0.055166911897099304,0.13075342778897575,0.39005375409158327,0.13558779154173148,0.23667935241935073,0.3769354756160449,0.10830568807556275,0.0033505038318640376,0.10495518354025293,0.0,0.0,0.0,1,0,294,294
base,234,234,102.82357692718506,0.00012359594482598416,0.08195197066435447,0.07760767304362395,0.004881927001282063,0.07272574693983437,0.002296316714033994,2.1548915861381425e-05,0.0,2.1734537552056747e-07,0.00023751532179996237,0.006038302941741343,0.028444863537437897,3.343083499222637e-07,1.0132795500211591e-06,0.003332950709124979,0.001,0.0001,1.0,1.0,0.03934002013351673,0.06734867436954609,0.05387893957523709,0.9996959755563328,0.9161345653044872,0.07465941108699538,0.0022128470158443237,8.346970443953123e-05,0.2710263431072235,0.37300100922584534,5.0,0.1,0.0001,0.0,0.0034915162499150275,0.00012211005861558017,0.008415242036183676,9.273288325748892e-05,0.008322508926065559,0.0712962415164862,0.004812377337843944,0.0664838652452852,26.648790180173695,31.641025641025642,1.0,0.003029180101604543,0.00016416994365764002,0.1641699350797213,131.46710459391275,159.03418803418805,5.012232826755908,0.001396513915159063,2.7694662713252505e-06,0.0027694661393124834,2,1e-06,32,64,32,0,1.0,0.0,8.96922492980957,9.757598876953125,9.35087776184082,0.18724554777145386,0.9940242171287537,0.5627140998840332,0.8697351813316345,0.09218639880418777,256,64,256,0,1.0,0.0,0.12763752043247223,1.704236388206482,0.6605449318885803,0.22956490516662598,0.962741494178772,-0.9702285528182983,-0.003027416532859206,0.4427614212036133,288,288,0,1.0,0.0,0.13959418866102413,0.10839363678972772,0.10839363678972772,0.002342193278464231,0.05514066855383096,0.13371408583536262,0.39102149522432716,186,26880.0,1.0,0.10839363678972772,0.003307059989310801,0.10508657643135558,0.0,0.0,0.0,0.10839363678972772,0.10839363678972772,0.002342193278464231,0.05514066855383096,0.13371408583536262,0.39102149522432716,0.13959418866102413,0.24051058112132934,0.3784946148754448,0.10839363678972772,0.10839363678972772,0.002342193278464231,0.05514066855383096,0.13371408583536262,0.39102149522432716,0.13959418866102413,0.24051058112132934,0.3784946148754448,0.10839363678972772,0.003307059989310801,0.10508657643135558,0.0,0.0,0.0,1,0,294,294
base,235,235,102.97027587890625,0.00012031274907879919,0.08300730866244715,0.0785647979658893,0.004853146577564378,0.07371165221318221,0.0023494654347021612,6.96077059285763e-06,0.0,2.175161901157045e-07,0.00025241340952936414,0.006413843256867148,0.028886835942538377,3.331464606631949e-07,1.0132795500211591e-06,0.0033213318127573617,0.001,0.0001,1.0,1.0,0.03854058136861039,0.06813695596960875,0.054509565043143735,0.9996968757393013,0.9170339209401709,0.07553364941452304,0.002264190318946464,8.527511413881762e-05,0.2711734175682068,0.37309956550598145,5.0,0.1,0.0001,0.0,0.003453512036273431,0.0001228172084541482,0.009205748892237997,8.412749450812992e-05,0.009121621266389504,0.07166048623303063,0.004790050957678284,0.06687043613602972,26.625971019777477,31.76923076923077,1.0,0.0030987376753145303,0.0001678754424496701,0.16787543459835216,130.65039942814752,158.05982905982907,4.969885580369451,0.001429642960588392,2.674785554679466e-06,0.002674785434690296,2,1e-06,32,64,32,0,1.0,0.0,8.963261604309082,9.76253604888916,9.352937698364258,0.19114692509174347,0.9934691190719604,0.5626806020736694,0.869392991065979,0.09190680831670761,256,64,256,0,1.0,0.0,0.12642166018486023,1.593374490737915,0.660224199295044,0.22291451692581177,0.9613952040672302,-0.9696133732795715,-0.0015463855816051364,0.44375306367874146,288,288,0,1.0,0.0,0.14012904901818563,0.1079993596736421,0.1079993596736421,0.0023547577810414293,0.05626676890433275,0.13183560307007483,0.39043009721784183,186,26880.0,1.0,0.1079993596736421,0.00314364543660207,0.10485571511882416,0.0,0.0,0.0,0.1079993596736421,0.1079993596736421,0.0023547577810414293,0.05626676890433275,0.13183560307007483,0.39043009721784183,0.14012904901818563,0.2401471811356724,0.3787096684337944,0.1079993596736421,0.1079993596736421,0.0023547577810414293,0.05626676890433275,0.13183560307007483,0.39043009721784183,0.14012904901818563,0.2401471811356724,0.3787096684337944,0.1079993596736421,0.00314364543660207,0.10485571511882416,0.0,0.0,0.0,1,0,294,294
base,236,236,101.98224544525146,0.00011707173862370913,0.08213197267972507,0.0777369875811104,0.004766232442532658,0.07297075520723294,0.002327339309785101,2.9557872101919264e-05,0.0,2.1765346442158713e-07,0.0002597819404757649,0.006205783751952406,0.02834316888330584,3.243922263267057e-07,1.0132795461344297e-06,0.003233789494430296,0.001,0.0001,1.0,1.0,0.0402260051928779,0.06827214325213024,0.054617714264199264,0.9996967499072735,0.9173636151175214,0.07516339274807873,0.002243696119930818,8.364319671047393e-05,0.2713322341442108,0.373252809047699,5.0,0.1,0.0001,0.0,0.003391789459488076,0.00011998364022715538,0.008317673817659035,9.56164967491586e-05,0.008222057523890438,0.07149873215418595,0.004694520070965792,0.06680421200063494,26.67369074699206,31.478632478632477,1.0,0.003072040294830361,0.00016418756269994113,0.16418755563915285,130.34340009118756,157.82905982905982,4.991096635150497,0.0014153519519962943,3.0988303459373565e-06,0.0030988301986303083,2,1e-06,32,64,32,0,1.0,0.0,8.966578483581543,9.770613670349121,9.356781005859375,0.1929844468832016,0.9939559698104858,0.5555707812309265,0.8675928711891174,0.09322655946016312,256,64,256,0,1.0,0.0,0.15403367578983307,1.705488920211792,0.666140079498291,0.22938533127307892,0.9727320075035095,-0.9778419137001038,-0.0028417985886335373,0.4404106140136719,288,288,0,1.0,0.0,0.1334676732739774,0.10807364957129702,0.10807364957129702,0.0024021673412557613,0.051359216169384055,0.12427206054049474,0.38876343101903954,186,26880.0,1.0,0.10807364957129702,0.003293923441657519,0.10477972680583914,0.0,0.0,0.0,0.10807364957129702,0.10807364957129702,0.0024021673412557613,0.051359216169384055,0.12427206054049474,0.38876343101903954,0.1334676732739774,0.23469868734959634,0.37849461503567233,0.10807364957129702,0.10807364957129702,0.0024021673412557613,0.051359216169384055,0.12427206054049474,0.38876343101903954,0.1334676732739774,0.23469868734959634,0.37849461503567233,0.10807364957129702,0.003293923441657519,0.10477972680583914,0.0,0.0,0.0,1,0,294,294
base,237,237,101.14993143081665,0.00011387326887403316,0.08243368769812788,0.0780723689076228,0.0047594523932944,0.07331291777201188,0.0023823329884336037,6.586796819017483e-06,0.0,2.1775505490689898e-07,0.000301087121909241,0.0058115387104579015,0.02781783380251155,3.2327247422559736e-07,1.0132795587663004e-06,0.0032225919456587322,0.001,0.0001,1.0,1.0,0.04049237204604169,0.067348674337706,0.05387893986179788,0.9996959765752157,0.9187199519230769,0.0764297710524665,0.002294557384000375,8.777559068975333e-05,0.2714404761791229,0.3732788860797882,5.0,0.1,0.0001,0.0,0.0033955533359932085,0.00012061957886933078,0.008830623748974923,7.589774317721017e-05,0.008754725894357404,0.07144940128693214,0.004702529085911492,0.0667468731602033,26.504891778668785,31.555555555555557,1.0,0.003125509249173805,0.00017248024680436804,0.17248023880852592,129.54439860938962,156.82051282051282,4.954889212317871,0.0014636055337519855,3.0709353665739227e-06,0.0030709352248754255,2,1e-06,32,64,32,0,1.0,0.0,8.97272777557373,9.767504692077637,9.356512069702148,0.19003064930438995,0.9940274953842163,0.5605023503303528,0.867749810218811,0.09255332499742508,256,64,256,0,1.0,0.0,0.14297446608543396,1.7913373708724976,0.6645568609237671,0.2251586616039276,0.9581600427627563,-0.9716833829879761,-0.0032223768066614866,0.4434399902820587,288,288,0,1.0,0.0,0.14288081136602226,0.10663754635668815,0.10663754635668815,0.0023641331329386918,0.058253486335317614,0.13724792637531796,0.3923655816063445,186,26880.0,1.0,0.10663754635668815,0.003241484680094142,0.10339606030190245,0.0,0.0,0.0,0.10663754635668815,0.10663754635668815,0.0023641331329386918,0.058253486335317614,0.13724792637531796,0.3923655816063445,0.14288081136602226,0.2438947651735557,0.381290314178313,0.10663754635668815,0.10663754635668815,0.0023641331329386918,0.058253486335317614,0.13724792637531796,0.3923655816063445,0.14288081136602226,0.2438947651735557,0.381290314178313,0.10663754635668815,0.003241484680094142,0.10339606030190245,0.0,0.0,0.0,1,0,294,294
base,238,238,103.88866114616394,0.00011071769057802265,0.08226821164035389,0.0778514028678083,0.004870683712980304,0.07298072061350203,0.0024040898121097404,3.3747140143034805e-05,0.0,2.1781539346725793e-07,0.00039694774180155495,0.0059129118692511935,0.027746241826277513,3.294349790795883e-07,1.0132795597379827e-06,0.003284216993269471,0.001,0.0001,1.0,1.0,0.0425520994915412,0.06750585925247934,0.05400468717910286,0.999688488805396,0.9163599258814102,0.07645375816485821,0.002313871659999156,9.021814766416574e-05,0.27161723375320435,0.3734288811683655,5.0,0.1,0.0001,0.0,0.0034629816155080707,0.00012287020376983198,0.008753562584901467,0.00010650788043808733,0.008647054943264041,0.07128623105649255,0.004790802802651739,0.06649542934237382,26.43101908202864,31.39316239316239,1.0,0.0031610358701461656,0.00017675409129194907,0.17675408338889098,129.56418404212366,157.3846153846154,4.971714381826093,0.0014667074418921247,3.6822039707938248e-06,0.0036822037819104316,2,1e-06,32,64,32,0,1.0,0.0,8.970476150512695,9.770519256591797,9.35659122467041,0.19034090638160706,0.9935824871063232,0.5621613264083862,0.8677244782447815,0.09291838854551315,256,64,256,0,1.0,0.0,0.12318252772092819,1.8118834495544434,0.6772080659866333,0.23361283540725708,0.9642086029052734,-0.9667919278144836,-0.003458886407315731,0.4401274025440216,288,288,0,1.0,0.0,0.13798465982319846,0.10899972709569525,0.10899972709569525,0.002440232337710071,0.05443256018653272,0.12719625194546996,0.3882257971231655,186,26880.0,1.0,0.10899972709569525,0.0033436442844252635,0.10565608264283931,0.0,0.0,0.0,0.10899972709569525,0.10899972709569525,0.002440232337710071,0.05443256018653272,0.12719625194546996,0.3882257971231655,0.13798465982319846,0.23677567717048428,0.37564515186253417,0.10899972709569525,0.10899972709569525,0.002440232337710071,0.05443256018653272,0.12719625194546996,0.3882257971231655,0.13798465982319846,0.23677567717048428,0.37564515186253417,0.10899972709569525,0.0033436442844252635,0.10565608264283931,0.0,0.0,0.0,1,0,294,294
base,239,239,99.81637239456177,0.0001076053497803982,0.08260816513982594,0.07810963989577742,0.004678104330514932,0.07343153604584882,0.0024323603625878948,3.2486461707924168e-06,0.0,2.1795530625516602e-07,0.000321270798467711,0.006246039981687139,0.028759179843796626,3.2099628458047295e-07,1.0132795451627471e-06,0.0031998300592566277,0.001,0.0001,1.0,1.0,0.039879947470930904,0.06768600977002046,0.054148807723680116,0.9996965553006555,0.9180292634882479,0.07701427839760087,0.002345873755363063,8.6486607551317e-05,0.27167272567749023,0.3734980523586273,5.0,0.1,0.0001,0.0,0.0033362329038035157,0.00011814869429098252,0.009013249833359677,8.482475263568071e-05,0.008928425036943875,0.07134970258443783,0.004614485767033174,0.06673521733182108,26.59638029897315,31.581196581196583,1.0,0.0032047761015148247,0.0001696654113542396,0.1696654038551526,127.2807342007629,154.18803418803418,4.868616570417181,0.0014869714072212959,3.3078032309735386e-06,0.003307803064330011,2,1e-06,32,64,32,0,1.0,0.0,8.970850944519043,9.77469539642334,9.358451843261719,0.1916361004114151,0.9940932393074036,0.5524489283561707,0.865433931350708,0.09430920332670212,256,64,256,0,1.0,0.0,0.14876192808151245,1.8706679344177246,0.6741772890090942,0.2344815731048584,0.9695439338684082,-0.9566875696182251,-0.0019516089232638478,0.44174230098724365,288,288,0,1.0,0.0,0.1444668932667663,0.10637761272014455,0.10637761272014455,0.0024626779548348266,0.05794917608571229,0.13297395180330002,0.3970967631346436,186,26880.0,1.0,0.10637761272014455,0.0032824910310235746,0.10309512215725919,0.0,0.0,0.0,0.10637761272014455,0.10637761272014455,0.0024626779548348266,0.05794917608571229,0.13297395180330002,0.3970967631346436,0.1444668932667663,0.2415735136757615,0.38086020594002096,0.10637761272014455,0.10637761272014455,0.0024626779548348266,0.05794917608571229,0.13297395180330002,0.3970967631346436,0.1444668932667663,0.2415735136757615,0.38086020594002096,0.10637761272014455,0.0032824910310235746,0.10309512215725919,0.0,0.0,0.0,1,0,294,294
base,240,240,102.00937986373901,0.00010453658778440088,0.08209948006094012,0.077692485995527,0.004800113044384644,0.07289237423967092,0.002422060305053671,0.0,0.0,2.1802460324116922e-07,0.0002902440786541751,0.005768234880828164,0.028155057523877192,3.273695908696509e-07,1.0132795441910648e-06,0.0032635631022823607,0.001,0.0001,1.0,1.0,0.04029104887292935,0.06769460824947073,0.05415568720453825,0.9996961131055131,0.9164162660256411,0.07699541575633563,0.002338625948366701,8.343435042156166e-05,0.27173760533332825,0.3735635280609131,5.0,0.1,0.0001,0.0,0.0034336431994715817,0.0001212108026631276,0.008852841507675301,7.738102163769241e-05,0.008775460414397411,0.07105285505581106,0.00474207728014638,0.06631077892887287,26.727900562123356,31.58974358974359,1.0,0.0031923360179345575,0.0001637631066220128,0.1637630992465549,130.67041648147452,158.43589743589743,5.002329619574088,0.0014849158917338802,3.1055937027179652e-06,0.003105593542767386,2,1e-06,32,64,32,0,1.0,0.0,8.971302032470703,9.770309448242188,9.360233306884766,0.1910184919834137,0.9945851564407349,0.558720052242279,0.866767406463623,0.09352999180555344,256,64,256,0,1.0,0.0,0.10340090095996857,1.7207283973693848,0.6757774353027344,0.22558267414569855,0.9575225114822388,-0.9625375866889954,-0.0034286112058907747,0.43676871061325073,288,288,0,1.0,0.0,0.1420751744180277,0.10755334144577067,0.10755334144577067,0.0024265562818246954,0.05512290659250431,0.12815789329589053,0.3941397756057721,186,26880.0,1.0,0.10755334144577067,0.0033444154913477757,0.10420892609560743,0.0,0.0,0.0,0.10755334144577067,0.10755334144577067,0.0024265562818246954,0.05512290659250431,0.12815789329589053,0.3941397756057721,0.1420751744180277,0.23796506334216364,0.38349461555480957,0.10755334144577067,0.10755334144577067,0.0024265562818246954,0.05512290659250431,0.12815789329589053,0.3941397756057721,0.1420751744180277,0.23796506334216364,0.38349461555480957,0.10755334144577067,0.0033444154913477757,0.10420892609560743,0.0,0.0,0.0,1,0,294,294
base,241,241,101.51368498802185,0.00010151174111436543,0.08210192340561467,0.0776633761313736,0.004763639989730894,0.07289973675058438,0.0024206356750403205,1.182351818578875e-06,0.0,2.180933902153865e-07,0.0002401039156775984,0.0060967852477915585,0.02813398100945175,3.281233831271337e-07,1.0132795441910648e-06,0.0032711010416332856,0.001,0.0001,1.0,1.0,0.04006861709058285,0.06827214274268883,0.054617714582600146,0.9996967504167149,0.9176599225427351,0.07684881609474492,0.0023340155692914357,8.66201106772577e-05,0.2718278467655182,0.37363067269325256,5.0,0.1,0.0001,0.0,0.00341021495922986,0.00012105844224505644,0.008415421869000819,5.384424351092078e-05,0.008361577987670898,0.07135180953858244,0.004723256808092706,0.0666285532598312,26.518190612140884,31.53846153846154,1.0,0.0031882781917468095,0.00017012584228521318,0.17012583496224168,129.20716662284656,156.42735042735043,4.943920365775204,0.0014797529518110757,3.1143785079127397e-06,0.0031143783504127436,2,1e-06,32,64,32,0,1.0,0.0,8.977601051330566,9.776468276977539,9.36320686340332,0.18999548256397247,0.9941219091415405,0.555864691734314,0.8672808408737183,0.09308160841464996,256,64,256,0,1.0,0.0,0.12556315958499908,1.6731383800506592,0.6709147691726685,0.2242092490196228,0.9600151777267456,-0.9775573015213013,-0.0034217112697660923,0.43772509694099426,288,288,0,1.0,0.0,0.14379737970809783,0.10877280888405252,0.10877280888405252,0.002431795595491186,0.05775685735317247,0.13488315209065393,0.3879032158242759,186,26880.0,1.0,0.10877280888405252,0.003289286166112474,0.1054835227575708,0.0,0.0,0.0,0.10877280888405252,0.10877280888405252,0.002431795595491186,0.05775685735317247,0.13488315209065393,0.3879032158242759,0.14379737970809783,0.24284913206613193,0.3763440783305835,0.10877280888405252,0.10877280888405252,0.002431795595491186,0.05775685735317247,0.13488315209065393,0.3879032158242759,0.14379737970809783,0.24284913206613193,0.3763440783305835,0.10877280888405252,0.003289286166112474,0.1054835227575708,0.0,0.0,0.0,1,0,294,294
base,242,242,103.3123848438263,9.853114147881633e-05,0.08168282652767296,0.07719083069863482,0.004832920142743959,0.07235791085240169,0.0024360203080707127,2.7061660941212605e-05,0.0006439799809048319,2.181959986594451e-07,0.0002561758575296835,0.005921528737347286,0.02808415900884021,3.276437889469998e-07,1.0132795373892882e-06,0.003266305098027532,0.001,0.0001,1.0,1.0,0.04084645713178011,0.06753537826176383,0.05402830255846692,0.9996957381566366,0.9164913862179487,0.07718126908836202,0.0023486652853301703,8.73550188693598e-05,0.27166709303855896,0.3737531900405884,5.0,0.1,0.0001,0.0,0.0034506289660532633,0.00012269134601651746,0.008179215793935662,7.960239114860694e-05,0.008099613536117423,0.0710564187895029,0.004773218351870011,0.06628320057295327,26.54613858410436,31.54700854700855,1.0,0.0032040527623751736,0.00017148759854115688,0.1714875901866163,129.3855833721976,157.67521367521368,4.9808225563644175,0.0014932778102751726,3.2224391667117993e-06,0.003222439024183485,2,1e-06,32,64,32,0,1.0,0.0,8.97386360168457,9.781643867492676,9.365274429321289,0.19181793928146362,0.9930020570755005,0.5569607019424438,0.8667532801628113,0.09340739250183105,256,64,256,0,1.0,0.0,0.12408075481653214,1.7503418922424316,0.6802232265472412,0.22991198301315308,0.9732850193977356,-0.9744757413864136,-0.002787194214761257,0.4334132969379425,288,288,0,1.0,0.0,0.14279373699138243,0.10771565297816663,0.10771565297816663,0.0024673788550686328,0.05783456460552751,0.13614779557552067,0.3951612800680181,186,26880.0,1.0,0.10771565297816663,0.003202450045562805,0.10451320273445007,0.0,0.0,0.0,0.10771565297816663,0.10771565297816663,0.0024673788550686328,0.05783456460552751,0.13614779557552067,0.3951612800680181,0.14279373699138243,0.24217015160347827,0.3813440772474453,0.10771565297816663,0.10771565297816663,0.0024673788550686328,0.05783456460552751,0.13614779557552067,0.3951612800680181,0.14279373699138243,0.24217015160347827,0.3813440772474453,0.10771565297816663,0.003202450045562805,0.10451320273445007,0.0,0.0,0.0,1,0,294,294
base,243,243,102.79742980003357,9.559511573409167e-05,0.08247804584411475,0.07800870484266526,0.004805971108154099,0.0732027342558926,0.0024805665712676244,5.4541175277569355e-06,0.0,2.1834953904972358e-07,0.00036350237464111525,0.005878226519124503,0.02790259536451254,3.311366259789497e-07,1.0132795490494766e-06,0.003301233461158525,0.001,0.0001,1.0,1.0,0.04142459169921712,0.06737846241165431,0.05390276997071555,0.9996961390870249,0.9167209201388888,0.0778935242157716,0.002395303965681511,8.52626009375846e-05,0.2714962065219879,0.373782217502594,5.0,0.1,0.0001,0.0,0.003426774796476572,0.00012296460029489011,0.00885536578985361,5.983169047305217e-05,0.008795533934210101,0.0713671803729147,0.004761097341791814,0.06660608393259537,26.633046402890457,31.54700854700855,1.0,0.003270120962928885,0.00016717700524385978,0.16717699857858512,130.1126933953701,157.7094017094017,4.9831395456395455,0.0015204869365940492,3.3481958340440215e-06,0.0033481956547142095,2,1e-06,32,64,32,0,1.0,0.0,8.977590560913086,9.784296035766602,9.366800308227539,0.19289757311344147,0.993789553642273,0.5537631511688232,0.8660179376602173,0.09369557350873947,256,64,256,0,1.0,0.0,0.13867425918579102,1.8375797271728516,0.6866647005081177,0.2297128289937973,0.9615584015846252,-0.9761555194854736,-0.002930190647020936,0.43470561504364014,288,288,0,1.0,0.0,0.14049528176665946,0.10722621958306496,0.10722621958306496,0.0024513715551175335,0.05512817729745181,0.13185447401377143,0.39607525801145904,186,26880.0,1.0,0.10722621958306496,0.0031662939383866307,0.10405992637289331,0.0,0.0,0.0,0.10722621958306496,0.10722621958306496,0.0024513715551175335,0.05512817729745181,0.13185447401377143,0.39607525801145904,0.14049528176665946,0.23865584392220743,0.37999999090548486,0.10722621958306496,0.10722621958306496,0.0024513715551175335,0.05512817729745181,0.13185447401377143,0.39607525801145904,0.14049528176665946,0.23865584392220743,0.37999999090548486,0.10722621958306496,0.0031662939383866307,0.10405992637289331,0.0,0.0,0.0,1,0,294,294
base,244,244,103.2063000202179,9.270398584850061e-05,0.08275894839794208,0.07828825826828296,0.004834153458603427,0.07345410582856235,0.0024603049780250103,3.931556358678728e-06,0.0,2.1839125325256575e-07,0.00032603953613666374,0.005941047918242522,0.02823978188073533,3.2657045153185123e-07,1.0132795422477002e-06,0.003255571730227934,0.001,0.0001,1.0,1.0,0.04188865845083681,0.0675627203960704,0.05405017617357592,0.9996961146338373,0.9160135383279915,0.07784139345853756,0.002374636192416024,8.566878609094096e-05,0.27162426710128784,0.37390944361686707,5.0,0.1,0.0001,0.0,0.0034357776316121602,0.00012227069949318306,0.009397903059282873,0.00011157839057537225,0.009286325202028975,0.07123983103750098,0.004750469667661903,0.06648936192704062,26.610608304667675,31.581196581196583,1.0,0.003231839734551489,0.000168113855089849,0.16811384706415683,130.08003678281082,157.10256410256412,4.959576028604115,0.0015174326801306417,3.2237168634446402e-06,0.0032237167032355936,2,1e-06,32,64,32,0,1.0,0.0,8.98117446899414,9.775936126708984,9.370264053344727,0.19014136493206024,0.9936029314994812,0.5619223117828369,0.8676577210426331,0.0925336480140686,256,64,256,0,1.0,0.0,0.13937713205814362,1.5861703157424927,0.6780292987823486,0.22653919458389282,0.9625825881958008,-0.9733325242996216,-0.0033988740760833025,0.4335797429084778,288,288,0,1.0,0.0,0.1474503975521813,0.1087264987699529,0.1087264987699529,0.0024713471115745127,0.05808120852045875,0.1337123271378298,0.3846774101257324,186,26880.0,1.0,0.1087264987699529,0.0031464475979830356,0.10558005137012359,0.0,0.0,0.0,0.1087264987699529,0.1087264987699529,0.0024713471115745127,0.05808120852045875,0.1337123271378298,0.3846774101257324,0.1474503975521813,0.24734651533666477,0.37688171238668505,0.1087264987699529,0.1087264987699529,0.0024713471115745127,0.05808120852045875,0.1337123271378298,0.3846774101257324,0.1474503975521813,0.24734651533666477,0.37688171238668505,0.1087264987699529,0.0031464475979830356,0.10558005137012359,0.0,0.0,0.0,1,0,294,294
base,245,245,103.06627368927002,8.985806886701499e-05,0.08300219361598675,0.07833111868836941,0.004809315419859356,0.0735218042237127,0.0025039896345100342,5.531620282011155e-06,0.0,2.1852884942823465e-07,0.00034150092922588266,0.00656116411386408,0.03010143697834932,3.307162050690881e-07,1.0132795480777943e-06,0.0032970292451910866,0.001,0.0001,1.0,1.0,0.041281274400460415,0.06753451915250884,0.05402761552896765,0.9996947844823202,0.9172279814369658,0.07842642718400711,0.002416294923800434,8.769471405218773e-05,0.2717234194278717,0.37399205565452576,5.0,0.1,0.0001,0.0,0.003410265930235768,0.00012236344018596838,0.00914733175538544,9.425709215112221e-05,0.009053074651294284,0.07147062006287086,0.004738622599751012,0.06673199817156181,26.529755176642002,31.65811965811966,1.0,0.0032915513759526685,0.00017213358880994786,0.1721335802322779,129.1402244567871,156.72649572649573,4.940593968325397,0.0015410384736382044,3.255840186917868e-06,0.003255840040679671,2,1e-06,32,64,32,0,1.0,0.0,8.98365306854248,9.777730941772461,9.373435020446777,0.1899275928735733,0.9930500984191895,0.568205714225769,0.8688071370124817,0.09142545610666275,256,64,256,0,1.0,0.0,0.17263834178447723,1.8695935010910034,0.6823548674583435,0.22771033644676208,0.9827319383621216,-0.9728671312332153,-0.00272287311963737,0.4338131248950958,288,288,0,1.0,0.0,0.14127426967024803,0.10663489442556462,0.10663489442556462,0.0024757894806246806,0.05578421578762592,0.13346201117320727,0.39978493589867825,186,26880.0,1.0,0.10663489442556462,0.003356970821883767,0.10327792357891163,0.0,0.0,0.0,0.10663489442556462,0.10663489442556462,0.0024757894806246806,0.05578421578762592,0.13346201117320727,0.39978493589867825,0.14127426967024803,0.2411583417686083,0.3856989146881206,0.10663489442556462,0.10663489442556462,0.0024757894806246806,0.05578421578762592,0.13346201117320727,0.39978493589867825,0.14127426967024803,0.2411583417686083,0.3856989146881206,0.10663489442556462,0.003356970821883767,0.10327792357891163,0.0,0.0,0.0,1,0,294,294
base,246,246,102.52309346199036,8.705767687650239e-05,0.08262896798869483,0.07812369111766163,0.0047512361541008335,0.07337245501132093,0.0024931993490705886,2.658215518563222e-06,0.0,2.1868173891278306e-07,0.00035341290392282716,0.006006201437642623,0.028168775013878815,3.2516513767985896e-07,1.0132795480777943e-06,0.003241518592963425,0.001,0.0001,1.0,1.0,0.04207890186235946,0.06746585278684257,0.0539726819206252,0.9996955201157138,0.9174241286057693,0.07843409682440962,0.0024062251596528497,8.697418192412473e-05,0.2718455195426941,0.37413400411605835,5.0,0.1,0.0001,0.0,0.0033876370841589495,0.00012171259775516999,0.008867034035870153,6.591764469750416e-05,0.008801116393162655,0.0714734156544392,0.00470179792207021,0.06677161784380929,26.56337462531196,31.555555555555557,1.0,0.0032716865480169016,0.0001703675480113707,0.1703675404573098,128.9939517648811,156.2991452991453,4.930410807830163,0.0015407637702937946,3.580814912565906e-06,0.003580814752823267,2,1e-06,32,64,32,0,1.0,0.0,8.98404598236084,9.7846040725708,9.37421989440918,0.1902415156364441,0.9939310550689697,0.5579257607460022,0.8681581020355225,0.09222681075334549,256,64,256,0,1.0,0.0,0.13151149451732635,1.903051495552063,0.681789219379425,0.22482949495315552,0.9722540378570557,-0.9620127081871033,-0.0028009682428091764,0.4307126998901367,288,288,0,1.0,0.0,0.14215196226473137,0.10870976286365631,0.10870976286365631,0.002537911653796092,0.05851466504866958,0.13311821941326382,0.3953763349883018,186,26880.0,1.0,0.10870976286365631,0.0033193099723653275,0.10539045264112189,0.0,0.0,0.0,0.10870976286365631,0.10870976286365631,0.002537911653796092,0.05851466504866958,0.13311821941326382,0.3953763349883018,0.14215196226473137,0.24078580172311875,0.37607526106219136,0.10870976286365631,0.10870976286365631,0.002537911653796092,0.05851466504866958,0.13311821941326382,0.3953763349883018,0.14215196226473137,0.24078580172311875,0.37607526106219136,0.10870976286365631,0.0033193099723653275,0.10539045264112189,0.0,0.0,0.0,1,0,294,294
base,247,247,100.86737895011902,8.430311697150229e-05,0.08231915877415584,0.0778473552602988,0.004745386201593802,0.07310196980197206,0.0024739037721585003,8.469294263129561e-06,0.0,2.1881189358045336e-07,0.0002195422464371192,0.005946485362509186,0.027888822727478467,3.1866041092452855e-07,1.0132795509928415e-06,0.0031764713085145075,0.001,0.0001,1.0,1.0,0.03874747771928962,0.06750634462278113,0.054005075835137285,0.9996965914709955,0.9173657017895299,0.0779320421254533,0.0023908389346180563,8.306484159818974e-05,0.27201810479164124,0.3743027150630951,5.0,0.1,0.0001,0.0,0.003385511761268553,0.00012021218085426213,0.008789287673102485,7.871791927350892e-05,0.008710570315010527,0.07125538950547194,0.004686347761143668,0.06656904219307451,26.728210921980377,31.71794871794872,1.0,0.003260598888095373,0.0001628030275972759,0.16280302023276305,129.51311838524973,156.8034188034188,4.935327952235626,0.001521078980145737,3.326654596934664e-06,0.0033266544342041016,2,1e-06,32,64,32,0,1.0,0.0,8.981507301330566,9.788630485534668,9.375569343566895,0.19104637205600739,0.9934556484222412,0.5615747570991516,0.8679165244102478,0.09250258654356003,256,64,256,0,1.0,0.0,0.1678326576948166,2.051215648651123,0.6904330253601074,0.23571813106536865,0.9704446196556091,-0.9626069068908691,-0.003020663047209382,0.4301277995109558,288,288,0,1.0,0.0,0.14520134750793698,0.1074530450587577,0.1074530450587577,0.002505919167851197,0.05897283294959174,0.13481509253903423,0.391881710018522,186,26880.0,1.0,0.1074530450587577,0.0033479984923999043,0.10410504756455725,0.0,0.0,0.0,0.1074530450587577,0.1074530450587577,0.002505919167851197,0.05897283294959174,0.13481509253903423,0.391881710018522,0.14520134750793698,0.2426724872121247,0.3812365504682705,0.1074530450587577,0.1074530450587577,0.002505919167851197,0.05897283294959174,0.13481509253903423,0.391881710018522,0.14520134750793698,0.2426724872121247,0.3812365504682705,0.1074530450587577,0.0033479984923999043,0.10410504756455725,0.0,0.0,0.0,1,0,294,294
base,248,248,102.13417410850525,8.159469122054909e-05,0.08229217334435536,0.07774436257333837,0.004713451273890578,0.07303091192729452,0.0025117944977763626,2.802729917069276e-05,0.0,2.189409620286902e-07,0.000273616378813636,0.0059031821875912575,0.028346470947194304,3.192981652980565e-07,1.0132795432193825e-06,0.0031828488587425686,0.001,0.0001,1.0,1.0,0.04133585589722945,0.06746585250028178,0.05397268149078402,0.9996955211345966,0.9178435496794872,0.07853117126684922,0.002424722829929147,8.707167028808175e-05,0.2720473110675812,0.374328076839447,5.0,0.1,0.0001,0.0,0.003350703992968441,0.00012029001701217241,0.008872905348101232,8.691099480303943e-05,0.008785994389118293,0.07108968356226245,0.004648268030773307,0.06644141619913599,26.54829123081305,31.53846153846154,1.0,0.0033045700158223384,0.0001707241948073109,0.1707241861229269,128.43277220440726,156.6153846153846,4.945487649130177,0.001544875647020964,3.4191467461221332e-06,0.0034191465785360746,2,1e-06,32,64,32,0,1.0,0.0,8.98639965057373,9.791825294494629,9.378931045532227,0.19043505191802979,0.9933980703353882,0.5646718740463257,0.8688722252845764,0.09136196970939636,256,64,256,0,1.0,0.0,0.1611858755350113,1.3885990381240845,0.6849875450134277,0.21185064315795898,0.9744107723236084,-0.9553002715110779,-0.0032794682774692774,0.4300532937049866,288,288,0,1.0,0.0,0.14255706571362992,0.10744177597634336,0.10744177597634336,0.0024938575447873866,0.05816458029952902,0.13460575527842006,0.39172041936907714,186,26880.0,1.0,0.10744177597634336,0.0031257483890240498,0.10431602739907325,0.0,0.0,0.0,0.10744177597634336,0.10744177597634336,0.0024938575447873866,0.05816458029952902,0.13460575527842006,0.39172041936907714,0.14255706571362992,0.242503851091349,0.3785483782650322,0.10744177597634336,0.10744177597634336,0.0024938575447873866,0.05816458029952902,0.13460575527842006,0.39172041936907714,0.14255706571362992,0.242503851091349,0.3785483782650322,0.10744177597634336,0.0031257483890240498,0.10431602739907325,0.0,0.0,0.0,1,0,294,294
base,249,249,101.52470016479492,7.893269663304782e-05,0.0810159718633717,0.07645346042819512,0.004759349494089938,0.07169411095798525,0.0025430426706010713,4.781674768807542e-06,0.0,2.1894377006928985e-07,0.0003223465366542096,0.005974392486242657,0.028337790957118712,3.258933346090159e-07,1.0132795490494766e-06,0.0032488005484541892,0.001,0.0001,1.0,1.0,0.04213212842806282,0.06750634468646131,0.05400507597841768,0.999696597074851,0.9170047075320513,0.07918426273470251,0.002455219250315657,8.782343351584162e-05,0.2721560001373291,0.37439170479774475,5.0,0.1,0.0001,0.0,0.0033988069969778643,0.00012178546522692259,0.007152028318144318,5.8761429694345876e-05,0.007093267053620428,0.07108943925326706,0.00471527842231668,0.06637416079513028,26.57637094024919,31.623931623931625,1.0,0.003339424546266723,0.00017194939104011323,0.17194938252114841,128.95696571545724,156.55555555555554,4.940085866481648,0.0015710139702846352,3.6974770157232542e-06,0.0036974768353323652,2,1e-06,32,64,32,0,1.0,0.0,8.989540100097656,9.796496391296387,9.38278579711914,0.1917150318622589,0.9939892292022705,0.5602291226387024,0.868109405040741,0.09201426059007645,256,64,256,0,1.0,0.0,0.1475387066602707,1.48431396484375,0.6831035614013672,0.218478724360466,0.962922215461731,-0.970299243927002,-0.0033862111158668995,0.42919549345970154,288,288,0,1.0,0.0,0.13879204889939678,0.1080021545925039,0.1080021545925039,0.00254278921304231,0.053456495966642134,0.1282149795643104,0.38790321570410524,186,26880.0,1.0,0.1080021545925039,0.003310708056620144,0.10469144614453012,0.0,0.0,0.0,0.1080021545925039,0.1080021545925039,0.00254278921304231,0.053456495966642134,0.1282149795643104,0.38790321570410524,0.13879204889939678,0.23829356536910098,0.37768816258958593,0.1080021545925039,0.1080021545925039,0.00254278921304231,0.053456495966642134,0.1282149795643104,0.38790321570410524,0.13879204889939678,0.23829356536910098,0.37768816258958593,0.1080021545925039,0.003310708056620144,0.10469144614453012,0.0,0.0,0.0,1,0,294,294
base,250,250,102.31886076927185,7.631742512670282e-05,0.0822516116194236,0.07770253418602495,0.004765806082858998,0.07293672850116706,0.0025376265960084833,1.911512719324002e-05,0.0,2.1898163422364686e-07,0.00026744003361337047,0.005920178545479719,0.027999305349384617,3.2594862172672987e-07,1.0132795480777943e-06,0.0032493534097925592,0.001,0.0001,1.0,1.0,0.04043467255293304,0.06742373112047839,0.053938985061951175,0.9996912769782238,0.9177621694711539,0.07906692347720139,0.0024500319646655493,8.75946294928505e-05,0.2720661163330078,0.374342143535614,5.0,0.1,0.0001,0.0,0.00340560685025337,0.00012147412082848525,0.008902818728715945,6.974573669015852e-05,0.00883307339798691,0.07102542001212764,0.004713496782331385,0.06631192338899669,26.533500687688843,31.632478632478634,1.0,0.00333330659275381,0.00017154422741254958,0.171544219693567,129.49970452398316,157.1965811965812,4.944139737410037,0.0015667573266272617,3.645031020264119e-06,0.0036450308612269214,2,1e-06,32,64,32,0,1.0,0.0,8.996295928955078,9.795568466186523,9.38265609741211,0.18960952758789062,0.9935282468795776,0.5638072490692139,0.8708688616752625,0.08999092131853104,256,64,256,0,1.0,0.0,0.17134520411491394,1.4502806663513184,0.6822251081466675,0.21384181082248688,0.9688410758972168,-0.9605593681335449,-0.0033357020001858473,0.43087151646614075,288,288,0,1.0,0.0,0.14641248064255843,0.10810675281793514,0.10810675281793514,0.0025493921464348726,0.06049230097172161,0.1379715764734854,0.38887095787832815,186,26880.0,1.0,0.10810675281793514,0.003313089750627888,0.10479366208644623,0.0,0.0,0.0,0.10810675281793514,0.10810675281793514,0.0025493921464348726,0.06049230097172161,0.1379715764734854,0.38887095787832815,0.14641248064255843,0.24601953845190747,0.37607526090196386,0.10810675281793514,0.10810675281793514,0.0025493921464348726,0.06049230097172161,0.1379715764734854,0.38887095787832815,0.14641248064255843,0.24601953845190747,0.37607526090196386,0.10810675281793514,0.003313089750627888,0.10479366208644623,0.0,0.0,0.0,1,0,294,294
base,251,251,103.1576600074768,7.374916349550603e-05,0.08217947675376876,0.07762052252506599,0.0048123006509919455,0.07280822321135774,0.0025364818214637856,9.847868584160113e-06,0.0006532208022908268,2.189924758911916e-07,0.00027284108004903664,0.005734380462473561,0.028123502006642837,3.229725694408304e-07,1.0132795403043353e-06,0.003219592905380469,0.001,0.0001,1.0,1.0,0.040339404589727394,0.06739699649505126,0.053917596785303876,0.9996964167325925,0.9167876936431624,0.07903816162521003,0.002451606096827194,8.487573457107198e-05,0.2720557451248169,0.37440618872642517,5.0,0.1,0.0001,0.0,0.0034196154536822666,0.0001225472662911818,0.008730980830314832,9.447372016998437e-05,0.008636507213625133,0.07107228683864969,0.004741445362854462,0.06633084280113889,26.69439997224726,31.692307692307693,1.0,0.0033380477032504785,0.00016632007747021917,0.16632006922338763,129.52217137915457,157.52136752136752,4.959951700174812,0.0015651644894089072,3.43139166949559e-06,0.0034313915122268545,2,1e-06,32,64,32,0,1.0,0.0,8.990604400634766,9.797783851623535,9.385266304016113,0.1909807175397873,0.9938269257545471,0.5644044876098633,0.8680258393287659,0.09200068563222885,256,64,256,0,1.0,0.0,0.1740139126777649,1.4885985851287842,0.6896924376487732,0.22137615084648132,0.9590919017791748,-0.9715740084648132,-0.003458733670413494,0.4284033179283142,288,288,0,1.0,0.0,0.14521870960391337,0.10717681811210956,0.10717681811210956,0.0025318226816647862,0.056293093171271104,0.13283908975520922,0.39462364569146147,186,26880.0,1.0,0.10717681811210956,0.0033118206304200786,0.10386499746682797,0.0,0.0,0.0,0.10717681811210956,0.10717681811210956,0.0025318226816647862,0.056293093171271104,0.13283908975520922,0.39462364569146147,0.14521870960391337,0.24640191590753935,0.38231181954183885,0.10717681811210956,0.10717681811210956,0.0025318226816647862,0.056293093171271104,0.13283908975520922,0.39462364569146147,0.14521870960391337,0.24640191590753935,0.38231181954183885,0.10717681811210956,0.0033118206304200786,0.10386499746682797,0.0,0.0,0.0,1,0,294,294
base,252,252,102.64130997657776,7.122819337828741e-05,0.08171072646848157,0.0771550883531061,0.004789082317525505,0.07236600711814359,0.0025387317256635837,2.6184400846051354e-05,0.0,2.1904777372777676e-07,0.0003090780895313663,0.005835939186792343,0.028135506197428092,3.224510995156597e-07,1.0132795451627471e-06,0.003214378197454553,0.001,0.0001,1.0,1.0,0.0420730437637649,0.06739699595376976,0.05391759692858427,0.999696411128737,0.9169170673076923,0.07920429384351796,0.002455468110453624,8.326361186737215e-05,0.2719534933567047,0.374436616897583,5.0,0.1,0.0001,0.0,0.0034143697718182243,0.00012215146105316107,0.00824512604974274,8.199355588891567e-05,0.008163132473953769,0.0709712439431594,0.004727587151603821,0.06624365769899808,26.748568339225574,31.572649572649574,1.0,0.003339641054885255,0.00016303667047411267,0.16303666228922004,129.503235743596,156.991452991453,4.9525049058488975,0.001571295173982015,3.4905541244572505e-06,0.0034905539618598092,2,1e-06,32,64,32,0,1.0,0.0,8.994840621948242,9.797525405883789,9.387341499328613,0.190970316529274,0.9937570095062256,0.5588138699531555,0.8682772517204285,0.0918787494301796,256,64,256,0,1.0,0.0,0.17190773785114288,1.4506707191467285,0.6865828037261963,0.212133526802063,0.9667271375656128,-0.9713567495346069,-0.003661282127723098,0.42907044291496277,288,288,0,1.0,0.0,0.14231885701257696,0.1077244705025186,0.1077244705025186,0.00258481980578855,0.0558206279842203,0.1318759961274042,0.3913978392718941,186,26880.0,1.0,0.1077244705025186,0.0033039126193467926,0.10442055872780212,0.0,0.0,0.0,0.1077244705025186,0.1077244705025186,0.00258481980578855,0.0558206279842203,0.1318759961274042,0.3913978392718941,0.14231885701257696,0.24399872512746884,0.37725805611379687,0.1077244705025186,0.1077244705025186,0.00258481980578855,0.0558206279842203,0.1318759961274042,0.3913978392718941,0.14231885701257696,0.24399872512746884,0.37725805611379687,0.1077244705025186,0.0033039126193467926,0.10442055872780212,0.0,0.0,0.0,1,0,294,294
base,253,253,101.85202097892761,6.875479122782878e-05,0.08228727264536752,0.07772680607616392,0.004736948194197164,0.07298985824116275,0.0025555696935416795,1.862537688933886e-06,0.0,2.1909514445809705e-07,0.0004033244827236263,0.00593165222567339,0.028190086890234906,3.2396420998828455e-07,1.0132795539078886e-06,0.00322950930477908,0.001,0.0001,1.0,1.0,0.043930253236849084,0.0675248534251482,0.05401988348199262,0.9996958532903948,0.9163933126335471,0.07945843193775569,0.002473081854116331,8.248783186954669e-05,0.2719232738018036,0.3744305968284607,5.0,0.1,0.0001,0.0,0.0033913942981256633,0.00012136978740529277,0.009225041438371707,6.603746292873834e-05,0.009159004331653954,0.07080802474266444,0.004687420095508106,0.06612060505610245,26.819705571883762,31.60683760683761,1.0,0.0033642651521178903,0.0001612926231852422,0.1612926161187327,130.0127157227606,156.60683760683762,4.941107301206664,0.0015818985461647438,3.6830394262137697e-06,0.0036830392658201037,2,1e-06,32,64,32,0,1.0,0.0,8.996359825134277,9.797394752502441,9.388263702392578,0.1902918815612793,0.9938099980354309,0.5634902119636536,0.8692008852958679,0.09113635867834091,256,64,256,0,1.0,0.0,0.15920592844486237,1.4635043144226074,0.6871139407157898,0.21506072580814362,0.9515682458877563,-0.9677504301071167,-0.003330081235617399,0.4283953309059143,288,288,0,1.0,0.0,0.1499120982223621,0.10721737162229862,0.10721737162229862,0.002566064856550161,0.058805004776185076,0.1405142872864681,0.38666665570069386,186,26880.0,1.0,0.10721737162229862,0.003079888034374156,0.1041374829538325,0.0,0.0,0.0,0.10721737162229862,0.10721737162229862,0.002566064856550161,0.058805004776185076,0.1405142872864681,0.38666665570069386,0.1499120982223621,0.2562222091421004,0.37881719537319675,0.10721737162229862,0.10721737162229862,0.002566064856550161,0.058805004776185076,0.1405142872864681,0.38666665570069386,0.1499120982223621,0.2562222091421004,0.37881719537319675,0.10721737162229862,0.003079888034374156,0.1041374829538325,0.0,0.0,0.0,1,0,294,294
base,254,254,102.28533720970154,6.632922828054862e-05,0.08193098148729047,0.07733701239539008,0.0047705108498851964,0.07256650246488743,0.0025853167196465097,1.381621019453065e-06,0.0,2.190699865082996e-07,0.00030086520785810214,0.005889157537753001,0.02836002971435714,3.227795356277748e-07,1.0132795519645238e-06,0.003217662575169124,0.001,0.0001,1.0,1.0,0.04176943238155964,0.06827214331581043,0.05461771464628032,0.9996967432845352,0.9172238080929487,0.08007308719759314,0.0024993882343395907,8.592848979997843e-05,0.2719370722770691,0.3744470179080963,5.0,0.1,0.0001,0.0,0.0033818201169881048,0.00012189973547828829,0.008197518750133678,0.00010395291237494885,0.008093566211879764,0.0711888736511907,0.0046925461675939905,0.06649632799701813,26.620320067446457,31.504273504273506,1.0,0.003392122683919266,0.00016786412892636293,0.16786412092355582,128.4988040108966,155.7094017094017,4.926057816241354,0.0016066538036649681,3.992851127855425e-06,0.003992850963885968,2,1e-06,32,64,32,0,1.0,0.0,8.999261856079102,9.796205520629883,9.390609741210938,0.19009435176849365,0.9937477111816406,0.5713714957237244,0.869382381439209,0.09060030430555344,256,64,256,0,1.0,0.0,0.16712833940982819,1.595948338508606,0.6891981959342957,0.2175903171300888,0.9715069532394409,-0.9644269347190857,-0.003171965479850769,0.4271748960018158,288,288,0,1.0,0.0,0.14630134770226094,0.10761363947011054,0.10761363947011054,0.0025594519163937646,0.059973506542343284,0.1372636850893257,0.38682794675070753,186,26880.0,1.0,0.10761363947011054,0.0032246684843793196,0.10438897096096202,0.0,0.0,0.0,0.10761363947011054,0.10761363947011054,0.0025594519163937646,0.059973506542343284,0.1372636850893257,0.38682794675070753,0.14630134770226094,0.24829303453205734,0.37779569065058105,0.10761363947011054,0.10761363947011054,0.0025594519163937646,0.059973506542343284,0.1372636850893257,0.38682794675070753,0.14630134770226094,0.24829303453205734,0.37779569065058105,0.10761363947011054,0.0032246684843793196,0.10438897096096202,0.0,0.0,0.0,1,0,294,294
base,255,255,102.30668711662292,6.395177052675786e-05,0.08118592769416988,0.07659586624075206,0.004754804292669854,0.07184106296199,0.0025604026686623055,5.586468813638402e-06,0.0,2.191169726953205e-07,0.00034246351300676656,0.006082350540404709,0.028309633907599326,3.2149540186358917e-07,1.0132795480777943e-06,0.003204821238322104,0.001,0.0001,1.0,1.0,0.04317004208126639,0.06827214280636902,0.05461771459852019,0.9996967514355978,0.9162722856570513,0.07965142235287234,0.002478534186609153,8.186848427636179e-05,0.27202844619750977,0.3744960129261017,5.0,0.1,0.0001,0.0,0.0033937538128234763,0.00012199578837976138,0.007708420356114705,7.409578125573631e-05,0.007634324650479178,0.07081455090998584,0.004699232457723055,0.06611531953781079,26.862668925880367,31.564102564102566,1.0,0.0033680514360849676,0.0001600356749221623,0.16003566725641236,130.11524343898154,157.85470085470087,4.987587949890509,0.0015890169301683195,3.701293751049904e-06,0.0037012935703636235,2,1e-06,32,64,32,0,1.0,0.0,9.003798484802246,9.797056198120117,9.393777847290039,0.18871895968914032,0.9936679601669312,0.568207323551178,0.8712527751922607,0.08978702127933502,256,64,256,0,1.0,0.0,0.1693970113992691,1.4155614376068115,0.6907194256782532,0.2132488638162613,0.959114134311676,-0.975480318069458,-0.0033101821318268776,0.42506933212280273,288,288,0,1.0,0.0,0.14267406568572086,0.10670928371713516,0.10670928371713516,0.002530454707510294,0.05952893857974359,0.13897664712802058,0.38741934403616896,186,26880.0,1.0,0.10670928371713516,0.003205863798552371,0.10350342031489028,0.0,0.0,0.0,0.10670928371713516,0.10670928371713516,0.002530454707510294,0.05952893857974359,0.13897664712802058,0.38741934403616896,0.14267406568572086,0.24387621579151,0.37924730168875825,0.10670928371713516,0.10670928371713516,0.002530454707510294,0.05952893857974359,0.13897664712802058,0.38741934403616896,0.14267406568572086,0.24387621579151,0.37924730168875825,0.10670928371713516,0.003205863798552371,0.10350342031489028,0.0,0.0,0.0,1,0,294,294
base,256,256,101.33897876739502,6.162267868149065e-05,0.0824740648142293,0.07786869919962353,0.004715158222004389,0.07315354252982344,0.0025892084440550744,1.4384340845112109e-05,0.0008577024962148096,2.1919114667661754e-07,0.0004435149844034135,0.005843163046062502,0.027484230410594206,3.1538491476532306e-07,1.0132795490494766e-06,0.0031437163542693434,0.001,0.0001,1.0,1.0,0.04310438567056106,0.06739489823325068,0.05391591940170679,0.9996962435225136,0.9172926682692307,0.08011663953463237,0.0025032621879990283,8.594626000496304e-05,0.27172988653182983,0.37454983592033386,5.0,0.1,0.0001,0.0,0.0033710569573136475,0.00012063282745533113,0.009405713560234787,7.151846543081805e-05,0.009334195882846147,0.0708144144115285,0.0046615193729312755,0.06615289574504918,26.604244036552235,31.572649572649574,1.0,0.0033987160716365036,0.000168396638260814,0.16839662983886197,128.95834513607187,156.43589743589743,4.93944948693815,0.0016078083023715478,3.4958829015273745e-06,0.0034958827189910105,2,1e-06,32,64,32,0,1.0,0.0,9.00394058227539,9.80539321899414,9.397130012512207,0.19085219502449036,0.9939947128295898,0.5609422922134399,0.8679438829421997,0.09197158366441727,256,64,256,0,1.0,0.0,0.13551828265190125,1.4130271673202515,0.6977095603942871,0.21429657936096191,0.9701898694038391,-0.9663090109825134,-0.0030069847125560045,0.4249299168586731,288,288,0,1.0,0.0,0.14809213242223185,0.10791049548920165,0.10791049548920165,0.002638195854354095,0.060956139332785084,0.14140071568670132,0.38806450511178664,186,26880.0,1.0,0.10791049548920165,0.003155242884531617,0.10475525339233115,0.0,0.0,0.0,0.10791049548920165,0.10791049548920165,0.002638195854354095,0.060956139332785084,0.14140071568670132,0.38806450511178664,0.14809213242223185,0.25270798710244957,0.3735483779862363,0.10791049548920165,0.10791049548920165,0.002638195854354095,0.060956139332785084,0.14140071568670132,0.38806450511178664,0.14809213242223185,0.25270798710244957,0.3735483779862363,0.10791049548920165,0.003155242884531617,0.10475525339233115,0.0,0.0,0.0,1,0,294,294
base,257,257,103.61397981643677,5.934220815591413e-05,0.08228507389624913,0.07762498669644706,0.004781502955712569,0.07284348419843575,0.002603085912588952,1.8312735085049247e-05,0.0,2.1932280089311104e-07,0.0004015977504603553,0.0062349647796975495,0.028296512758566275,3.2652218727885816e-07,1.0132795412760177e-06,0.003255089075288648,0.001,0.0001,1.0,1.0,0.04322858672175142,0.06753537784784268,0.05402830225598608,0.9996957432510506,0.9162889790331197,0.08022801654461102,0.002515158745356732,8.792716746542376e-05,0.2716761827468872,0.3747045695781708,5.0,0.1,0.0001,0.0,0.003400059398980095,0.00012390525870047047,0.008778236360631438,6.848307620956856e-05,0.00870975342571226,0.07104130968069419,0.004730140647062888,0.06631116919283174,26.518106574686165,31.54700854700855,1.0,0.0034178476203551404,0.00017156700971068686,0.1715670019133478,128.0003432575454,155.92307692307693,4.924415474526708,0.0016124698773233427,4.287324589538787e-06,0.00428732440002963,2,1e-06,32,64,32,0,1.0,0.0,9.006305694580078,9.802396774291992,9.400688171386719,0.1888180375099182,0.9939255118370056,0.5704700350761414,0.8699349164962769,0.0901678130030632,256,64,256,0,1.0,0.0,0.1718105524778366,1.3529995679855347,0.6963067650794983,0.21394754946231842,0.9660770893096924,-0.973129153251648,-0.0028378507122397423,0.42279261350631714,288,288,0,1.0,0.0,0.15074757849096612,0.10734762092854114,0.10734762092854114,0.0025870323805336623,0.0630696413047131,0.14278657311293227,0.3904838604472017,186,26880.0,1.0,0.10734762092854114,0.003083596595543179,0.10426402361469066,0.0,0.0,0.0,0.10734762092854114,0.10734762092854114,0.0025870323805336623,0.0630696413047131,0.14278657311293227,0.3904838604472017,0.15074757849096612,0.2522714530989047,0.38021504334224165,0.10734762092854114,0.10734762092854114,0.0025870323805336623,0.0630696413047131,0.14278657311293227,0.3904838604472017,0.15074757849096612,0.2522714530989047,0.38021504334224165,0.10734762092854114,0.003083596595543179,0.10426402361469066,0.0,0.0,0.0,1,0,294,294
base,258,258,100.68257975578308,5.711060902932035e-05,0.08251341381388852,0.07741493957801762,0.0045836491039635725,0.07283129049544661,0.002629707929574781,0.00042570470314886834,0.0,2.1943176924122602e-07,0.0005509589536580815,0.006032823861087075,0.02878837406826325,3.054120764950232e-07,1.0132795403043353e-06,0.0030439879872294394,0.001,0.0001,1.0,1.0,0.04519826219950476,0.06791420748982674,0.05433136622747804,0.9996953046219981,0.9189578325320513,0.08068774761552484,0.002536453631045854,9.325429527962115e-05,0.2717510759830475,0.3747982382774353,5.0,0.1,0.0001,0.0,0.0032536648746189843,0.00011801455088854523,0.009275774161020914,9.536206658579345e-05,0.009180412333235782,0.07045810889357175,0.004512127554024227,0.06594598150024047,26.63026500155783,31.46153846153846,1.0,0.0034394539618052733,0.00017792986340608852,0.17792985581944132,127.37198439622537,154.5897435897436,4.877778096886521,0.0016334533052614485,8.578726618242608e-06,0.008578726369091589,2,1e-06,32,64,32,0,1.0,0.0,9.017765998840332,9.808714866638184,9.404165267944336,0.18927878141403198,0.9940699338912964,0.5697215795516968,0.869774580001831,0.09040886908769608,256,64,256,0,1.0,0.0,0.15759320557117462,1.490322232246399,0.6928380727767944,0.21362675726413727,0.9626564383506775,-0.9765956997871399,-0.0033152399118989706,0.4228413999080658,288,288,0,1.0,0.0,0.14710651169861516,0.10773050547280211,0.10773050547280211,0.002663541025422672,0.059281108307562044,0.1372870919645153,0.3903763339083682,186,26880.0,1.0,0.10773050547280211,0.0032804282902284187,0.10445007697698917,0.0,0.0,0.0,0.10773050547280211,0.10773050547280211,0.002663541025422672,0.059281108307562044,0.1372870919645153,0.3903763339083682,0.14710651169861516,0.2476984567699894,0.3810752596585981,0.10773050547280211,0.10773050547280211,0.002663541025422672,0.059281108307562044,0.1372870919645153,0.3903763339083682,0.14710651169861516,0.2476984567699894,0.3810752596585981,0.10773050547280211,0.0032804282902284187,0.10445007697698917,0.0,0.0,0.0,1,0,294,294
base,259,259,102.29907846450806,5.492812602170101e-05,0.08226628665231232,0.07757182884165365,0.004686084416004407,0.07288574478310397,0.002656637810361691,2.1825996267362538e-05,0.0,2.1951487310499755e-07,0.00032372532997483546,0.0060240614305560785,0.028264662370276757,3.2288371502412855e-07,1.0132795451627471e-06,0.003218704346034071,0.001,0.0001,1.0,1.0,0.041822177214691274,0.06750585995296128,0.05400468818206563,0.9996884903337202,0.9177287827190171,0.08123147322071923,0.002568037686949102,8.860011703835236e-05,0.2718494236469269,0.3748917877674103,5.0,0.1,0.0001,0.0,0.0033281214580508983,0.00012032148292474498,0.008810659249623617,8.72488280869702e-05,0.008723410276266245,0.07096383434075576,0.004620647797426687,0.06634318720326464,26.578267195285896,31.512820512820515,1.0,0.003483208704294048,0.0001719086987857456,0.17190869037921613,128.91563254951413,156.46153846153845,4.932089867485677,0.0016528666865192035,5.291535598010722e-06,0.005291535304142878,2,1e-06,32,64,32,0,1.0,0.0,9.010132789611816,9.840044975280762,9.405574798583984,0.19442935287952423,0.9937185049057007,0.5479905605316162,0.8661754727363586,0.0923633724451065,256,64,256,0,1.0,0.0,0.187724769115448,1.5305328369140625,0.7036519646644592,0.21920493245124817,0.9795416593551636,-0.9535452127456665,-0.003553742077201605,0.4239891469478607,288,288,0,1.0,0.0,0.15204087294317703,0.10775401142049343,0.10775401142049343,0.0027124209061978343,0.06255441174531977,0.13912215342204418,0.3869892380410625,186,26880.0,1.0,0.10775401142049343,0.0032242285038166225,0.10452978312969208,0.0,0.0,0.0,0.10775401142049343,0.10775401142049343,0.0027124209061978343,0.06255441174531977,0.13912215342204418,0.3869892380410625,0.15204087294317703,0.2519341532982165,0.3780107445293857,0.10775401142049343,0.10775401142049343,0.0027124209061978343,0.06255441174531977,0.13912215342204418,0.3869892380410625,0.15204087294317703,0.2519341532982165,0.3780107445293857,0.10775401142049343,0.0032242285038166225,0.10452978312969208,0.0,0.0,0.0,1,0,294,294
base,260,260,101.04067158699036,5.279499846691256e-05,0.082000566025575,0.07727480883527006,0.004673796564611232,0.07260101291741061,0.0026837496433216026,7.979265358458217e-07,0.0,2.1961695453282871e-07,0.0004224189272941331,0.0062078781451822985,0.02840126918740252,3.160626600630035e-07,1.0132795500211591e-06,0.0031504938095354307,0.001,0.0001,1.0,1.0,0.042162280227256634,0.06750634455910096,0.054005075882897415,0.9996965940182025,0.9183067908653846,0.0816624209157422,0.0025975090614719014,8.624057351655334e-05,0.2718701958656311,0.37487635016441345,5.0,0.1,0.0001,0.0,0.003318147805447762,0.00012034963620886303,0.008346388737360636,7.587717050033757e-05,0.00827051176984086,0.07101501715488923,0.004616888685740977,0.06639812921739033,26.6520939525376,31.70940170940171,1.0,0.0035235956490326384,0.0001682960400934944,0.16829603146284056,127.64715647901225,155.34188034188034,4.891189502264307,0.0016714224938112192,4.1851082164029295e-06,0.004185108038095327,2,1e-06,32,64,32,0,1.0,0.0,9.015016555786133,9.82414722442627,9.4056396484375,0.19184504449367523,0.9937109351158142,0.5556718111038208,0.8660478591918945,0.09257093071937561,256,64,256,0,1.0,0.0,0.18819472193717957,1.552144169807434,0.6999089121818542,0.21876570582389832,0.9499810338020325,-0.9558426141738892,-0.0033730408176779747,0.4232192635536194,288,288,0,1.0,0.0,0.147338871804056,0.10829192114637252,0.10829192114637252,0.0026495113840049253,0.056935281167307526,0.13186618726780658,0.3894623554842446,186,26880.0,1.0,0.10829192114637252,0.003166496429215879,0.10512542518529486,0.0,0.0,0.0,0.10829192114637252,0.10829192114637252,0.0026495113840049253,0.056935281167307526,0.13186618726780658,0.3894623554842446,0.147338871804056,0.24515716102655216,0.37381719669667623,0.10829192114637252,0.10829192114637252,0.0026495113840049253,0.056935281167307526,0.13186618726780658,0.3894623554842446,0.147338871804056,0.24515716102655216,0.37381719669667623,0.10829192114637252,0.003166496429215879,0.10512542518529486,0.0,0.0,0.0,1,0,294,294
base,261,261,102.82275557518005,5.071146028642938e-05,0.08119270176841663,0.07650381489059864,0.004738349934172235,0.07176546561412323,0.0026453436356292576,1.88870626127618e-06,0.0,2.1963608307203717e-07,0.00037252673844813817,0.006121511720359707,0.02858288245450737,3.2139741577331233e-07,1.0132795519645238e-06,0.0032038413740407964,0.001,0.0001,1.0,1.0,0.042117163443412535,0.06746308177582219,0.053970465181857094,0.9996962745984396,0.9170986077724359,0.08112844500022057,0.0025590834940154837,8.626015627451746e-05,0.27193936705589294,0.3749355673789978,5.0,0.1,0.0001,0.0,0.0033583219817831605,0.00012083487038184196,0.00734662296425583,0.00010868995729037839,0.007237932875625089,0.0709938478584473,0.004656832467199454,0.06633701614844494,26.641085991492638,31.564102564102566,1.0,0.003469593655795623,0.00016793116518449533,0.167931157299596,128.49716750576965,155.93162393162393,4.922285583499433,0.0016485733362153554,4.589148282779455e-06,0.004589148056812775,2,1e-06,32,64,32,0,1.0,0.0,9.017033576965332,9.823501586914062,9.407442092895508,0.19122053682804108,0.9940772652626038,0.5586428642272949,0.8679279088973999,0.09139957278966904,256,64,256,0,1.0,0.0,0.1430530846118927,1.523147463798523,0.6997263431549072,0.2273365706205368,0.9700552225112915,-0.9638674259185791,-0.003692889353260398,0.4218038320541382,288,288,0,1.0,0.0,0.14877763148196924,0.10681144639532617,0.10681144639532617,0.002685729889793599,0.06067387974991273,0.1371552614715471,0.39354837517584523,186,26880.0,1.0,0.10681144639532617,0.0032490280263641094,0.10356241829217748,0.0,0.0,0.0,0.10681144639532617,0.10681144639532617,0.002685729889793599,0.06067387974991273,0.1371552614715471,0.39354837517584523,0.14877763148196924,0.2509976702351724,0.3844623560867002,0.10681144639532617,0.10681144639532617,0.002685729889793599,0.06067387974991273,0.1371552614715471,0.39354837517584523,0.14877763148196924,0.2509976702351724,0.3844623560867002,0.10681144639532617,0.0032490280263641094,0.10356241829217748,0.0,0.0,0.0,1,0,294,294
base,262,262,102.04622387886047,4.867773996369213e-05,0.08176614567000642,0.07706816618641217,0.004722650925047759,0.07234551464645271,0.0026598036703136233,9.6649074783692e-06,0.0,2.1970764881492263e-07,0.0003786761722428628,0.006179029270250382,0.028205079002640188,3.176195345631679e-07,1.0132795422477002e-06,0.003166062542452262,0.001,0.0001,1.0,1.0,0.0434128414425585,0.0675088655617502,0.05400709277735306,0.9996968023797386,0.9171090411324786,0.08113113045692444,0.0025746449609247283,8.515871385086037e-05,0.2720658779144287,0.3750169277191162,5.0,0.1,0.0001,0.0,0.003362382898449452,0.00012092429920797172,0.008724980374686738,9.18650418583654e-05,0.008633115352728428,0.07052443045963588,0.004653752146638993,0.0658706783866271,26.683320069924378,31.71794871794872,1.0,0.003500264965825611,0.00016622271511403238,0.16622270681919196,128.71446958362546,155.71794871794873,4.8991083765346835,0.0016490249649788707,4.0947129391944554e-06,0.0040947127546000685,2,1e-06,32,64,32,0,1.0,0.0,9.014304161071777,9.815342903137207,9.40677547454834,0.19009391963481903,0.9939782619476318,0.5631468892097473,0.8691667914390564,0.09044153243303299,256,64,256,0,1.0,0.0,0.1660083830356598,1.5336179733276367,0.701549768447876,0.22562521696090698,0.9641262292861938,-0.9729060530662537,-0.0037217754870653152,0.41802963614463806,288,288,0,1.0,0.0,0.1472543646050717,0.10820023731348362,0.10820023731348362,0.002686170930478801,0.05776168164416587,0.13777815444414976,0.38774192653676515,186,26880.0,1.0,0.10820023731348362,0.003301307583782584,0.10489892943742428,0.0,0.0,0.0,0.10820023731348362,0.10820023731348362,0.002686170930478801,0.05776168164416587,0.13777815444414976,0.38774192653676515,0.1472543646050717,0.24817080523378104,0.3770430019145371,0.10820023731348362,0.10820023731348362,0.002686170930478801,0.05776168164416587,0.13777815444414976,0.38774192653676515,0.1472543646050717,0.24817080523378104,0.3770430019145371,0.10820023731348362,0.003301307583782584,0.10489892943742428,0.0,0.0,0.0,1,0,294,294
base,263,263,102.33076643943787,4.669406051905255e-05,0.08177548946223707,0.07695657078526978,0.004751960107157182,0.07220461104924862,0.002682860321803098,1.083213724514358e-05,0.0,2.1977481903113042e-07,0.0003276248125500522,0.006405069865385851,0.029686971655131407,3.373472921331498e-07,1.6073422276567104e-05,0.003212738708537231,0.001,0.0001,1.0,1.0,0.041736972796866015,0.06750634494118202,0.05400507610577803,0.9996965919804369,0.9170527009882479,0.081756539706491,0.0025936772004088275,8.91831216430212e-05,0.2720850110054016,0.3750484585762024,5.0,0.1,0.0001,0.0,0.0033763906859760927,0.0001217440633956715,0.0078122001937311935,9.114741005449214e-05,0.007721052719996526,0.07109742025789033,0.004683599549616313,0.06641382163661158,26.48874134487576,31.444444444444443,1.0,0.0035117641509247897,0.0001742703544807274,0.17427034663338947,128.33892597296298,155.53846153846155,4.929971048535758,0.0016755902658129095,4.095888759645906e-06,0.00409588854537051,2,1e-06,32,64,32,0,1.0,0.0,9.013999938964844,9.819722175598145,9.407142639160156,0.19136296212673187,0.9932957887649536,0.5617691874504089,0.8677130341529846,0.09128590673208237,256,64,256,0,1.0,0.0,0.17554034292697906,1.5123378038406372,0.7081220149993896,0.22561860084533691,0.9659547805786133,-0.9745825529098511,-0.0030083393212407827,0.4190850853919983,288,288,0,1.0,0.0,0.14844441952644497,0.1085126577539647,0.1085126577539647,0.0026335273572105043,0.05719474549355206,0.13484076995362518,0.3919892362369004,186,26880.0,1.0,0.1085126577539647,0.0031105286659712486,0.10540212960319316,0.0,0.0,0.0,0.1085126577539647,0.1085126577539647,0.0026335273572105043,0.05719474549355206,0.13484076995362518,0.3919892362369004,0.14844441952644497,0.24979961419137575,0.37510751812688764,0.1085126577539647,0.1085126577539647,0.0026335273572105043,0.05719474549355206,0.13484076995362518,0.3919892362369004,0.14844441952644497,0.24979961419137575,0.37510751812688764,0.1085126577539647,0.0031105286659712486,0.10540212960319316,0.0,0.0,0.0,1,0,294,294
base,264,264,103.66242027282715,4.476063948531553e-05,0.08323813853864996,0.07842419165958706,0.004812082353358467,0.0736121095271192,0.002696451573815738,3.2455397722048638e-06,0.0,2.1980446821831938e-07,0.00027703096399321104,0.006464562213653301,0.02934868460218621,3.318178008902982e-07,1.013279557794618e-06,0.003308045216656935,0.001,0.0001,1.0,1.0,0.04263934009095542,0.06827214223324743,0.05461771434379949,0.9996967519450392,0.9158361712072649,0.08178990633569212,0.0026085781486720866,8.787342520583914e-05,0.2720767557621002,0.37509235739707947,5.0,0.1,0.0001,0.0,0.0034239887663871688,0.0001245064194001751,0.010209543582720634,7.622865522200735e-05,0.010133315355349809,0.07076703371782588,0.0047549108604494576,0.06601212301060684,26.57497459802872,31.70940170940171,1.0,0.0035408312438899637,0.00017175340652988196,0.17175339837359566,129.474857949803,157.3760683760684,4.95739932625361,0.0016763250614142316,3.993444124716916e-06,0.0039934439536852715,2,1e-06,32,64,32,0,1.0,0.0,9.01745891571045,9.822504043579102,9.412049293518066,0.19182473421096802,0.9936670660972595,0.5590871572494507,0.8675621747970581,0.09117845445871353,256,64,256,0,1.0,0.0,0.18339575827121735,1.4956878423690796,0.7097535133361816,0.2185892015695572,0.9574224352836609,-0.9823001623153687,-0.0034548204857856035,0.42063188552856445,288,288,0,1.0,0.0,0.15454055140576056,0.10876315134636899,0.10876315134636899,0.002648908714268436,0.06251109963262914,0.14287917009524762,0.3844623557662451,186,26880.0,1.0,0.10876315134636899,0.003044350518587422,0.10571880083768925,0.0,0.0,0.0,0.10876315134636899,0.10876315134636899,0.002648908714268436,0.06251109963262914,0.14287917009524762,0.3844623557662451,0.15454055140576056,0.25698775305382665,0.37602149719192135,0.10876315134636899,0.10876315134636899,0.002648908714268436,0.06251109963262914,0.14287917009524762,0.3844623557662451,0.15454055140576056,0.25698775305382665,0.37602149719192135,0.10876315134636899,0.003044350518587422,0.10571880083768925,0.0,0.0,0.0,1,0,294,294
base,265,265,100.98495030403137,4.2877688883885086e-05,0.08215200226021628,0.07723804585571982,0.004633312572279356,0.07260473371825667,0.0026961497815214414,1.8766518029519637e-05,0.0,2.1987663968370453e-07,0.000315473696629419,0.006999766218284957,0.029974299841202222,3.168628581702095e-07,1.0132795461344297e-06,0.0031584958037417224,0.001,0.0001,1.0,1.0,0.04114732466256007,0.06742373080207752,0.053938984329629146,0.9996912688271612,0.9188138521634616,0.08189596172071929,0.002608735158116135,8.741461937865501e-05,0.2721596360206604,0.3751261830329895,5.0,0.1,0.0001,0.0,0.0032963926951663615,0.0001187929129262821,0.008394003169149416,8.099067271647291e-05,0.00831301268349346,0.07094254347885776,0.004572569568737004,0.06636997426931675,26.598187886751614,31.52991452991453,1.0,0.0035374010196672035,0.00017064503462722478,0.1706450270791339,128.82557058741904,155.42735042735043,4.9047677770470255,0.0016800692945750605,4.1842034479642225e-06,0.004184203270154121,2,1e-06,32,64,32,0,1.0,0.0,9.021904945373535,9.82678508758545,9.411703109741211,0.19118909537792206,0.9934685230255127,0.5617547035217285,0.8682684898376465,0.09058127552270889,256,64,256,0,1.0,0.0,0.19257500767707825,1.4438142776489258,0.7070119380950928,0.21802183985710144,0.9652717113494873,-0.9685699343681335,-0.003033923450857401,0.42054417729377747,288,288,0,1.0,0.0,0.149646592857216,0.10869736636572695,0.10869736636572695,0.002719137530298309,0.059306600196186894,0.1366275986456262,0.38543009629813574,186,26880.0,1.0,0.10869736636572695,0.003221847441423922,0.1054755187732108,0.0,0.0,0.0,0.10869736636572695,0.10869736636572695,0.002719137530298309,0.059306600196186894,0.1366275986456262,0.38543009629813574,0.149646592857216,0.2508274919243269,0.3760752599405986,0.10869736636572695,0.10869736636572695,0.002719137530298309,0.059306600196186894,0.1366275986456262,0.38543009629813574,0.149646592857216,0.2508274919243269,0.3760752599405986,0.10869736636572695,0.003221847441423922,0.1054755187732108,0.0,0.0,0.0,1,0,294,294
base,266,266,101.47247886657715,4.1045415201513684e-05,0.0822638759118879,0.07741554632273495,0.00465010905948778,0.07276543857068078,0.0027011956673306534,3.9213715105229976e-06,0.0,2.1990913152767772e-07,0.0004398779474422165,0.00659193572962386,0.029673213346136942,3.1379189307355586e-07,1.0132795461344297e-06,0.0031277861477982285,0.001,0.0001,1.0,1.0,0.04410415397495286,0.06791420720326595,0.0543313666095591,0.9996953066597637,0.9186677851228633,0.08217631598823091,0.002614252707069246,8.694295791382245e-05,0.27219340205192566,0.3751775324344635,5.0,0.1,0.0001,0.0,0.003294382158280788,0.00011943050720639384,0.008974716958836613,9.734078079589411e-05,0.008877376205900796,0.07068450879464802,0.004577103474885862,0.06610740616153447,26.613381051609657,31.504273504273506,1.0,0.0035356605051355995,0.00016925588784227945,0.16925588020911583,128.05727200630383,155.17094017094018,4.896192514346113,0.001692844893082849,4.6300279154043255e-06,0.004630027673183343,2,1e-06,32,64,32,0,1.0,0.0,9.022790908813477,9.827451705932617,9.416043281555176,0.1910865157842636,0.9938042163848877,0.5644955635070801,0.8679326772689819,0.09095615148544312,256,64,256,0,1.0,0.0,0.1587918996810913,1.7445948123931885,0.7105982303619385,0.22645807266235352,0.9662201404571533,-0.9695317149162292,-0.0032737944275140762,0.4178541898727417,288,288,0,1.0,0.0,0.15194511331457605,0.10853123902640444,0.10853123902640444,0.0026772852907789514,0.06153591936053608,0.13766340000094265,0.38951611967496974,186,26880.0,1.0,0.10853123902640444,0.0031821972249630602,0.10534904247268717,0.0,0.0,0.0,0.10853123902640444,0.10853123902640444,0.0026772852907789514,0.06153591936053608,0.13766340000094265,0.38951611967496974,0.15194511331457605,0.24973962580164275,0.3789784865033242,0.10853123902640444,0.10853123902640444,0.0026772852907789514,0.06153591936053608,0.13766340000094265,0.38951611967496974,0.15194511331457605,0.24973962580164275,0.3789784865033242,0.10853123902640444,0.0031821972249630602,0.10534904247268717,0.0,0.0,0.0,1,0,294,294
base,267,267,102.82731461524963,3.926401936765836e-05,0.08345243207409851,0.0785504285660055,0.004704983999483032,0.07384544521824926,0.0027012203951390125,7.305040947583497e-05,0.0,2.199412102851818e-07,0.0003267181556475018,0.006434417716287172,0.029678807633682195,3.191857953632369e-07,1.0132795500211591e-06,0.00318172515835613,0.001,0.0001,1.0,1.0,0.041843595317541026,0.06755990178411843,0.05404792191126408,0.9996922866910951,0.9167960403311965,0.08203044094336338,0.0026139814076292464,8.723897267800644e-05,0.2722087502479553,0.3752175271511078,5.0,0.1,0.0001,0.0,0.0033550072144458275,0.00012124889243338665,0.010413245767609686,6.728541925867907e-05,0.010345960274720803,0.07074049424029823,0.004654519935536524,0.06608597501220866,26.67629327529516,31.46153846153846,1.0,0.0035421038165879557,0.00017041992607554342,0.17041991714738372,130.41589716560821,157.52136752136752,4.976315749165211,0.0016858589767804767,4.058018925805409e-06,0.004058018708840394,2,1e-06,32,64,32,0,1.0,0.0,9.024360656738281,9.829834938049316,9.41632080078125,0.19243872165679932,0.9930776953697205,0.559632420539856,0.8677343726158142,0.0910288542509079,256,64,256,0,1.0,0.0,0.18259310722351074,1.4783854484558105,0.709109902381897,0.22048574686050415,0.9697407484054565,-0.9569438695907593,-0.002839816967025399,0.4211229979991913,288,288,0,1.0,0.0,0.15467683520288236,0.10895899096702008,0.10895899096702008,0.002698609323062478,0.06720234805427652,0.1452895447071041,0.39338708556787944,186,26880.0,1.0,0.10895899096702008,0.003242962542881674,0.10571602795352326,0.0,0.0,0.0,0.10895899096702008,0.10895899096702008,0.002698609323062478,0.06720234805427652,0.1452895447071041,0.39338708556787944,0.15467683520288236,0.25090205665397386,0.3755376257242695,0.10895899096702008,0.10895899096702008,0.002698609323062478,0.06720234805427652,0.1452895447071041,0.39338708556787944,0.15467683520288236,0.25090205665397386,0.3755376257242695,0.10895899096702008,0.003242962542881674,0.10571602795352326,0.0,0.0,0.0,1,0,294,294
base,268,268,102.23498296737671,3.753369673244687e-05,0.08242924008359256,0.0775434872469841,0.004739818782107825,0.07280366950564915,0.0027049078753329497,4.35374796581574e-06,0.0,2.2000379889753734e-07,0.0003144518147172685,0.0069328840253834855,0.029656926440632243,3.253858150669541e-07,1.0132795441910648e-06,0.003243725349366442,0.001,0.0001,1.0,1.0,0.041528136254503176,0.0675088661030317,0.054007092251991615,0.9996968044175042,0.9167459602029915,0.08216666385658786,0.002618223181965514,8.668469148625831e-05,0.27224311232566833,0.37526530027389526,5.0,0.1,0.0001,0.0,0.003370417544666009,0.00012215311715750492,0.008716649224615505,7.654184825782083e-05,0.008640107436057849,0.07100600020116211,0.004682412396909462,0.0663235888012454,26.625727351914104,31.58974358974359,1.0,0.0035454785614473443,0.00016929765174570333,0.1692976442157713,129.38331933306833,156.64102564102564,4.945554548932529,0.001690967838303783,4.071731035391844e-06,0.004071730833787184,2,1e-06,32,64,32,0,1.0,0.0,9.027873992919922,9.834622383117676,9.4185209274292,0.19228069484233856,0.9940704107284546,0.5621734857559204,0.8678416609764099,0.09068987518548965,256,64,256,0,1.0,0.0,0.1553487479686737,1.481325387954712,0.7056050300598145,0.22037148475646973,0.964448094367981,-0.9700905084609985,-0.00300574884749949,0.41956618428230286,288,288,0,1.0,0.0,0.1505005425142665,0.10836166682395529,0.10836166682395529,0.0027388300637694748,0.06096598075612659,0.13912601662819746,0.39048386132845314,186,26880.0,1.0,0.10836166682395529,0.0031538837207877573,0.10520778295207531,0.0,0.0,0.0,0.10836166682395529,0.10836166682395529,0.0027388300637694748,0.06096598075612659,0.13912601662819746,0.39048386132845314,0.1505005425142665,0.24860440579152876,0.3772042925639819,0.10836166682395529,0.10836166682395529,0.0027388300637694748,0.06096598075612659,0.13912601662819746,0.39048386132845314,0.1505005425142665,0.24860440579152876,0.3772042925639819,0.10836166682395529,0.0031538837207877573,0.10520778295207531,0.0,0.0,0.0,1,0,294,294
base,269,269,102.44978332519531,3.5854637045255115e-05,0.08249043265723774,0.07755247382526724,0.0047222983517930806,0.07283017497796279,0.002743832711289581,9.377781524617449e-06,0.0,2.2004397565594374e-07,0.00028860717521506286,0.006892528016275416,0.02990285899394598,3.2290712195674103e-07,1.0132795500211591e-06,0.0032189384234161712,0.001,0.0001,1.0,1.0,0.04067295651214245,0.0677270513250787,0.05418164133388772,0.9996957320433396,0.9172154614049145,0.0827940647673403,0.0026553056787890503,8.852704269930911e-05,0.27221858501434326,0.3752690851688385,5.0,0.1,0.0001,0.0,0.003349804529386899,0.00012127870239708453,0.008560036746864645,8.638470202811762e-05,0.008473651786135811,0.0711324461377584,0.004657509826266995,0.0664749362020411,26.496957501794537,31.521367521367523,1.0,0.003593042572466736,0.0001730232415399932,0.1730232340657813,129.09614100007929,156.68376068376068,4.949980501191455,0.0017175687940663889,4.03084325108062e-06,0.004030843066354083,2,1e-06,32,64,32,0,1.0,0.0,9.027026176452637,9.8345947265625,9.418167114257812,0.1921973079442978,0.9940812587738037,0.5596468448638916,0.8667712807655334,0.0915348008275032,256,64,256,0,1.0,0.0,0.20616978406906128,1.4665873050689697,0.7120454907417297,0.22212374210357666,0.9708982706069946,-0.9705243110656738,-0.003026064019650221,0.42049291729927063,288,288,0,1.0,0.0,0.15549253544179342,0.10788551210723024,0.10788551210723024,0.00271968794689375,0.06444410746166061,0.14244805462658405,0.38989246292139895,186,26880.0,1.0,0.10788551210723024,0.003149317339696783,0.10473619449011823,0.0,0.0,0.0,0.10788551210723024,0.10788551210723024,0.00271968794689375,0.06444410746166061,0.14244805462658405,0.38989246292139895,0.15549253544179342,0.255315007301428,0.37650536769820797,0.10788551210723024,0.10788551210723024,0.00271968794689375,0.06444410746166061,0.14244805462658405,0.38989246292139895,0.15549253544179342,0.255315007301428,0.37650536769820797,0.10788551210723024,0.003149317339696783,0.10473619449011823,0.0,0.0,0.0,1,0,294,294
base,270,270,103.36990571022034,3.422702443389897e-05,0.08232088393380499,0.07734929926247679,0.004765236060708188,0.07258406364255482,0.002744977448024174,5.325811923059643e-06,0.0006092898866050264,2.2000918966988627e-07,0.00033830402161570455,0.0068989321480019605,0.03001127753438603,3.257981702843523e-07,1.013279547106112e-06,0.0032478489014558876,0.001,0.0001,1.0,1.0,0.04289024235664779,0.0673486737964245,0.05387893930459634,0.9996959770846571,0.9171299078525641,0.08290984557989316,0.00265851805312957,8.645940014946226e-05,0.2721017897129059,0.37520793080329895,5.0,0.1,0.0001,0.0,0.0033714549912490016,0.00012296956871675016,0.008732391218853813,9.69235801225544e-05,0.008635467188990014,0.07080000584833643,0.004692543376611275,0.06610746318713212,26.639238634680073,31.666666666666668,1.0,0.0035943560298277526,0.00016895093047532698,0.1689509224687886,129.9776960519644,157.72649572649573,4.966480955062094,0.0017226800923514315,3.967870178018692e-06,0.003967869994986771,2,1e-06,32,64,32,0,1.0,0.0,9.029250144958496,9.830212593078613,9.41884708404541,0.19027885794639587,0.9938198328018188,0.5661777257919312,0.8684077858924866,0.09035079181194305,256,64,256,0,1.0,0.0,0.18560872972011566,1.4535274505615234,0.7059304714202881,0.2117985486984253,0.9560765027999878,-0.975751519203186,-0.0030062261503189802,0.41774922609329224,288,288,0,1.0,0.0,0.15518603001230508,0.1079825741496492,0.1079825741496492,0.002710324622928462,0.06313207116909325,0.14333028448445181,0.3920430001071704,186,26880.0,1.0,0.1079825741496492,0.0031194671805195033,0.1048631064118223,0.0,0.0,0.0,0.1079825741496492,0.1079825741496492,0.002710324622928462,0.06313207116909325,0.14333028448445181,0.3920430001071704,0.15518603001230508,0.2575061192275375,0.37822579840819043,0.1079825741496492,0.1079825741496492,0.002710324622928462,0.06313207116909325,0.14333028448445181,0.3920430001071704,0.15518603001230508,0.2575061192275375,0.37822579840819043,0.1079825741496492,0.0031194671805195033,0.1048631064118223,0.0,0.0,0.0,1,0,294,294
base,271,271,101.67478442192078,3.265103738444294e-05,0.08246308125746556,0.0774730778275392,0.004658671938734623,0.07281440598332983,0.0027364719555609757,8.766232934008297e-07,0.0,2.2002490833272486e-07,0.0004657932144038586,0.007196194393277709,0.03065338262762779,3.197949930545797e-07,1.0132795558512532e-06,0.0031878171413022485,0.001,0.0001,1.0,1.0,0.04478222125361108,0.06769460821763063,0.05415568704533781,0.999696114124396,0.9172029413728633,0.08265504553022547,0.0026486011233944925,8.787083355015896e-05,0.2721713185310364,0.3753035366535187,5.0,0.1,0.0001,0.0,0.003322387998724659,0.00012157679803850543,0.009340212895320011,5.298904461674711e-05,0.009287223856673282,0.07046791815604919,0.004618930155769563,0.06584898809082487,26.534509561000725,31.572649572649574,1.0,0.0035857111076291045,0.00017200268006039798,0.17200267213022608,128.76080126640124,156.24786324786325,4.929870932211675,0.0017114911252298416,3.7389863169882406e-06,0.0037389861212836373,2,1e-06,32,64,32,0,1.0,0.0,9.030662536621094,9.836249351501465,9.420782089233398,0.19228044152259827,0.9936575293540955,0.5655553340911865,0.8674495816230774,0.09075198322534561,256,64,256,0,1.0,0.0,0.1923881322145462,1.4507648944854736,0.709087610244751,0.2181883156299591,0.9538143873214722,-0.9662244319915771,-0.003235505660995841,0.4160083830356598,288,288,0,1.0,0.0,0.1510187532472354,0.10755061659407109,0.10755061659407109,0.0027642392979419614,0.061429075060552486,0.14003923376120866,0.39209676509903324,186,26880.0,1.0,0.10755061659407109,0.0031547065393285867,0.10439590903672766,0.0,0.0,0.0,0.10755061659407109,0.10755061659407109,0.0027642392979419614,0.061429075060552486,0.14003923376120866,0.39209676509903324,0.1510187532472354,0.25072340819463934,0.3793010665203935,0.10755061659407109,0.10755061659407109,0.0027642392979419614,0.061429075060552486,0.14003923376120866,0.39209676509903324,0.1510187532472354,0.25072340819463934,0.3793010665203935,0.10755061659407109,0.0031547065393285867,0.10439590903672766,0.0,0.0,0.0,1,0,294,294
base,272,272,101.32029938697815,3.112684872162669e-05,0.08331539800279161,0.07832178139151671,0.004643220365899177,0.07367856179674466,0.0027515592081392677,1.7688084298219437e-06,0.0,2.2008166976588538e-07,0.0004916660744534523,0.007136871184532841,0.03052470127805176,3.175439194554504e-07,1.0132795422477002e-06,0.003165306405036941,0.001,0.0001,1.0,1.0,0.04400973732018063,0.06753451943906963,0.05402761554488769,0.9996947819351131,0.9182754907852564,0.08279095825731245,0.0026673632892819806,8.419592664629304e-05,0.2721901535987854,0.37532946467399597,5.0,0.1,0.0001,0.0,0.00328071450547944,0.00011978987819548999,0.010318375550783597,0.0001043505035340786,0.01021402564823118,0.07058299979210919,0.004564957489243621,0.06601804268793163,26.74260843717135,31.700854700854702,1.0,0.0036169008698123386,0.00016426372891675052,0.16426372120523045,128.74011106572598,156.32478632478632,4.923353863878057,0.0017178257167116445,4.128124159879163e-06,0.00412812395992442,2,1e-06,32,64,32,0,1.0,0.0,9.033010482788086,9.83690071105957,9.426136016845703,0.1911046802997589,0.9937129020690918,0.5676714777946472,0.8687199950218201,0.08996114879846573,256,64,256,0,1.0,0.0,0.1773991584777832,1.6643481254577637,0.7138683795928955,0.22181487083435059,0.9494174718856812,-0.9769066572189331,-0.0035425664391368628,0.41593971848487854,288,288,0,1.0,0.0,0.15412320362864643,0.10710918618009445,0.10710918618009445,0.002730000962285285,0.061823669530611525,0.13972990213823255,0.3939247208256875,186,26880.0,1.0,0.10710918618009445,0.0030720694500834065,0.10403711681670332,0.0,0.0,0.0,0.10710918618009445,0.10710918618009445,0.002730000962285285,0.061823669530611525,0.13972990213823255,0.3939247208256875,0.15412320362864643,0.25390565419389355,0.3777956912914912,0.10710918618009445,0.10710918618009445,0.002730000962285285,0.061823669530611525,0.13972990213823255,0.3939247208256875,0.15412320362864643,0.25390565419389355,0.3777956912914912,0.10710918618009445,0.0030720694500834065,0.10403711681670332,0.0,0.0,0.0,1,0,294,294
base,273,273,101.88426756858826,2.9654625589913163e-05,0.08250246865627094,0.07745418563867226,0.004634076016994878,0.0728201099122182,0.002753318916273932,4.766958081123666e-05,0.0,2.2016080916557226e-07,0.0003405099555342896,0.007132474238025104,0.030673933876121145,3.163917599404576e-07,1.0132795529362063e-06,0.003153784801033286,0.001,0.0001,1.0,1.0,0.04200653337005876,0.06760996261723021,0.05408797074013796,0.9996936209181435,0.9176181891025641,0.08294975394621873,0.0026638378890661094,8.948103481026577e-05,0.27230459451675415,0.3753977119922638,5.0,0.1,0.0001,0.0,0.003283648836748818,0.00011971535472044846,0.009187293358338185,9.074727964834271e-05,0.009096546050829765,0.0705637156835988,0.004566015556263618,0.06599770037409587,26.624088450374767,31.444444444444443,1.0,0.0036035844693995183,0.00017494678807133433,0.17494677885984763,129.64466231093448,156.72649572649573,4.94878268534955,0.0017240913375877799,4.015282875057798e-06,0.004015282687977848,2,1e-06,32,64,32,0,1.0,0.0,9.039986610412598,9.836064338684082,9.428016662597656,0.19089579582214355,0.9938231706619263,0.5712469816207886,0.8702660202980042,0.08897887915372849,256,64,256,0,1.0,0.0,0.16613174974918365,1.480759859085083,0.7063099145889282,0.2202514410018921,0.969072699546814,-0.9621717929840088,-0.002193676307797432,0.418157696723938,288,288,0,1.0,0.0,0.14957334445689313,0.1064733678990222,0.1064733678990222,0.002784777720003052,0.06031375516065827,0.1343150250413405,0.3990322471626343,186,26880.0,1.0,0.1064733678990222,0.0033376641061275882,0.10313570388454071,0.0,0.0,0.0,0.1064733678990222,0.1064733678990222,0.002784777720003052,0.06031375516065827,0.1343150250413405,0.3990322471626343,0.14957334445689313,0.24798815881693234,0.3861827850341797,0.1064733678990222,0.1064733678990222,0.002784777720003052,0.06031375516065827,0.1343150250413405,0.3990322471626343,0.14957334445689313,0.24798815881693234,0.3861827850341797,0.1064733678990222,0.0033376641061275882,0.10313570388454071,0.0,0.0,0.0,1,0,294,294
base,274,274,103.03568816184998,2.823452943515922e-05,0.08243501472931641,0.07757380798968494,0.004715787824919909,0.0728580209498222,0.002738607022513309,2.1876468776892393e-06,0.0,2.2016240928352113e-07,0.00037146131974926294,0.006441339651922671,0.029518453388387322,3.179797274111755e-07,1.0132795500211591e-06,0.0031696644822597248,0.001,0.0001,1.0,1.0,0.04326934926211834,0.06735369174653648,0.05388295336857311,0.9996959653675047,0.9164287860576923,0.08279340440391475,0.0026539653304836945,8.464168176864887e-05,0.2722269296646118,0.37533682584762573,5.0,0.1,0.0001,0.0,0.003334479885072344,0.00012259529267973069,0.008813358779646393,8.535000264771983e-05,0.008728008494417891,0.07096378890495016,0.004651775323929122,0.06631201445164843,26.740131427080204,31.641025641025642,1.0,0.0035898104672216708,0.00016524706737453747,0.16524705927596134,129.5513417822683,156.94871794871796,4.945427998579649,0.0017181202027007428,4.036296325031224e-06,0.004036296127188919,2,1e-06,32,64,32,0,1.0,0.0,9.030818939208984,9.835434913635254,9.425642967224121,0.19257722795009613,0.9939779043197632,0.5686489343643188,0.8689627647399902,0.08988781273365021,256,64,256,0,1.0,0.0,0.16793523728847504,1.4264400005340576,0.7083346247673035,0.21544060111045837,0.9747962355613708,-0.969637930393219,-0.0034576081670820713,0.41628462076187134,288,288,0,1.0,0.0,0.15559808937932856,0.10630197997422929,0.10630197997422929,0.002753599358603675,0.06257820248313409,0.1455227262791126,0.4029569774866104,186,26880.0,1.0,0.10630197997422929,0.0033182983306494166,0.10298368112838015,0.0,0.0,0.0,0.10630197997422929,0.10630197997422929,0.002753599358603675,0.06257820248313409,0.1455227262791126,0.4029569774866104,0.15559808937932856,0.25921701095117033,0.38827956043263917,0.10630197997422929,0.10630197997422929,0.002753599358603675,0.06257820248313409,0.1455227262791126,0.4029569774866104,0.15559808937932856,0.25921701095117033,0.38827956043263917,0.10630197997422929,0.0033182983306494166,0.10298368112838015,0.0,0.0,0.0,1,0,294,294
base,275,275,102.82548093795776,2.6866715986911168e-05,0.081984323505153,0.07729530038359837,0.004683409899604531,0.0726118908287623,0.0027337375546718,2.0814560051275115e-05,0.0,2.2017688577190523e-07,0.0003181161870656007,0.005526216513612586,0.027630123094870493,3.1189535078471875e-07,1.0132795451627471e-06,0.0031088207132963096,0.001,0.0001,1.0,1.0,0.04197253590911372,0.06762479933408591,0.054099839626469165,0.9996948318603711,0.9169921875,0.08268658663982,0.002645693765157181,8.80437917067345e-05,0.2722582519054413,0.37537717819213867,5.0,0.1,0.0001,0.0,0.0033205886745554768,0.00012128201430260739,0.008937548368405074,9.212027598395306e-05,0.008845428371021891,0.0705921390436144,0.0046143196946065715,0.0659778194868157,26.652277306613758,31.53846153846154,1.0,0.0035785668147489047,0.00017212940323759572,0.172129394661667,130.21799865950885,157.73504273504273,4.971634150397591,0.0017128207245204821,3.958180627219746e-06,0.003958180419400207,2,1e-06,32,64,32,0,1.0,0.0,9.035085678100586,9.833335876464844,9.427277565002441,0.1898851841688156,0.9937065243721008,0.5682852268218994,0.8695547580718994,0.08933693170547485,256,64,256,0,1.0,0.0,0.14774897694587708,1.4533076286315918,0.7071837186813354,0.21792036294937134,0.9716724157333374,-0.9736573100090027,-0.003092405619099736,0.4146801233291626,288,288,0,1.0,0.0,0.14997828078846778,0.10585213309906899,0.10585213309906899,0.002730259012946106,0.06302752547586958,0.14526759172659567,0.40053762279210553,186,26880.0,1.0,0.10585213309906899,0.0031865561242274782,0.10266557716308757,0.0,0.0,0.0,0.10585213309906899,0.10585213309906899,0.002730259012946106,0.06302752547586958,0.14526759172659567,0.40053762279210553,0.14997828078846778,0.254467337682683,0.38602149550632764,0.10585213309906899,0.10585213309906899,0.002730259012946106,0.06302752547586958,0.14526759172659567,0.40053762279210553,0.14997828078846778,0.254467337682683,0.38602149550632764,0.10585213309906899,0.0031865561242274782,0.10266557716308757,0.0,0.0,0.0,1,0,294,294
base,276,276,104.7585563659668,2.5551335241327604e-05,0.08259236984528028,0.07784104267628784,0.00482140288540982,0.07301964072717561,0.002778980065073468,2.585454947418637e-06,0.0,2.20193221817432e-07,0.0003976493278130411,0.005881356628627604,0.027625062049199373,3.337163508267447e-07,1.0132795529362063e-06,0.0033270307273293533,0.001,0.0001,1.0,1.0,0.04389725381938311,0.06768600973818037,0.0541488081535213,0.9996965522440071,0.9152456430288461,0.08340483980301099,0.0026962053325250107,8.277473076056136e-05,0.27227821946144104,0.3753790855407715,5.0,0.1,0.0001,0.0,0.003414252922177697,0.0001260581747273035,0.0087794867845682,6.675347088812254e-05,0.008712733403230324,0.07125642746050134,0.004771337781746227,0.06648509080211322,26.836161817240917,31.70940170940171,1.0,0.0036502505680466564,0.00016178130087617817,0.16178129269526556,130.95004565899188,158.22222222222223,4.981811869381391,0.0017421601059583898,3.7681610025236637e-06,0.0037681608118562615,2,1e-06,32,64,32,0,1.0,0.0,9.040661811828613,9.84432315826416,9.429510116577148,0.19154328107833862,0.9933801889419556,0.5636881589889526,0.8687973618507385,0.08971340954303741,256,64,256,0,1.0,0.0,0.16279266774654388,1.4231444597244263,0.7115639448165894,0.21528133749961853,0.9623779058456421,-0.9682873487472534,-0.003518158569931984,0.4159128963947296,288,288,0,1.0,0.0,0.14745916880827437,0.10601898266914044,0.10601898266914044,0.002780701885832117,0.05770452022652633,0.1350200163621095,0.39709676221333523,186,26880.0,1.0,0.10601898266914044,0.0032650786972148937,0.10275390395458708,0.0,0.0,0.0,0.10601898266914044,0.10601898266914044,0.002780701885832117,0.05770452022652633,0.1350200163621095,0.39709676221333523,0.14745916880827437,0.24860959536125582,0.38741934475719286,0.10601898266914044,0.10601898266914044,0.002780701885832117,0.05770452022652633,0.1350200163621095,0.39709676221333523,0.14745916880827437,0.24860959536125582,0.38741934475719286,0.10601898266914044,0.0032650786972148937,0.10275390395458708,0.0,0.0,0.0,1,0,294,294
base,277,277,101.4672303199768,2.4288531444730185e-05,0.0819101099911918,0.077181402562011,0.004689103272011201,0.0724922996173557,0.0027471240191983106,9.215828906903918e-06,0.0,2.2017735715931678e-07,0.0003356805536759955,0.005689714798449069,0.028060646870961554,3.295311908626682e-07,1.3455335219909584e-05,0.0031607585549195353,0.001,0.0001,1.0,1.0,0.04315786203767499,0.06813695612880918,0.054509564995383605,0.9996968686071217,0.9165414663461539,0.08298845175239775,0.0026630237638854827,8.410026815458217e-05,0.2722369134426117,0.3753654360771179,5.0,0.1,0.0001,0.0,0.003330380467769618,0.00012174240704257695,0.008577336103488237,7.704406992619873e-05,0.008500292005701961,0.07074840061175518,0.004631320220561555,0.06611708054939906,26.72883659754044,31.692307692307693,1.0,0.0036002926202092925,0.00016423698109733817,0.16423697349352714,130.67720390385034,158.05128205128204,4.976677122366776,0.001725754887661618,3.963554192045521e-06,0.003963554007375342,2,1e-06,32,64,32,0,1.0,0.0,9.04335880279541,9.834696769714355,9.430282592773438,0.1903008073568344,0.9932447671890259,0.572033166885376,0.8698325753211975,0.08902464807033539,256,64,256,0,1.0,0.0,0.1483226865530014,1.4454004764556885,0.7119539976119995,0.21989880502223969,0.9577070474624634,-0.9713307619094849,-0.003230244154110551,0.41367509961128235,288,288,0,1.0,0.0,0.1543930465335487,0.10657427475807514,0.10657427475807514,0.0027455850256646566,0.06147105934759302,0.13988730235285657,0.3983870853659927,186,26880.0,1.0,0.10657427475807514,0.0032220621657696492,0.10335221204985963,0.0,0.0,0.0,0.10657427475807514,0.10657427475807514,0.0027455850256646566,0.06147105934759302,0.13988730235285657,0.3983870853659927,0.1543930465335487,0.25420581909918016,0.3882795602724116,0.10657427475807514,0.10657427475807514,0.0027455850256646566,0.06147105934759302,0.13988730235285657,0.3983870853659927,0.1543930465335487,0.25420581909918016,0.3882795602724116,0.10657427475807514,0.0032220621657696492,0.10335221204985963,0.0,0.0,0.0,1,0,294,294
base,278,278,102.95348739624023,2.3078443077785645e-05,0.08177082603558516,0.07703158902561563,0.004756437570780006,0.07227515200009713,0.002755681269714593,1.2149083085803904e-05,0.0,2.201826523424122e-07,0.00038030040776510193,0.005766001390691241,0.02788887258905631,3.2544808168806304e-07,1.0132795529362063e-06,0.003244348037510346,0.001,0.0001,1.0,1.0,0.04256709680980087,0.06750634490934193,0.05400507550081636,0.9996965848482572,0.9170130542200855,0.08330263834223788,0.002670913938687653,8.476733248835056e-05,0.27227529883384705,0.375381737947464,5.0,0.1,0.0001,0.0,0.0033736178247480947,0.00012300931487897108,0.00816894698346782,8.439080407604192e-05,0.00808455623113192,0.07090487872433458,0.004693144468717977,0.06621173501778872,26.748909485645783,31.5982905982906,1.0,0.003603896094310997,0.00016498882311687837,0.16498881527501294,130.43159530509232,157.32478632478632,4.968850110857435,0.0017379317950043413,4.545841683462391e-06,0.004545841461572892,2,1e-06,32,64,32,0,1.0,0.0,9.044379234313965,9.840132713317871,9.431255340576172,0.18883225321769714,0.9935571551322937,0.5709879994392395,0.8701218962669373,0.08897203952074051,256,64,256,0,1.0,0.0,0.16331130266189575,1.5331649780273438,0.710895836353302,0.22070550918579102,0.969063401222229,-0.9732065796852112,-0.003555677365511656,0.41517093777656555,288,288,0,1.0,0.0,0.15102700847050837,0.10643246658938996,0.10643246658938996,0.00277212178929055,0.06307281333182047,0.1401678786102322,0.4035483762141197,186,26880.0,1.0,0.10643246658938996,0.0033312054360879863,0.10310126096010208,0.0,0.0,0.0,0.10643246658938996,0.10643246658938996,0.00277212178929055,0.06307281333182047,0.1401678786102322,0.4035483762141197,0.15102700847050837,0.2500272468934136,0.3853225727235117,0.10643246658938996,0.10643246658938996,0.00277212178929055,0.06307281333182047,0.1401678786102322,0.4035483762141197,0.15102700847050837,0.2500272468934136,0.3853225727235117,0.10643246658938996,0.0033312054360879863,0.10310126096010208,0.0,0.0,0.0,1,0,294,294
base,279,279,104.67320489883423,2.1921202840320064e-05,0.08224035589358746,0.07754261581561504,0.004800635621819295,0.0727419811181533,0.002745985710181487,6.495174975731434e-06,0.0,2.2018750370958344e-07,0.0005687264276535938,0.005638131667843932,0.027621217247130524,3.289198787601152e-07,1.0132795412760177e-06,0.003279066000344693,0.001,0.0001,1.0,1.0,0.0453131382759565,0.06756272061895101,0.05405017633277636,0.9996961125960717,0.9150265424679487,0.08290825714158197,0.0026634373467288213,8.254836572251585e-05,0.27230092883110046,0.37539923191070557,5.0,0.1,0.0001,0.0,0.003409566316936706,0.00012483266839567517,0.009156649948185326,8.077885255090192e-05,0.009075871899596646,0.07067512835447605,0.004740051484396124,0.06593507719345582,26.847317638560238,31.803418803418804,1.0,0.00360414033365619,0.00016108691575688223,0.1610869077535776,130.58886203602847,158.54700854700855,4.978318502039303,0.0017227343518414304,4.009815553328549e-06,0.004009815362783579,2,1e-06,32,64,32,0,1.0,0.0,9.041457176208496,9.838164329528809,9.431951522827148,0.18966960906982422,0.9938952326774597,0.5641472339630127,0.8699394464492798,0.08933401852846146,256,64,256,0,1.0,0.0,0.16135244071483612,1.3867019414901733,0.7095857262611389,0.21915194392204285,0.9676750898361206,-0.964457094669342,-0.0034491228871047497,0.41536960005760193,288,288,0,1.0,0.0,0.15703452210272512,0.10579589342183256,0.10579589342183256,0.0027436273707512845,0.06568136740405793,0.14547849496105505,0.39758063451216746,186,26880.0,1.0,0.10579589342183256,0.003097036509140533,0.10269885621172317,0.0,0.0,0.0,0.10579589342183256,0.10579589342183256,0.0027436273707512845,0.06568136740405793,0.14547849496105505,0.39758063451216746,0.15703452210272512,0.2564522467793957,0.3854838608093159,0.10579589342183256,0.10579589342183256,0.0027436273707512845,0.06568136740405793,0.14547849496105505,0.39758063451216746,0.15703452210272512,0.2564522467793957,0.3854838608093159,0.10579589342183256,0.003097036509140533,0.10269885621172317,0.0,0.0,0.0,1,0,294,294
base,280,280,101.45236086845398,2.081693763676623e-05,0.08124111675553852,0.07658543026982209,0.004633439698805794,0.07195199099488747,0.0027449070854096585,2.3752478803070182e-05,0.0,2.202140871174231e-07,0.00035687602976210663,0.005290921398390753,0.02715172916332371,3.124475767192148e-07,1.0132795519645238e-06,0.0031143429702293114,0.001,0.0001,1.0,1.0,0.04198318434099101,0.06755990216619948,0.05404792168838346,0.9996922831250052,0.9177851228632479,0.08288543416648848,0.0026560145665087504,8.88925208442727e-05,0.2723041772842407,0.37539809942245483,5.0,0.1,0.0001,0.0,0.003295451309880178,0.00011982796779473295,0.007886173123987312,7.626499073245586e-05,0.0078099079621143834,0.07067080055419196,0.004576240956751455,0.06609456002330169,26.614347922496307,31.427350427350426,1.0,0.0035903394325739807,0.00017349616261612042,0.17349615463843712,128.77515774099237,156.25641025641025,4.93105416934718,0.0017216897372586222,4.288879435469807e-06,0.004288879215207874,2,1e-06,32,64,32,0,1.0,0.0,9.042421340942383,9.841023445129395,9.432140350341797,0.18904919922351837,0.9939936995506287,0.5685877799987793,0.8703462481498718,0.0890062227845192,256,64,256,0,1.0,0.0,0.16883619129657745,1.4132713079452515,0.7150382995605469,0.2247101217508316,0.9601380228996277,-0.9564397931098938,-0.0032532333862036467,0.4157494902610779,288,288,0,1.0,0.0,0.1495665821937784,0.10580796526467547,0.10580796526467547,0.0027838726082143,0.061717904550874586,0.1401863980096995,0.40166665589617145,186,26880.0,1.0,0.10580796526467547,0.0033014847926716223,0.10250648142809564,0.0,0.0,0.0,0.10580796526467547,0.10580796526467547,0.0027838726082143,0.061717904550874586,0.1401863980096995,0.40166665589617145,0.1495665821937784,0.24885341272719444,0.3860214964676929,0.10580796526467547,0.10580796526467547,0.0027838726082143,0.061717904550874586,0.1401863980096995,0.40166665589617145,0.1495665821937784,0.24885341272719444,0.3860214964676929,0.10580796526467547,0.0033014847926716223,0.10250648142809564,0.0,0.0,0.0,1,0,294,294
base,281,281,101.74107623100281,1.9765768562247723e-05,0.08142484960138288,0.07668527718792614,0.004702023678244307,0.0719832540768334,0.002754654930347306,2.2016684564515057e-05,0.0,2.201782024015216e-07,0.00042098708439118485,0.005806967347927997,0.02763688686884876,3.1764307168603597e-07,1.0132795441910648e-06,0.003166297922292963,0.001,0.0001,1.0,1.0,0.04366361130124483,0.06813695625616954,0.054509565234184265,0.9996968762487428,0.9167835202991453,0.08300083620935424,0.0026688412743278295,8.58136557240853e-05,0.27231109142303467,0.37539583444595337,5.0,0.1,0.0001,0.0,0.0033345450786475698,0.0001207802190784162,0.008473597021184416,0.00011133598800525707,0.008362260893878773,0.07033007961307836,0.004618521686245361,0.06571155834274414,26.691860247880985,31.65811965811966,1.0,0.003611781920951146,0.00016755870863438075,0.16755870061042982,129.71420731503738,156.55555555555554,4.9345494536053485,0.0017259006535745838,4.0686030678848e-06,0.0040686028635399975,2,1e-06,32,64,32,0,1.0,0.0,9.044790267944336,9.83920669555664,9.43232250213623,0.18845577538013458,0.9937993288040161,0.5647234916687012,0.869903564453125,0.0894213393330574,256,64,256,0,1.0,0.0,0.1913553923368454,1.497954249382019,0.7136708498001099,0.22637175023555756,0.9593055844306946,-0.9654350280761719,-0.002663681283593178,0.4149678647518158,288,288,0,1.0,0.0,0.1490083343840094,0.10634282294740068,0.10634282294740068,0.002792820071880805,0.05843771920008685,0.13620154082935343,0.4005376225517642,186,26880.0,1.0,0.10634282294740068,0.003271203574803757,0.10307161969707367,0.0,0.0,0.0,0.10634282294740068,0.10634282294740068,0.002792820071880805,0.05843771920008685,0.13620154082935343,0.4005376225517642,0.1490083343840094,0.25119457938658296,0.38650536649329686,0.10634282294740068,0.10634282294740068,0.002792820071880805,0.05843771920008685,0.13620154082935343,0.4005376225517642,0.1490083343840094,0.25119457938658296,0.38650536649329686,0.10634282294740068,0.003271203574803757,0.10307161969707367,0.0,0.0,0.0,1,0,294,294
base,282,282,101.1107771396637,1.876781088929913e-05,0.08093757908313702,0.07624009267514588,0.004649542427311341,0.07159055148561795,0.002742769700100916,3.811614747103463e-06,0.0,2.2022523073526548e-07,0.00039585498213239425,0.005780924148917294,0.027449210707703207,3.1257383747605025e-07,1.0132795607096652e-06,0.0031156055773528786,0.001,0.0001,1.0,1.0,0.04317107740948852,0.06768601002474116,0.05414880816944134,0.9996965496968,0.9173302283653846,0.08305390548502278,0.002659396799758841,8.337289017439088e-05,0.2723829746246338,0.3754425346851349,5.0,0.1,0.0001,0.0,0.003316775135473054,0.00012003663525522118,0.007500244511498345,7.117269003493154e-05,0.007429071980663854,0.07061490938704237,0.004596162909785142,0.06601874750012006,26.80666124718821,31.65811965811966,1.0,0.0035906660382468733,0.00016273951228075207,0.16273950511573726,129.31871978238098,155.8803418803419,4.914264999255267,0.001728127555300792,4.006267803732075e-06,0.004006267612815922,2,1e-06,32,64,32,0,1.0,0.0,9.046618461608887,9.835952758789062,9.433406829833984,0.1885778158903122,0.9941401481628418,0.5689260959625244,0.8710987567901611,0.08860090374946594,256,64,256,0,1.0,0.0,0.17507362365722656,1.6271368265151978,0.7130884528160095,0.22117169201374054,0.9481366872787476,-0.983605146408081,-0.002706970553845167,0.41371455788612366,288,288,0,1.0,0.0,0.14973280514760684,0.10556980571214189,0.10556980571214189,0.002764557215801262,0.06078712857498597,0.13896098035958507,0.4024193433503951,186,26880.0,1.0,0.10556980571214189,0.0034012395239613473,0.10216856462524292,0.0,0.0,0.0,0.10556980571214189,0.10556980571214189,0.002764557215801262,0.06078712857498597,0.13896098035958507,0.4024193433503951,0.14973280514760684,0.24984327339196719,0.38865590383929594,0.10556980571214189,0.10556980571214189,0.002764557215801262,0.06078712857498597,0.13896098035958507,0.4024193433503951,0.14973280514760684,0.24984327339196719,0.38865590383929594,0.10556980571214189,0.0034012395239613473,0.10216856462524292,0.0,0.0,0.0,1,0,294,294
base,283,283,102.3842339515686,1.7823174055225262e-05,0.08132829217829256,0.07664222827451861,0.004700939927218307,0.07194128852242078,0.0027548025489553935,2.588656866270253e-06,0.0,2.2025682936021664e-07,0.0004863088345326233,0.005651125684380531,0.027263933824550394,3.14779841653101e-07,1.013279547106112e-06,0.0031376656231422648,0.001,0.0001,1.0,1.0,0.042654203664925366,0.06756272052343075,0.05405017650789685,0.9996961151432787,0.9168461204594017,0.08309221917237991,0.0026730445977778006,8.175796499880306e-05,0.2723960280418396,0.37545347213745117,5.0,0.1,0.0001,0.0,0.0033420599622922577,0.00012147412037762463,0.008332713037474543,8.714617564319036e-05,0.00824556671656095,0.07039269368745323,0.0046355802979734205,0.06575711329395954,26.868797938028973,31.726495726495727,1.0,0.0036159281770133563,0.00015934713429355453,0.15934712662656084,130.49876273391592,158.23076923076923,4.980065120631028,0.001730161025507264,4.1687959343403045e-06,0.0041687957242003875,2,1e-06,32,64,32,0,1.0,0.0,9.047745704650879,9.839375495910645,9.434650421142578,0.18883216381072998,0.9932538270950317,0.5671114921569824,0.871218204498291,0.08858095109462738,256,64,256,0,1.0,0.0,0.1589033156633377,1.4569602012634277,0.7131922245025635,0.22434164583683014,0.9502472877502441,-0.9705998301506042,-0.003435945836827159,0.4135059118270874,288,288,0,1.0,0.0,0.15674502795101494,0.10539831775934139,0.10539831775934139,0.0026899880154969843,0.06569164613842644,0.14491252279690198,0.40247310714055134,186,26880.0,1.0,0.10539831775934139,0.0031559959207562373,0.10224232251973862,0.0,0.0,0.0,0.10539831775934139,0.10539831775934139,0.0026899880154969843,0.06569164613842644,0.14491252279690198,0.40247310714055134,0.15674502795101494,0.2561872302284164,0.38779568912521484,0.10539831775934139,0.10539831775934139,0.0026899880154969843,0.06569164613842644,0.14491252279690198,0.40247310714055134,0.15674502795101494,0.2561872302284164,0.38779568912521484,0.10539831775934139,0.0031559959207562373,0.10224232251973862,0.0,0.0,0.0,1,0,294,294
base,284,284,100.15356922149658,1.693196165010003e-05,0.0815663075981996,0.07680426939175679,0.004644480110026705,0.07215978991654184,0.0027518574224036727,8.458219882514742e-06,0.0,2.202627590519021e-07,0.00028854973647750553,0.005960689007869771,0.02810620425794369,3.1420209668252795e-07,1.0132795500211591e-06,0.0031318881839481937,0.001,0.0001,1.0,1.0,0.041623218796956234,0.06813695647905016,0.05450956521826422,0.9996968691165631,0.9174491686698718,0.08311941602036484,0.0026681689410191826,8.368848719903761e-05,0.27239611744880676,0.3754487931728363,5.0,0.1,0.0001,0.0,0.003309756479600174,0.00011914897152012747,0.008538502913254958,9.123082710509626e-05,0.008447271891129322,0.07040039227049574,0.004576056990692886,0.06582433606187503,26.759873072306316,31.60683760683761,1.0,0.0036047077419347744,0.00016310231002822766,0.1631023027958014,128.30639077863123,155.45299145299145,4.905385613644792,0.0017316301560236348,4.2746639763162166e-06,0.004274663762149648,2,1e-06,32,64,32,0,1.0,0.0,9.047889709472656,9.836492538452148,9.432992935180664,0.18809515237808228,0.9936397671699524,0.5664938688278198,0.871080219745636,0.08868718147277832,256,64,256,0,1.0,0.0,0.15479975938796997,1.5478630065917969,0.7106850147247314,0.22308741509914398,0.9674957990646362,-0.9458328485488892,-0.0034558826591819525,0.4123125672340393,288,288,0,1.0,0.0,0.15463052537812982,0.10597713735509426,0.10597713735509426,0.002754469416995949,0.061637499334631106,0.13978747381598397,0.4024731069803238,186,26880.0,1.0,0.10597713735509426,0.003164043673561846,0.1028130940617399,0.0,0.0,0.0,0.10597713735509426,0.10597713735509426,0.002754469416995949,0.061637499334631106,0.13978747381598397,0.4024731069803238,0.15463052537812982,0.25430770458713653,0.3888171951296509,0.10597713735509426,0.10597713735509426,0.002754469416995949,0.061637499334631106,0.13978747381598397,0.4024731069803238,0.15463052537812982,0.25430770458713653,0.3888171951296509,0.10597713735509426,0.003164043673561846,0.1028130940617399,0.0,0.0,0.0,1,0,294,294
base,285,285,101.42115473747253,1.6094271405406855e-05,0.08252719757903336,0.07788108438890204,0.004645275722186153,0.07323580938908789,0.0027647628309603175,3.706409126265436e-06,0.0,2.2027494164112252e-07,0.0003686950650095216,0.00528635942719431,0.026973160556875743,3.117555871500551e-07,1.0132795539078886e-06,0.003107423084175103,0.001,0.0001,1.0,1.0,0.042889782203695714,0.0678638746150029,0.054291099978563115,0.9996964315063933,0.9183547843215812,0.08337668367685416,0.0026802383960248567,8.452443676999706e-05,0.27239203453063965,0.37545862793922424,5.0,0.1,0.0001,0.0,0.003309909012526847,0.00012074544158680603,0.009281850268698147,6.0913411693440546e-05,0.009220936868944738,0.07091969662369826,0.00459959066242107,0.06632010686473969,26.729932279668304,31.641025641025642,1.0,0.00361874672329515,0.0001648365958426128,0.16483658806890503,129.40704847808578,156.05982905982907,4.920794489468015,0.0017417300896496219,4.212277744507944e-06,0.004212277567284739,2,1e-06,32,64,32,0,1.0,0.0,9.043781280517578,9.841226577758789,9.435471534729004,0.18938694894313812,0.9937992691993713,0.5687224864959717,0.8708297610282898,0.08817581832408905,256,64,256,0,1.0,0.0,0.15384691953659058,1.4753122329711914,0.7166759967803955,0.22111248970031738,0.9467881917953491,-0.959839940071106,-0.003484733635559678,0.40996530652046204,288,288,0,1.0,0.0,0.14641375843715923,0.10612706855890598,0.10612706855890598,0.0027970044348547434,0.059055809695173496,0.13512001217653355,0.39887095723421345,186,26880.0,1.0,0.10612706855890598,0.0033176745550627723,0.10280939413512007,0.0,0.0,0.0,0.10612706855890598,0.10612706855890598,0.0027970044348547434,0.059055809695173496,0.13512001217653355,0.39887095723421345,0.14641375843715923,0.24470672844558633,0.3850537540130718,0.10612706855890598,0.10612706855890598,0.0027970044348547434,0.059055809695173496,0.13512001217653355,0.39887095723421345,0.14641375843715923,0.24470672844558633,0.3850537540130718,0.10612706855890598,0.0033176745550627723,0.10280939413512007,0.0,0.0,0.0,1,0,294,294
base,286,286,101.23168206214905,1.5310195183320773e-05,0.08156551675409333,0.07683052947251205,0.004642720832728231,0.07218780887559947,0.0027589173609406776,1.8123796002732383e-06,0.0008160172619371333,2.202677258063552e-07,0.00043863104090382295,0.005651634255161461,0.027358792308304045,3.1075354607885384e-07,1.0132795441910648e-06,0.0030974026627114248,0.001,0.0001,1.0,1.0,0.043445346590418085,0.06752485393458961,0.05401988302031134,0.9996958507431878,0.9174095219017094,0.08325133122440077,0.002678529540490773,8.038781511731163e-05,0.2722862660884857,0.3754277229309082,5.0,0.1,0.0001,0.0,0.00329700696359699,0.00011968223267243817,0.008413452368516188,8.997907782467002e-05,0.008323473043930836,0.0705204402598051,0.0045752365263497345,0.06594520428369188,26.952571445041233,31.64957264957265,1.0,0.0036203792680882746,0.00015674235172864274,0.1567423445546729,129.33176901401617,156.30769230769232,4.922728352895361,0.0017366797850331944,4.033278389378654e-06,0.004033278196285932,2,1e-06,32,64,32,0,1.0,0.0,9.0458984375,9.844359397888184,9.43557357788086,0.19002482295036316,0.993767261505127,0.5647153854370117,0.8710947036743164,0.08853853493928909,256,64,256,0,1.0,0.0,0.17219670116901398,1.4300227165222168,0.7182953357696533,0.2225988507270813,0.9664533138275146,-0.9753916263580322,-0.0030133139807730913,0.41233745217323303,288,288,0,1.0,0.0,0.14583252384377424,0.10668109024458743,0.10668109024458743,0.0027773629705560333,0.05486202862874795,0.12876924196438444,0.3999999896172554,186,26880.0,1.0,0.10668109024458743,0.003235311851777295,0.10344577707508777,0.0,0.0,0.0,0.10668109024458743,0.10668109024458743,0.0027773629705560333,0.05486202862874795,0.12876924196438444,0.3999999896172554,0.14583252384377424,0.24240126432750814,0.3853225714416914,0.10668109024458743,0.10668109024458743,0.0027773629705560333,0.05486202862874795,0.12876924196438444,0.3999999896172554,0.14583252384377424,0.24240126432750814,0.3853225714416914,0.10668109024458743,0.003235311851777295,0.10344577707508777,0.0,0.0,0.0,1,0,294,294
base,287,287,102.46104454994202,1.4579818966635417e-05,0.08249007725817525,0.07782489074091627,0.004668748039059723,0.07315614329189317,0.0027530055341875963,1.025866143978559e-05,0.0,2.202253956783484e-07,0.00040015729540693085,0.005311211435777,0.027408963929002102,3.1301682564831066e-07,1.013279554879571e-06,0.0031200354629291748,0.001,0.0001,1.0,1.0,0.04285334299008051,0.067535378325444,0.054028302590307005,0.9996957391755193,0.917793469551282,0.08319878374409471,0.002670965937531402,8.203959735580541e-05,0.27229300141334534,0.3754428029060364,5.0,0.1,0.0001,0.0,0.0033063274334606705,0.00012117436842974991,0.009898994213495499,9.045696172576684e-05,0.009808537287589831,0.07040064482607393,0.004600905318760401,0.0657997403262008,26.869327023498013,31.641025641025642,1.0,0.003607925511180208,0.00015965198594146472,0.15965197840307513,128.69089361337515,155.9145299145299,4.9071575452623835,0.0017340063728376203,4.42720904416053e-06,0.004427208859696347,2,1e-06,32,64,32,0,1.0,0.0,9.055768966674805,9.83801555633545,9.437434196472168,0.1879962980747223,0.9938114285469055,0.5784736275672913,0.8726425170898438,0.08754918724298477,256,64,256,0,1.0,0.0,0.1957203596830368,1.4220815896987915,0.71396803855896,0.22229300439357758,0.9520739316940308,-0.9675435423851013,-0.0033073651138693094,0.411269873380661,288,288,0,1.0,0.0,0.1537082849210629,0.10587717069590345,0.10587717069590345,0.0027135539542328803,0.0628107219824307,0.14284997684780948,0.3990860108726768,186,26880.0,1.0,0.10587717069590345,0.0031913442319219418,0.10268582689001206,0.0,0.0,0.0,0.10587717069590345,0.10587717069590345,0.0027135539542328803,0.0628107219824307,0.14284997684780948,0.3990860108726768,0.1537082849210629,0.2542692732506542,0.38784945155343703,0.10587717069590345,0.10587717069590345,0.0027135539542328803,0.0628107219824307,0.14284997684780948,0.3990860108726768,0.1537082849210629,0.2542692732506542,0.38784945155343703,0.10587717069590345,0.0031913442319219418,0.10268582689001206,0.0,0.0,0.0,1,0,294,294
base,288,288,100.46754789352417,1.3903222849333505e-05,0.08174036844418599,0.07703001577502643,0.004609694190991995,0.07242032197805551,0.0027462320569425058,2.4062999261495395e-05,0.0,2.2025329899523245e-07,0.00029272967592571816,0.005522883793689374,0.027748720959211007,3.042415747026658e-07,1.0132795490494766e-06,0.0030322829510172843,0.001,0.0001,1.0,1.0,0.04130623831899247,0.06746308158478166,0.053970465181857094,0.999696277655088,0.9180250901442307,0.08319227798626973,0.00266487847488278,8.135357128571157e-05,0.272297203540802,0.3754536807537079,5.0,0.1,0.0001,0.0,0.003286969609176501,0.00011891049529305405,0.00850403487172901,6.845112070122846e-05,0.008435583776897855,0.07065198968490984,0.004558355849968572,0.06609363408170195,26.945103441548145,31.615384615384617,1.0,0.0035956023523631767,0.0001586526284679874,0.1586526214567005,129.89265640780457,156.32478632478632,4.927815880304756,0.0017341545974023831,4.0545139576834036e-06,0.004054513751951038,2,1e-06,32,64,32,0,1.0,0.0,9.04947566986084,9.846012115478516,9.437788009643555,0.18851229548454285,0.9937065243721008,0.5678309202194214,0.8717228770256042,0.08823879808187485,256,64,256,0,1.0,0.0,0.15633469820022583,1.4800037145614624,0.7137085199356079,0.22275550663471222,0.9751449823379517,-0.9586085081100464,-0.0030445167794823647,0.4148915410041809,288,288,0,1.0,0.0,0.1514257113699631,0.10632991632248492,0.10632991632248492,0.0028251376191273016,0.061360756426008155,0.1381382205954162,0.3976881605803326,186,26880.0,1.0,0.10632991632248492,0.0033284085728426246,0.10300150767285773,0.0,0.0,0.0,0.10632991632248492,0.10632991632248492,0.0028251376191273016,0.061360756426008155,0.1381382205954162,0.3976881605803326,0.1514257113699631,0.25033489494554456,0.38333332410422705,0.10632991632248492,0.10632991632248492,0.0028251376191273016,0.061360756426008155,0.1381382205954162,0.3976881605803326,0.1514257113699631,0.25033489494554456,0.38333332410422705,0.10632991632248492,0.0033284085728426246,0.10300150767285773,0.0,0.0,0.0,1,0,294,294
base,289,289,102.39129090309143,1.3280481027803759e-05,0.08171110402824533,0.07701248217087525,0.00469602015402773,0.07231646339990135,0.00278748970072812,1.1942759315427553e-05,0.0,2.2027486682157974e-07,0.00031190553946276056,0.005558418041357818,0.026860087154767454,3.123689439759731e-07,1.013279547106112e-06,0.003113556656743694,0.001,0.0001,1.0,1.0,0.04254098667994014,0.06746308142558122,0.053970465006736607,0.9996962791834122,0.9170026208600427,0.08375321825345357,0.0027058942892198633,8.159541775811758e-05,0.2723080813884735,0.37546563148498535,5.0,0.1,0.0001,0.0,0.0033281171777978158,0.00012142775027998265,0.008574539524877174,0.00010158616301213574,0.008472953341964982,0.07058157765457773,0.004619830532763631,0.06596174832974744,26.88855379870814,31.700854700854702,1.0,0.003654245784681322,0.00015930162734525182,0.15930161924443692,129.63859336396567,156.33333333333334,4.918834361251963,0.0017575428126634569,3.8892083395702275e-06,0.0038892081660083216,2,1e-06,32,64,32,0,1.0,0.0,9.052302360534668,9.840106964111328,9.437676429748535,0.18832530081272125,0.993701696395874,0.5717654824256897,0.8719872832298279,0.08797675371170044,256,64,256,0,1.0,0.0,0.19613702595233917,1.4592753648757935,0.7170441150665283,0.22135554254055023,0.960146427154541,-0.9661333560943604,-0.0033826278522610664,0.41265225410461426,288,288,0,1.0,0.0,0.15358820104951498,0.10605929490733654,0.10605929490733654,0.0027280387646974403,0.061898721051552606,0.1413532496399937,0.39677418367837064,186,26880.0,1.0,0.10605929490733654,0.003242358099669218,0.10281693618348305,0.0,0.0,0.0,0.10605929490733654,0.10605929490733654,0.0027280387646974403,0.061898721051552606,0.1413532496399937,0.39677418367837064,0.15358820104951498,0.2562217523333847,0.3847311735153198,0.10605929490733654,0.10605929490733654,0.0027280387646974403,0.061898721051552606,0.1413532496399937,0.39677418367837064,0.15358820104951498,0.2562217523333847,0.3847311735153198,0.10605929490733654,0.003242358099669218,0.10281693618348305,0.0,0.0,0.0,1,0,294,294
base,290,290,101.08493733406067,1.271166179270472e-05,0.08209757035614079,0.07734635106136656,0.004649175401641709,0.07269717721093415,0.002757825516562304,1.2385895730465905e-05,0.0,2.2026847813143303e-07,0.0004506739756430357,0.005836949210104524,0.02793909642749872,3.1273784361425515e-07,1.0132795441910648e-06,0.003117245659789341,0.001,0.0001,1.0,1.0,0.04381030603733837,0.06813695606512901,0.054509565106823914,0.9996968716637701,0.9172092013888888,0.08321228578814074,0.0026752727969875955,8.255271416438075e-05,0.2723223567008972,0.37547627091407776,5.0,0.1,0.0001,0.0,0.0033040758606412597,0.00012002173019175092,0.009341539480747322,9.609362842817591e-05,0.009245445076217,0.0703401966418466,0.004577105179325574,0.06576309327641104,26.851861122326973,31.683760683760685,1.0,0.0036153342041513347,0.00016039808760357337,0.1603980797987718,127.58452521430121,154.11111111111111,4.85336712760934,0.0017352113888288538,4.7073407023536e-06,0.004707340501312517,2,1e-06,32,64,32,0,1.0,0.0,9.052873611450195,9.84070110321045,9.439596176147461,0.18822188675403595,0.9935548305511475,0.5716571807861328,0.8716993927955627,0.0878777727484703,256,64,256,0,1.0,0.0,0.16983889043331146,1.4719533920288086,0.7225658893585205,0.21967417001724243,0.9479299783706665,-0.9350758194923401,-0.0032402104698121548,0.414842814207077,288,288,0,1.0,0.0,0.1521688253488592,0.10638017159827212,0.10638017159827212,0.002840876846792216,0.05933000811535905,0.13577590089651845,0.3987634300544698,186,26880.0,1.0,0.10638017159827212,0.003297941169721332,0.10308223027498165,0.0,0.0,0.0,0.10638017159827212,0.10638017159827212,0.002840876846792216,0.05933000811535905,0.13577590089651845,0.3987634300544698,0.1521688253488592,0.25044877310433694,0.3841935391387632,0.10638017159827212,0.10638017159827212,0.002840876846792216,0.05933000811535905,0.13577590089651845,0.3987634300544698,0.1521688253488592,0.25044877310433694,0.3841935391387632,0.10638017159827212,0.003297941169721332,0.10308223027498165,0.0,0.0,0.0,1,0,294,294
base,291,291,103.31825256347656,1.21968275214754e-05,0.08158621230186561,0.07689854935703115,0.004748963151907182,0.07214958669665532,0.00277042257376652,6.589921127654548e-06,0.0,2.2027877674999115e-07,0.00031933781642342533,0.005458375880829034,0.027289001430329096,3.310112904307419e-07,1.235744222175814e-05,0.0031865384687398933,0.001,0.0001,1.0,1.0,0.04264986737925782,0.06768600996106099,0.05414880799432086,0.9996965466401516,0.9161032652243589,0.08347462283240424,0.002686589506542326,8.383307359843022e-05,0.27232804894447327,0.3754894733428955,5.0,0.1,0.0001,0.0,0.00336792127828265,0.00012355251201992141,0.00825601867121509,8.480786146898555e-05,0.008171210941086467,0.0707065351625793,0.004685357256800446,0.06602117874556118,26.775273347512268,31.752136752136753,1.0,0.003626977437788732,0.00016377912144003532,0.16377911404666737,128.77270556718875,156.0,4.902933694309141,0.0017462015882309559,3.887025924926163e-06,0.0038870257190150074,2,1e-06,32,64,32,0,1.0,0.0,9.051887512207031,9.83995246887207,9.43850326538086,0.1886264979839325,0.9928880929946899,0.5697550177574158,0.8719147443771362,0.08794808387756348,256,64,256,0,1.0,0.0,0.17847804725170135,1.523898959159851,0.7185689210891724,0.22474247217178345,0.9529915452003479,-0.9657256603240967,-0.0036793574690818787,0.41197988390922546,288,288,0,1.0,0.0,0.1504447297243181,0.10627452363359167,0.10627452363359167,0.0027999740559607744,0.061167656691865094,0.1393523372669694,0.40016127914510746,186,26880.0,1.0,0.10627452363359167,0.0032683746453295364,0.10300614827490867,0.0,0.0,0.0,0.10627452363359167,0.10627452363359167,0.0027999740559607744,0.061167656691865094,0.1393523372669694,0.40016127914510746,0.1504447297243181,0.2500652688084751,0.38698923764049364,0.10627452363359167,0.10627452363359167,0.0027999740559607744,0.061167656691865094,0.1393523372669694,0.40016127914510746,0.1504447297243181,0.2500652688084751,0.38698923764049364,0.10627452363359167,0.0032683746453295364,0.10300614827490867,0.0,0.0,0.0,1,0,294,294
base,292,292,102.54366517066956,1.1736034671495336e-05,0.08170700818300247,0.07680194783541891,0.004670213860694447,0.07213173472346404,0.0028104806283059027,8.73633847436589e-05,0.0,2.2030730558740328e-07,0.0004366094167885927,0.006067724041760159,0.028001705678100258,3.154387220715121e-07,1.0132795519645238e-06,0.003144254439070614,0.001,0.0001,1.0,1.0,0.04396511882177403,0.06762479965248679,0.054099839499108814,0.999694832879254,0.9179562299679487,0.08404964915452859,0.0027230724047582885,8.74082245581642e-05,0.2723497152328491,0.37550100684165955,5.0,0.1,0.0001,0.0,0.0033074934505678425,0.00012099054284535824,0.00813674646565038,9.134680860572391e-05,0.008045399800325051,0.07069938798618113,0.004601703754240153,0.0660976850005806,26.621686104016426,31.47008547008547,1.0,0.0036752369756308887,0.00017040589731410504,0.17040588916876379,127.04045903784598,153.7094017094017,4.854169697099341,0.0017709078557757486,4.410552376001815e-06,0.004410552163409372,2,1e-06,32,64,32,0,1.0,0.0,9.052263259887695,9.842524528503418,9.440624237060547,0.1882532238960266,0.9933006763458252,0.5692313313484192,0.8715959787368774,0.08812587708234787,256,64,256,0,1.0,0.0,0.16153113543987274,1.3114737272262573,0.7169980406761169,0.2169286608695984,0.9645792841911316,-0.9553805589675903,-0.0035689177457243204,0.4100009500980377,288,288,0,1.0,0.0,0.15464072197835932,0.10608780320654525,0.10608780320654525,0.0027724201790988445,0.06404682272864927,0.1459248832236695,0.4024731066598687,186,26880.0,1.0,0.10608780320654525,0.003222847273176972,0.1028649553339532,0.0,0.0,0.0,0.10608780320654525,0.10608780320654525,0.0027724201790988445,0.06404682272864927,0.1459248832236695,0.4024731066598687,0.15464072197835932,0.2574080014901777,0.38677418392191654,0.10608780320654525,0.10608780320654525,0.0027724201790988445,0.06404682272864927,0.1459248832236695,0.4024731066598687,0.15464072197835932,0.2574080014901777,0.38677418392191654,0.10608780320654525,0.003222847273176972,0.1028649553339532,0.0,0.0,0.0,1,0,294,294
base,293,293,103.94116449356079,1.1329333773893242e-05,0.08161348855903006,0.07687672240357114,0.004769147337915806,0.07210757557907675,0.002783777341485406,3.336886994731732e-06,0.0006999745965003967,2.2030505091991543e-07,0.00029381505005286995,0.005490790260557691,0.027304467355084214,3.2093738836113744e-07,1.0132795451627471e-06,0.0031992410962334555,0.001,0.0001,1.0,1.0,0.042027942756684415,0.06734867414666547,0.05387894013243863,0.9996959740280086,0.9161470853365384,0.08370371519500373,0.002698899985044303,8.487735661211857e-05,0.27227768301963806,0.37549614906311035,5.0,0.1,0.0001,0.0,0.0033794257015738096,0.0001237164648885552,0.008170885917467948,9.231878699273126e-05,0.008078567237935515,0.07074855790179,0.004699908244686249,0.06604865034166564,26.694860164935772,31.60683760683761,1.0,0.0036427755183420884,0.00016556314063237575,0.16556313302781847,129.31572755992923,156.57264957264957,4.934850204948926,0.001755024478611592,4.191572044804231e-06,0.004191571830684303,2,1e-06,32,64,32,0,1.0,0.0,9.052657127380371,9.847034454345703,9.440629959106445,0.18927064538002014,0.9939409494400024,0.5655627250671387,0.8708428144454956,0.08862807601690292,256,64,256,0,1.0,0.0,0.19020304083824158,1.598160743713379,0.7158759236335754,0.218943253159523,0.9632525444030762,-0.9757087826728821,-0.0035395873710513115,0.41109025478363037,288,288,0,1.0,0.0,0.15546974371517858,0.1056820384048401,0.1056820384048401,0.0027891779021221273,0.06488568281694766,0.14261847830587818,0.39940859193122513,186,26880.0,1.0,0.1056820384048401,0.003180987850584565,0.10250105043040945,0.0,0.0,0.0,0.1056820384048401,0.1056820384048401,0.0027891779021221273,0.06488568281694766,0.14261847830587818,0.39940859193122513,0.15546974371517858,0.2551198384213832,0.38698923748026615,0.1056820384048401,0.1056820384048401,0.0027891779021221273,0.06488568281694766,0.14261847830587818,0.39940859193122513,0.15546974371517858,0.2551198384213832,0.38698923748026615,0.1056820384048401,0.003180987850584565,0.10250105043040945,0.0,0.0,0.0,1,0,294,294
base,294,294,105.81787443161011,1.0976769428005577e-05,0.08232368337802398,0.077561115893798,0.0048348901476949835,0.07272622641971987,0.0027935146254638578,1.247582805908134e-05,0.0006618127226829529,2.2029575859991553e-07,0.00033162248195285664,0.005447257247466881,0.0275680396037224,3.262965670801709e-07,1.013279557794618e-06,0.0032528328723483123,0.001,0.0001,1.0,1.0,0.042906601746112875,0.0675599015930779,0.0540479217043035,0.999692281596681,0.9154751769497863,0.08362341939638822,0.002706737468480809,8.677717270098257e-05,0.27223441004753113,0.3754935562610626,5.0,0.1,0.0001,0.0,0.003415109329502711,0.0001253162468296628,0.009296702523516793,0.00010763203852579126,0.009189070799411872,0.0705885890011604,0.004754166119795643,0.06583442332016097,26.74717858306363,31.495726495726494,1.0,0.0036613339414963354,0.00016912123483519116,0.16912122669382992,130.4038660261366,158.16239316239316,4.99103248095647,0.0017521409984502909,4.433110425394168e-06,0.004433110228970519,2,1e-06,32,64,32,0,1.0,0.0,9.05423355102539,9.849452018737793,9.442062377929688,0.1897858828306198,0.9934940338134766,0.5740949511528015,0.8713708519935608,0.08814442157745361,256,64,256,0,1.0,0.0,0.17016983032226562,1.636806845664978,0.7207755446434021,0.22510594129562378,0.9582896828651428,-0.9591923952102661,-0.0035093699116259813,0.41194507479667664,288,288,0,1.0,0.0,0.15878799177145445,0.10619232676764752,0.10619232676764752,0.0028095575485457764,0.06476652036390958,0.14276584036528103,0.3991397737815816,186,26880.0,1.0,0.10619232676764752,0.003232253945749649,0.10296007293335935,0.0,0.0,0.0,0.10619232676764752,0.10619232676764752,0.0028095575485457764,0.06476652036390958,0.14276584036528103,0.3991397737815816,0.15878799177145445,0.25864103420447276,0.38612902228550244,0.10619232676764752,0.10619232676764752,0.0028095575485457764,0.06476652036390958,0.14276584036528103,0.3991397737815816,0.15878799177145445,0.25864103420447276,0.38612902228550244,0.10619232676764752,0.003232253945749649,0.10296007293335935,0.0,0.0,0.0,1,0,294,294
base,295,295,103.00393748283386,1.0678380296485951e-05,0.08279752266457957,0.07811903854847974,0.004716824408835516,0.07340221517743209,0.002802871328850205,1.3474818780763537e-05,0.0,2.2029560422387843e-07,0.0002744362317047014,0.005114391005327368,0.027007183680931728,3.140293608891477e-07,1.0132795509928415e-06,0.003130160824347956,0.001,0.0001,1.0,1.0,0.04152754380598537,0.06769460863155177,0.05415568737965873,0.9996961161621616,0.9163390591613247,0.08404401358630922,0.0027178605465202504,8.501077290852235e-05,0.27220362424850464,0.37551596760749817,5.0,0.1,0.0001,0.0,0.003338345380213398,0.00012285198687857343,0.00973059631820418,8.682442160371023e-05,0.009643771709539952,0.07082109124614643,0.004651706093627737,0.06616938639527713,26.793120751014122,31.623931623931625,1.0,0.003665680199081444,0.00016542296675924395,0.16542295920543182,129.66539431840945,157.07692307692307,4.955573242982865,0.0017700409118691061,4.59857905099899e-06,0.004598578836163904,2,1e-06,32,64,32,0,1.0,0.0,9.05884838104248,9.845702171325684,9.441930770874023,0.18785224854946136,0.9933962821960449,0.567599892616272,0.8714866042137146,0.08814671635627747,256,64,256,0,1.0,0.0,0.1807391494512558,1.4662652015686035,0.7177017331123352,0.22058147192001343,0.9557567238807678,-0.9797923564910889,-0.0035578878596425056,0.4116218090057373,288,288,0,1.0,0.0,0.15618210498203514,0.10533619386718628,0.10533619386718628,0.0028114355803328626,0.06488624306756162,0.14571121605413576,0.4031182690974205,186,26880.0,1.0,0.10533619386718628,0.0032862770579200474,0.10204991745821973,0.0,0.0,0.0,0.10533619386718628,0.10533619386718628,0.0028114355803328626,0.06488624306756162,0.14571121605413576,0.4031182690974205,0.15618210498203514,0.2567679080911862,0.3903225698778706,0.10533619386718628,0.10533619386718628,0.0028114355803328626,0.06488624306756162,0.14571121605413576,0.4031182690974205,0.15618210498203514,0.2567679080911862,0.3903225698778706,0.10533619386718628,0.0032862770579200474,0.10204991745821973,0.0,0.0,0.0,1,0,294,294
base,296,296,101.54687571525574,1.04341991010651e-05,0.08083781030060899,0.07604149245044105,0.004626887096251305,0.07141460615218195,0.0027785972775652623,2.9918713829456232e-05,0.0,2.2036281014941343e-07,0.0003507116702512887,0.005916103720664978,0.02791695091395806,3.090640707613734e-07,1.0132795412760177e-06,0.003080507907538842,0.001,0.0001,1.0,1.0,0.04362041453838858,0.06740883680490348,0.05392706911596987,0.9996961212565756,0.9178185096153846,0.08371360307065849,0.0026936848015070725,8.491247842132121e-05,0.2722214460372925,0.37553802132606506,5.0,0.1,0.0001,0.0,0.00328600743952661,0.00011975013225092592,0.0077377168031839225,9.030620288899822e-05,0.007647410417214418,0.07023820497541346,0.004559157442094551,0.06567904833927114,26.70837444729275,31.666666666666668,1.0,0.0036317823777118553,0.00016559585548328378,0.1655958473172962,128.91168108557025,156.18803418803418,4.920872134755617,0.001755587192467199,4.229101559525216e-06,0.0042291013603536496,2,1e-06,32,64,32,0,1.0,0.0,9.0551176071167,9.847670555114746,9.442733764648438,0.18948538601398468,0.9935199022293091,0.5703436136245728,0.8712120652198792,0.08827157318592072,256,64,256,0,1.0,0.0,0.16172316670417786,1.5001977682113647,0.7153955698013306,0.22136174142360687,0.9653005599975586,-0.9663926362991333,-0.0035902936942875385,0.40942415595054626,288,288,0,1.0,0.0,0.15399825520893579,0.10630873606560078,0.10630873606560078,0.002791871519838559,0.06177065768329206,0.13961047337700924,0.3958602033315166,186,26880.0,1.0,0.10630873606560078,0.0031289962229338734,0.10317974014485136,0.0,0.0,0.0,0.10630873606560078,0.10630873606560078,0.002791871519838559,0.06177065768329206,0.13961047337700924,0.3958602033315166,0.15399825520893579,0.25304993193957115,0.3826881629484956,0.10630873606560078,0.10630873606560078,0.002791871519838559,0.06177065768329206,0.13961047337700924,0.3958602033315166,0.15399825520893579,0.25304993193957115,0.3826881629484956,0.10630873606560078,0.0031289962229338734,0.10317974014485136,0.0,0.0,0.0,1,0,294,294
base,297,297,99.99627208709717,1.0244252618962858e-05,0.0820557987715444,0.07732566920483214,0.004544248307943663,0.07278142194462638,0.002796736882171697,1.7522020329140192e-05,0.0,2.2035296579236498e-07,0.0005512348778650363,0.005590077370214157,0.027130020511710744,3.066163314433963e-07,1.013279547106112e-06,0.003056030525949298,0.001,0.0001,1.0,1.0,0.04442333084586848,0.06755720820819211,0.05404576721290747,0.9996961431625562,0.9182274973290598,0.08385122261750393,0.002712932666047261,8.38042067185504e-05,0.2722102999687195,0.3755284547805786,5.0,0.1,0.0001,0.0,0.0032406050998430988,0.00011844513462095235,0.009562916225857206,6.467322460733927e-05,0.009498243657951681,0.07015348203543924,0.004495743388493155,0.06565773920116262,26.74805238511827,31.54700854700855,1.0,0.003663819139966598,0.00016333775839974315,0.16333775031260955,128.1837569994804,154.6153846153846,4.886235093440322,0.0017620462020779522,4.27065567235207e-06,0.004270655477148855,2,1e-06,32,64,32,0,1.0,0.0,9.057748794555664,9.853073120117188,9.442768096923828,0.18996886909008026,0.9934382438659668,0.5649818181991577,0.8705469369888306,0.08876215666532516,256,64,256,0,1.0,0.0,0.18209245800971985,1.8412779569625854,0.7228599786758423,0.23670874536037445,0.9692196249961853,-0.951286792755127,-0.003501184517517686,0.4106951057910919,288,288,0,1.0,0.0,0.15807418100615983,0.10552257426241611,0.10552257426241611,0.0027992830344257835,0.06625536996095131,0.14630304578871978,0.3980107411581983,186,26880.0,1.0,0.10552257426241611,0.0031783927846303645,0.10234418210197002,0.0,0.0,0.0,0.10552257426241611,0.10552257426241611,0.0027992830344257835,0.06625536996095131,0.14630304578871978,0.3980107411581983,0.15807418100615983,0.2596877498892687,0.3847849370651348,0.10552257426241611,0.10552257426241611,0.0027992830344257835,0.06625536996095131,0.14630304578871978,0.3980107411581983,0.15807418100615983,0.2596877498892687,0.3847849370651348,0.10552257426241611,0.0031783927846303645,0.10234418210197002,0.0,0.0,0.0,1,0,294,294
base,298,298,100.99000096321106,1.0108561679951479e-05,0.08191817043683468,0.07724836194871837,0.0046180459475701945,0.07263031697426087,0.002774681458170088,4.721359692068181e-06,0.0,2.2036896247782275e-07,0.0005269223002271138,0.005389834265622636,0.02702124649260798,3.072674853168574e-07,1.013279554879571e-06,0.0030625420761827985,0.001,0.0001,1.0,1.0,0.044291310123780854,0.06755720846291281,0.054045766337305054,0.9996961385775835,0.9168920272435898,0.08352758372441316,0.0026943468962374153,8.033455824805325e-05,0.272234171628952,0.3755539059638977,5.0,0.1,0.0001,0.0,0.0032883598399547557,0.00012012275226133612,0.009180343558645656,7.117925705308588e-05,0.009109164914514264,0.07036310415237378,0.0045646615067703854,0.06579844328837517,26.98124165005154,31.70940170940171,1.0,0.0036407157452379027,0.00015639741748320655,0.15639740992815065,130.0872070442917,156.98290598290598,4.940879282351289,0.0017479780532069441,4.271699040592878e-06,0.004271698813153128,2,1e-06,32,64,32,0,1.0,0.0,9.056755065917969,9.846991539001465,9.442159652709961,0.18917568027973175,0.9938356280326843,0.568247377872467,0.8713572025299072,0.08847379684448242,256,64,256,0,1.0,0.0,0.18723459541797638,2.379267454147339,0.7252144813537598,0.24885228276252747,0.9629814624786377,-0.9727610349655151,-0.003475027624517679,0.4127875864505768,288,288,0,1.0,0.0,0.15318938024261947,0.10600039426316606,0.10600039426316606,0.0028004447453992163,0.06355708447455238,0.1446201776865349,0.4016128921060152,186,26880.0,1.0,0.10600039426316606,0.003229679408522838,0.10277071468373562,0.0,0.0,0.0,0.10600039426316606,0.10600039426316606,0.0028004447453992163,0.06355708447455238,0.1446201776865349,0.4016128921060152,0.15318938024261947,0.2559425199945127,0.3883333231813164,0.10600039426316606,0.10600039426316606,0.0028004447453992163,0.06355708447455238,0.1446201776865349,0.4016128921060152,0.15318938024261947,0.2559425199945127,0.3883333231813164,0.10600039426316606,0.003229679408522838,0.10277071468373562,0.0,0.0,0.0,1,0,294,294
base,299,299,102.33800864219666,1.002714116407149e-05,0.08117646004399683,0.07634927574385944,0.0046522170991803976,0.07169705893621485,0.0028009681035087914,3.1673480780460894e-05,0.0,2.2036392017506506e-07,0.0005331843642604061,0.005973958698873464,0.027935622482855096,3.1257920371341925e-07,1.0132795403043353e-06,0.0031156592393437256,0.001,0.0001,1.0,1.0,0.04499425987402598,0.06755990130651711,0.05404792152918302,0.9996922866910951,0.9175409822382479,0.08397599965588659,0.002715198975852412,8.576913177631258e-05,0.2722395658493042,0.3755641281604767,5.0,0.1,0.0001,0.0,0.0032933885753990556,0.00012067422950423908,0.007905188279274182,0.00010025320956722285,0.007804935049806905,0.07042038466176416,0.004577027192999983,0.0658433575851795,26.727422217018585,31.495726495726494,1.0,0.0036637429466359634,0.0001672035827623326,0.1672035751179752,128.84010469811594,155.69230769230768,4.915837276806373,0.001766655007058866,4.33468024955132e-06,0.0043346800355829745,2,1e-06,32,64,32,0,1.0,0.0,9.056129455566406,9.847026824951172,9.443462371826172,0.1880323737859726,0.9936251044273376,0.571118950843811,0.8710014224052429,0.08853370696306229,256,64,256,0,1.0,0.0,0.16029797494411469,1.4164643287658691,0.7170246839523315,0.2226993590593338,0.9703426361083984,-0.9625408053398132,-0.003452995326370001,0.40924695134162903,288,288,0,1.0,0.0,0.15434021496724698,0.10601264365175937,0.10601264365175937,0.0027660013255762293,0.06082937776822076,0.13992030329761967,0.39548386128679397,186,26880.0,1.0,0.10601264365175937,0.0031276534712734692,0.10288498835994843,0.0,0.0,0.0,0.10601264365175937,0.10601264365175937,0.0027660013255762293,0.06082937776822076,0.13992030329761967,0.39548386128679397,0.15434021496724698,0.25756308776877257,0.38403224880977344,0.10601264365175937,0.10601264365175937,0.0027660013255762293,0.06082937776822076,0.13992030329761967,0.39548386128679397,0.15434021496724698,0.25756308776877257,0.38403224880977344,0.10601264365175937,0.0031276534712734692,0.10288498835994843,0.0,0.0,0.0,1,0,294,294
base,300,300,101.0020112991333,1e-05,0.08100731384295684,0.07630743621251522,0.0046107278983546504,0.07169670869524662,0.0027777806708477754,5.154506279489933e-06,0.0,2.2038186131841286e-07,0.0003857226942706344,0.0054924832766429866,0.027346966469771843,3.0721067350803884e-07,1.0132795451627471e-06,0.0030619739442884633,0.001,0.0001,1.0,1.0,0.043382737196536146,0.06805716298966326,0.05444573063371528,0.9996962705229082,0.9176244491185898,0.08362100508987394,0.0026962226177127953,8.155805201560227e-05,0.2722407579421997,0.3755554258823395,5.0,0.1,0.0001,0.0,0.003283679673376565,0.0001203479799024092,0.00795504297965612,6.573050458016049e-05,0.007889312301945483,0.07034115385041277,0.004561430019422028,0.06577972453246769,26.88722401806432,31.65811965811966,1.0,0.0036404274491609163,0.00015883072009250426,0.15883071198422685,128.5457642710107,155.2905982905983,4.892662036754084,0.0017520177783046523,4.285384633453176e-06,0.004285384447146685,2,1e-06,32,64,32,0,1.0,0.0,9.058032989501953,9.846427917480469,9.444342613220215,0.1881834864616394,0.9933112859725952,0.5723080635070801,0.8718103766441345,0.08786816895008087,256,64,256,0,1.0,0.0,0.17303915321826935,1.4651446342468262,0.7167015075683594,0.21915076673030853,0.9631121158599854,-0.9561944603919983,-0.003407444804906845,0.40882301330566406,288,288,0,1.0,0.0,0.15355670404049657,0.10615547365964727,0.10615547365964727,0.002787297854120744,0.06145590358483855,0.14004034753287992,0.3968817098967491,186,26880.0,1.0,0.10615547365964727,0.0032247838172863455,0.10293068958723799,0.0,0.0,0.0,0.10615547365964727,0.10615547365964727,0.002787297854120744,0.06145590358483855,0.14004034753287992,0.3968817098967491,0.15355670404049657,0.25510241996536975,0.3840322491302285,0.10615547365964727,0.10615547365964727,0.002787297854120744,0.06145590358483855,0.14004034753287992,0.3968817098967491,0.15355670404049657,0.25510241996536975,0.3840322491302285,0.10615547365964727,0.0032247838172863455,0.10293068958723799,0.0,0.0,0.0,1,0,294,294
finetune,295,1,105.36682748794556,9.999013075636805e-05,0.08309167082238401,0.07941125467037544,0.0039311230986609925,0.07548013198961559,0.002796604003534358,0.609982147685483,0.35428587678405976,2.202748277113642e-07,0.0037121751667079953,1.3803670605023701,0.5532654829514332,6.416275849157211e-12,1.0423088359212304e-06,0.0,6.155829702431115e-06,0.0,1.0,1.0,0.09354743176800573,0.06734867401930511,0.05387893971851748,0.9996959709713602,0.9165978064903846,0.08379876976593947,0.00271575631470316,8.084768993502909e-05,0.27223441004753113,0.3754935562610626,5.0,0.0006155829702431115,0.001,0.6,0.003396501842265328,0.00012232369417921663,0.008138950563903548,6.210817716633662e-05,0.00807684252404759,0.07330704174744777,0.0038845419672787446,0.06942250022394025,26.922372899503788,31.572649572649574,1.0,0.003672159722663908,0.00015740858884199927,0.15740858183966744,129.62704063480737,156.67521367521368,4.9426677790137195,0.0017593529117174256,4.286790691370947e-06,0.0042867905054336936,2,1e-06,32,64,32,0,1.0,0.0,9.05423355102539,9.849452018737793,9.442062377929688,0.1897858828306198,0.9934940338134766,0.5740949511528015,0.8713708519935608,0.08814442157745361,256,64,256,0,1.0,0.0,0.17016983032226562,1.636806845664978,0.7207755446434021,0.22510594129562378,0.9582896828651428,-0.9591923952102661,-0.0035093699116259813,0.41194507479667664,288,288,0,1.0,0.0,0.10510362929073713,0.11300432206468379,0.11300432206468379,0.0028375159215895417,0.03876286846715757,0.09853353705858031,0.4211290223143434,186,26880.0,1.0,0.11300432206468379,0.0035760577550118275,0.10942826420068741,0.0,0.0,0.0,0.11300432206468379,0.11300432206468379,0.0028375159215895417,0.03876286846715757,0.09853353705858031,0.4211290223143434,0.10510362929073713,0.18875139242699068,0.4080645054258326,0.09905502818366314,0.09905502818366314,0.0028375159215895417,0.06046345721059028,0.1380771399746018,0.4338709562215754,0.147777588657474,0.2490531380378431,0.41876342876624034,0.09905502818366314,0.003670542733743787,0.0953844852269964,0.0,0.0,0.0,0,1,294,294
finetune,296,2,102.58364176750183,9.996052735444863e-05,0.08345433471039829,0.0749920585917102,0.004487271546027982,0.07050478735413307,0.0027620999389288262,0.6103302163955493,0.5129265817694175,2.202748277113642e-07,0.006840079559140608,2.1904788832379203,0.742290095386342,8.702232112143879e-11,3.556033078909508e-06,0.0,2.4471741852423235e-05,0.0,1.0,1.0,0.11589461978938845,0.06750886588015108,0.054007092809193157,0.9996968023797386,0.9180292634882479,0.08313214384083055,0.002682125729182337,7.997421484587826e-05,0.27223441004753113,0.3754935562610626,4.999013120731464,0.0024471741852423235,0.001,0.5665779740156158,0.0038678677489933297,0.00011939407281754697,0.008756012998075567,7.90301988967973e-05,0.008676982333517482,0.0684250491615544,0.0044279988958603805,0.06399705060399495,26.97348072997525,31.76068376068376,1.0,0.0036332032814399046,0.00015564853425981462,0.1556485269823645,130.02799994313818,156.73504273504273,4.928888698744094,0.0017310481828947861,4.299895576722574e-06,0.004299895376221746,2,1e-06,32,64,32,0,1.0,0.0,9.05423355102539,9.849452018737793,9.442062377929688,0.1897858828306198,0.9934940338134766,0.5740949511528015,0.8713708519935608,0.08814442157745361,256,64,256,0,1.0,0.0,0.17016983032226562,1.636806845664978,0.7207755446434021,0.22510594129562378,0.9582896828651428,-0.9591923952102661,-0.0035093699116259813,0.41194507479667664,288,288,0,1.0,0.0,0.10482767194269164,0.10390537485797355,0.10390537485797355,0.0028017602286281736,0.038374263870840274,0.09932377442256898,0.45365590642216386,186,26880.0,1.0,0.10390537485797355,0.004043931069664974,0.09986144399389307,0.0,0.0,0.0,0.10390537485797355,0.10390537485797355,0.0028017602286281736,0.038374263870840274,0.09932377442256898,0.45365590642216386,0.10482767194269164,0.19125435897900211,0.43612902210925214,0.09453451490782677,0.09453451490782677,0.0028017602286281736,0.054006658056350326,0.12905812059198657,0.46430106412979866,0.1377441415623311,0.2367388045675652,0.4460752569539573,0.09453451490782677,0.0039361326588674425,0.09059838300689738,0.0,0.0,0.0,0,1,294,294
finetune,297,3,103.54305982589722,9.991120277927221e-05,0.09347921119541185,0.07680104978573628,0.004793138382558385,0.07200791164595857,0.002815069849642678,0.6106462315616444,0.524342573606051,2.202748277113642e-07,0.008168054579430793,2.3504553727614574,0.7557391124403375,1.2928126636650728e-10,2.3722753709997546e-06,0.0,5.449673790581605e-05,0.0,1.0,1.0,0.12444888303677241,0.06813695625616954,0.0545095648839433,0.9996968701354458,0.9151893028846154,0.08427141555863568,0.0027324819010005803,8.258794697857776e-05,0.27223441004753113,0.3754935562610626,4.996053456856544,0.005449673790581606,0.001,0.4790779740156158,0.0041250000363534205,0.00012549013611447648,0.01082908139269576,8.204996458485595e-05,0.010747031268910466,0.06867923886857481,0.004731600909119743,0.06394763819427572,26.884209119356594,31.700854700854702,1.0,0.0036869755504318536,0.00016062980421727253,0.16062979616670528,129.69312273335254,157.23931623931625,4.951361298086825,0.0017779882555493177,4.546090306373824e-06,0.00454609006898016,2,1e-06,32,64,32,0,1.0,0.0,9.05423355102539,9.849452018737793,9.442062377929688,0.1897858828306198,0.9934940338134766,0.5740949511528015,0.8713708519935608,0.08814442157745361,256,64,256,0,1.0,0.0,0.17016983032226562,1.636806845664978,0.7207755446434021,0.22510594129562378,0.9582896828651428,-0.9591923952102661,-0.0035093699116259813,0.41194507479667664,288,288,0,1.0,0.0,0.11765672322562946,0.10604368150234222,0.10604368150234222,0.0028006177484751382,0.04373665707766689,0.11029378165520969,0.4314516025685495,186,26880.0,1.0,0.10604368150234222,0.0035664576001742734,0.10247722442479844,0.0,0.0,0.0,0.10604368150234222,0.10604368150234222,0.0028006177484751382,0.04373665707766689,0.11029378165520969,0.4314516025685495,0.11765672322562946,0.2095030113974566,0.41747310709568763,0.09609333457464868,0.09609333457464868,0.0028006177484751382,0.05857812585459361,0.13554116468175606,0.4546774093021629,0.14223846538813525,0.24353474454693896,0.4408064393266555,0.09609333457464868,0.0036691692682537945,0.09242416601231758,0.0,0.0,0.0,0,1,294,294
finetune,298,4,102.42997574806213,9.98421786662277e-05,0.09820549578493477,0.07700230665186532,0.0041226279497958524,0.07287967908713552,0.0027936408574828226,0.6097204776910635,0.3376040263181059,2.202748277113642e-07,0.00594368941970488,1.7669364458475358,0.6454222770328195,1.0082627545074836e-10,1.0558664567553901e-06,0.0,9.549150281252627e-05,0.0,1.0,1.0,0.11022188762823741,0.06755990175227834,0.054047921783903725,0.9996922882194192,0.9170234875801282,0.08369797646489918,0.0027105662390653393,8.307463290721066e-05,0.27223441004753113,0.3754935562610626,4.99112392920616,0.009549150281252628,0.001,0.3709220259843842,0.0035494581585288304,0.0001213995961641045,0.008656012451546824,6.5569357914675e-05,0.008590443266762627,0.07051029724952503,0.004073450929867342,0.06643684670074373,26.847176095359345,31.564102564102566,1.0,0.0036666308048093677,0.00016172032197713494,0.16172031459645328,129.89688136434964,157.26495726495727,4.961738274566808,0.001754501646456237,4.428943210551264e-06,0.004428942998250325,2,1e-06,32,64,32,0,1.0,0.0,9.05423355102539,9.849452018737793,9.442062377929688,0.1897858828306198,0.9934940338134766,0.5740949511528015,0.8713708519935608,0.08814442157745361,256,64,256,0,1.0,0.0,0.17016983032226562,1.636806845664978,0.7207755446434021,0.22510594129562378,0.9582896828651428,-0.9591923952102661,-0.0035093699116259813,0.41194507479667664,288,288,0,1.0,0.0,0.12495359165533897,0.11488224581835117,0.11488224581835117,0.0028164787366589967,0.045085827446973294,0.1111355307361772,0.38801074300401955,186,26880.0,1.0,0.11488224581835117,0.003005005178992894,0.11187724119171183,0.0,0.0,0.0,0.11488224581835117,0.11488224581835117,0.0028164787366589967,0.045085827446973294,0.1111355307361772,0.38801074300401955,0.12495359165533897,0.2159715479500191,0.3788709570002812,0.10239939740363588,0.10239939740363588,0.0028164787366589967,0.054677830340581074,0.13068394448047363,0.42516127901692546,0.14056470375307786,0.24303635442128746,0.41252687028659285,0.10239939740363588,0.003323705733179095,0.09907569165559525,0.0,0.0,0.0,0,1,294,294
finetune,299,5,100.5877628326416,9.97534852915723e-05,0.0891578287905098,0.08113606363280207,0.0035019055114358538,0.0776341585522024,0.0027435355437680697,0.6063592984126165,0.15335989348654055,2.202748277113642e-07,0.003213210151785523,0.2636155435162732,0.46772714532338655,1.4839134657518863e-10,1.0132795519645238e-06,0.0,0.00014644660940672623,0.0,1.0,1.0,0.0874179491502607,0.06752485377538918,0.05401988306807147,0.9996958537998363,0.9171027811164529,0.08295837847086099,0.0026676470939165507,7.588844492314602e-05,0.27223441004753113,0.3754935562610626,4.984229402628956,0.014644660940672622,0.001,0.2834220259843842,0.0029951100492388266,0.00011893036866955594,0.007560779396285359,7.641738137373558e-05,0.007484361911431337,0.07546547927662857,0.003444592475405552,0.07202088730966943,27.177089577047234,31.743589743589745,1.0,0.0036120646688927952,0.00014721255225346336,0.14721254609588885,130.38815151116788,157.31623931623932,4.946668544346521,0.0017232295298853363,4.564336456446148e-06,0.004564336222461146,2,1e-06,32,64,32,0,1.0,0.0,9.05423355102539,9.849452018737793,9.442062377929688,0.1897858828306198,0.9934940338134766,0.5740949511528015,0.8713708519935608,0.08814442157745361,256,64,256,0,1.0,0.0,0.17016983032226562,1.636806845664978,0.7207755446434021,0.22510594129562378,0.9582896828651428,-0.9591923952102661,-0.0035093699116259813,0.41194507479667664,288,288,0,1.0,0.0,0.12385997138116309,0.11592989082032061,0.11592989082032061,0.002837999203698115,0.04347965513576343,0.10771967420574799,0.3760752599405986,186,26880.0,1.0,0.11592989082032061,0.0029156354573020276,0.11301425448123445,0.0,0.0,0.0,0.11592989082032061,0.11592989082032061,0.002837999203698115,0.04347965513576343,0.10771967420574799,0.3760752599405986,0.12385997138116309,0.21554697260901493,0.36940859378345553,0.10452646017074585,0.10452646017074585,0.002837999203698115,0.05021267180000582,0.12417194598744954,0.4082795589841822,0.13502370235660383,0.23495390398367758,0.3987096657035171,0.10452646017074585,0.0032451434526592493,0.10128131635645603,0.0,0.0,0.0,0,1,294,294
finetune,300,6,99.9999771118164,9.964516155915151e-05,0.09099039390810534,0.08091821426000351,0.003602677113456158,0.07731553746594323,0.0027860460253671194,0.6059802959107945,0.06767310635146932,2.202748277113642e-07,0.003862605022234667,0.2810839471908716,0.4834691617223952,2.0884439049923414e-10,1.013279547106112e-06,0.0,0.00020610737385376343,0.0,1.0,1.0,0.0943997636055335,0.06752485358434865,0.0540198835138327,0.9996958532903948,0.9165393796741453,0.08366976576483148,0.0027040941680534785,8.195185754684488e-05,0.27223441004753113,0.3754935562610626,4.9753766811902755,0.020610737385376346,0.001,0.25,0.0030806518963768952,0.00012059473660456129,0.008963519181960668,7.875211552804352e-05,0.008884767181852944,0.07419557474617265,0.003543613027805128,0.07065196207955353,26.900753722231613,31.666666666666668,1.0,0.0036542612171739848,0.0001595231928787011,0.1595231855017507,130.18915225297977,157.05128205128204,4.9462468812858145,0.0017539271050029332,4.3805218175705695e-06,0.0043805216112707416,2,1e-06,32,64,32,0,1.0,0.0,9.05423355102539,9.849452018737793,9.442062377929688,0.1897858828306198,0.9934940338134766,0.5740949511528015,0.8713708519935608,0.08814442157745361,256,64,256,0,1.0,0.0,0.17016983032226562,1.636806845664978,0.7207755446434021,0.22510594129562378,0.9582896828651428,-0.9591923952102661,-0.0035093699116259813,0.41194507479667664,288,288,0,1.0,0.0,0.12676027391145947,0.11167636323482433,0.11167636323482433,0.0028401356774996568,0.047473349668566256,0.11401516200113361,0.38451611927600315,186,26880.0,1.0,0.11167636323482433,0.0029866603510256143,0.1086897019376146,0.0,0.0,0.0,0.11167636323482433,0.11167636323482433,0.0028401356774996568,0.047473349668566256,0.11401516200113361,0.38451611927600315,0.12676027391145947,0.218744904403725,0.3715591307288857,0.10321887645949708,0.10321887645949708,0.0028401356774996568,0.05233773884804098,0.12490474694078008,0.4192473028776466,0.13283485648853163,0.2298380652422546,0.405591387101399,0.10321887645949708,0.003240191377699375,0.09997868569607431,0.0,0.0,0.0,0,1,294,294
finetune,301,7,100.74158024787903,9.951725498333448e-05,0.09203127758879946,0.07980586206301665,0.00363191371011492,0.07617394915885395,0.002797732565504236,0.6050311841516414,0.033654384378694065,2.202748277113642e-07,0.004138277222712834,0.2861728605806318,0.4641229894935575,2.766301383118092e-10,1.0132795412760177e-06,0.0,0.00027300475013022663,0.0,1.0,1.0,0.0960754570352216,0.06756272026871005,0.05405017652381689,0.999696108011099,0.9166478866185898,0.08389097802404664,0.002712890850061662,8.484171780570546e-05,0.27223441004753113,0.3754935562610626,4.964574501457378,0.027300475013022664,0.001,0.25,0.0031042354704780327,0.00012205043986975016,0.008259854255578456,7.748369796153826e-05,0.008182370509856787,0.07361097162605351,0.0035738009366437667,0.07003717134014154,26.69486771281968,31.5982905982906,1.0,0.0036624775140777104,0.00016545598906600196,0.1654559811975202,129.47777485643695,156.82051282051282,4.946572411501809,0.0017633041920156307,4.227446880639378e-06,0.004227446694659372,2,1e-06,32,64,32,0,1.0,0.0,9.05423355102539,9.849452018737793,9.442062377929688,0.1897858828306198,0.9934940338134766,0.5740949511528015,0.8713708519935608,0.08814442157745361,256,64,256,0,1.0,0.0,0.17016983032226562,1.636806845664978,0.7207755446434021,0.22510594129562378,0.9582896828651428,-0.9591923952102661,-0.0035093699116259813,0.41194507479667664,288,288,0,1.0,0.0,0.13018718484028052,0.11209552243668983,0.11209552243668983,0.002810534476203487,0.0493843738936008,0.1180646701826043,0.38155913016488474,186,26880.0,1.0,0.11209552243668983,0.002878931897167275,0.10921659082808394,0.0,0.0,0.0,0.11209552243668983,0.11209552243668983,0.002810534476203487,0.0493843738936008,0.1180646701826043,0.38155913016488474,0.13018718484028052,0.2239854585739874,0.3692473030538969,0.10467913287117127,0.10467913287117127,0.002810534476203487,0.050815226016966725,0.12478814259051316,0.4116128917022418,0.13341097978334274,0.23104667403204468,0.398978484093502,0.10467913287117127,0.003092634243930274,0.10158649879567166,0.0,0.0,0.0,0,1,294,294
finetune,302,8,98.57958984375,9.936982166817273e-05,0.09337048455436006,0.08083897851343848,0.003425298985014232,0.07741367998413551,0.0027795556801347397,0.6014778119886023,0.005709104622021699,2.202748277113642e-07,0.003583900224015467,0.23846415360259193,0.41507480312616396,3.5007947324503746e-10,1.0132795451627471e-06,0.0,0.0003454915028125263,0.0,1.0,1.0,0.0900562226644948,0.0676834869524862,0.05414678928498019,0.9996966480189918,0.9174658620459402,0.08360729232812539,0.002694948908721662,8.460676883228927e-05,0.27223441004753113,0.3754935562610626,4.951833523877495,0.034549150281252626,0.001,0.25,0.002929904292194316,0.00011938744899095435,0.00869634085231357,7.159038024962458e-05,0.008624750070082836,0.07431672274684295,0.003371606200822016,0.07094511749525355,26.70864004151434,31.683760683760685,1.0,0.0036387457213818263,0.00016473982856025855,0.1647398206922743,127.58776112091847,154.47863247863248,4.867109347518136,0.001751152103026517,4.4737088443949515e-06,0.004473708633683685,2,1e-06,32,64,32,0,1.0,0.0,9.05423355102539,9.849452018737793,9.442062377929688,0.1897858828306198,0.9934940338134766,0.5740949511528015,0.8713708519935608,0.08814442157745361,256,64,256,0,1.0,0.0,0.17016983032226562,1.636806845664978,0.7207755446434021,0.22510594129562378,0.9582896828651428,-0.9591923952102661,-0.0035093699116259813,0.41194507479667664,288,288,0,1.0,0.0,0.13155646574112675,0.1151377094235826,0.1151377094235826,0.0028165100300882725,0.04909819757105202,0.11902604521482542,0.36279569069544476,186,26880.0,1.0,0.1151377094235826,0.0028008019633373204,0.11233690698096092,0.0,0.0,0.0,0.1151377094235826,0.1151377094235826,0.0028165100300882725,0.04909819757105202,0.11902604521482542,0.36279569069544476,0.13155646574112675,0.22689686759665448,0.3522580566425477,0.10952895990711578,0.10952895990711578,0.0028165100300882725,0.05356951598178155,0.1275254546474385,0.39650536705088874,0.13894651714031414,0.23773467120143674,0.37973117395754785,0.10952895990711578,0.002925625178675623,0.10660333344911008,0.0,0.0,0.0,0,1,294,294
finetune,303,9,99.59670662879944,9.920292628279099e-05,0.09512326955540568,0.08433210766977733,0.0031733408283728818,0.08115876679364432,0.002783774055986323,0.5984111952985454,0.007161958986877376,2.202748277113642e-07,0.0024601923758024746,0.15693605901339117,0.29952325945735997,4.2738386096997583e-10,1.0132795500211591e-06,0.0,0.00042178276747988454,0.0,1.0,1.0,0.08030077735455628,0.06740883705962418,0.05392706945029079,0.9996961202376928,0.9182963575053419,0.08364533932290526,0.0026984119282350834,8.536212837311607e-05,0.27223441004753113,0.3754935562610626,4.937166322257262,0.04217827674798846,0.001,0.25,0.0026908829657989754,0.00011943381932180008,0.009216790525322286,8.949691143173438e-05,0.009127293387029925,0.07741951477578563,0.003106218145794084,0.07431329688073224,26.70442643124833,31.504273504273506,1.0,0.003643762652610994,0.00016637947820161836,0.16637947009159967,128.6077762505947,155.44444444444446,4.914154107801417,0.0017530611998791623,4.344779391434962e-06,0.00434477920206184,2,1e-06,32,64,32,0,1.0,0.0,9.05423355102539,9.849452018737793,9.442062377929688,0.1897858828306198,0.9934940338134766,0.5740949511528015,0.8713708519935608,0.08814442157745361,256,64,256,0,1.0,0.0,0.17016983032226562,1.636806845664978,0.7207755446434021,0.22510594129562378,0.9582896828651428,-0.9591923952102661,-0.0035093699116259813,0.41194507479667664,288,288,0,1.0,0.0,0.13194692481349232,0.11828076918708517,0.11828076918708517,0.0027886500056991553,0.05206570960831658,0.12244039609707812,0.3431182714399471,186,26880.0,1.0,0.11828076918708517,0.00257928472785081,0.11570148391926542,0.0,0.0,0.0,0.11828076918708517,0.11828076918708517,0.0027886500056991553,0.05206570960831658,0.12244039609707812,0.3431182714399471,0.13194692481349232,0.22818259826751167,0.3312903148352459,0.11308047032736718,0.11308047032736718,0.0027886500056991553,0.05564746310714112,0.1327528376733103,0.3709139702140644,0.1369650574621334,0.23672269244668304,0.3586021426223939,0.11308047032736718,0.0026831790591847707,0.11039729241995101,0.0,0.0,0.0,0,1,294,294
finetune,304,10,99.23317265510559,9.901664203302125e-05,0.09384421265532827,0.08518917425575419,0.0029811855324973855,0.08220798840634844,0.002776159122825051,0.5955754436998286,0.0010201925905341776,2.202748277113642e-07,0.001786376772830626,0.09483406175341871,0.22295355828654054,5.06639796592556e-10,1.0132795519645238e-06,0.0,0.0004999999999999999,0.0,1.0,1.0,0.07128844908478423,0.06739489842429121,0.05391591909922596,0.9996962425036308,0.9176515758547008,0.08357497107269418,0.002692846826110513,8.331229631031831e-05,0.27223441004753113,0.3754935562610626,4.920587371353886,0.049999999999999996,0.001,0.25,0.0025440318908932437,0.00011963254991524781,0.00740595200122931,5.209056111291433e-05,0.007353861362506182,0.07963470993643133,0.002942117613155204,0.07669259257550932,26.75674086350661,31.572649572649574,1.0,0.003636019324294777,0.0001619943238446055,0.16199431663904434,127.89229622865335,154.68376068376068,4.882333160023046,0.0017496743478263037,4.6302683448470625e-06,0.004630268129528078,2,1e-06,32,64,32,0,1.0,0.0,9.05423355102539,9.849452018737793,9.442062377929688,0.1897858828306198,0.9934940338134766,0.5740949511528015,0.8713708519935608,0.08814442157745361,256,64,256,0,1.0,0.0,0.17016983032226562,1.636806845664978,0.7207755446434021,0.22510594129562378,0.9582896828651428,-0.9591923952102661,-0.0035093699116259813,0.41194507479667664,288,288,0,1.0,0.0,0.12985375832005214,0.12105839144676289,0.12105839144676289,0.002805328283934517,0.05034888803117698,0.1185407361356161,0.3334946170128802,186,26880.0,1.0,0.12105839144676289,0.002556312110948753,0.11850207917233731,0.0,0.0,0.0,0.12105839144676289,0.12105839144676289,0.002805328283934517,0.05034888803117698,0.1185407361356161,0.3334946170128802,0.12985375832005214,0.22459780777333885,0.317204294746281,0.1161225809061781,0.1161225809061781,0.002805328283934517,0.05179482196227357,0.12365381793189113,0.35306450772670006,0.13335810413443913,0.2303822140299505,0.34026881026965317,0.1161225809061781,0.0026543017506520166,0.11346827922983373,0.0,0.0,0.0,0,1,294,294
finetune,305,11,100.34264922142029,9.88110506292922e-05,0.09417540274369411,0.08549368655325001,0.002976607958165308,0.08251707879906027,0.0028079869424621775,0.5930295566208342,0.0036427989984169984,2.202748277113642e-07,0.0016981032699382363,0.08041926260050546,0.19572171912743494,5.858956743317135e-10,1.0132795480777943e-06,0.0,0.0005782172325201155,0.0,1.0,1.0,0.06969822265016727,0.06746308107534026,0.05397046495897648,0.9996962812211778,0.9181857638888888,0.08404566283918853,0.0027231643489824655,8.482258029592533e-05,0.27223441004753113,0.3754935562610626,4.902113032590307,0.05782172325201155,0.001,0.25,0.0025264257803941383,0.00012102697699322787,0.00727703199427352,6.872031073539685e-05,0.007208311659658057,0.08003591236650434,0.00292506772511376,0.07711084479959603,26.76499110001784,31.53846153846154,1.0,0.003676420111511635,0.0001654409990075311,0.1654409913935213,129.11572705782376,156.03418803418805,4.929709699829275,0.001769908567548244,4.204161362290156e-06,0.004204161146767119,2,1e-06,32,64,32,0,1.0,0.0,9.05423355102539,9.849452018737793,9.442062377929688,0.1897858828306198,0.9934940338134766,0.5740949511528015,0.8713708519935608,0.08814442157745361,256,64,256,0,1.0,0.0,0.17016983032226562,1.636806845664978,0.7207755446434021,0.22510594129562378,0.9582896828651428,-0.9591923952102661,-0.0035093699116259813,0.41194507479667664,288,288,0,1.0,0.0,0.1295615125006886,0.12198067725972926,0.12198067725972926,0.0028315332193086123,0.04818099876990922,0.11524577960572256,0.3256989169505335,186,26880.0,1.0,0.12198067725972926,0.0024990033967658243,0.1194816734245483,0.0,0.0,0.0,0.12198067725972926,0.12198067725972926,0.0028315332193086123,0.04818099876990922,0.11524577960572256,0.3256989169505335,0.1295615125006886,0.2227270336401078,0.3132257981486218,0.11825006518592225,0.11825006518592225,0.0028315332193086123,0.05127922813057579,0.12249849655575329,0.34381719702674496,0.13506371509884635,0.23046668110195026,0.33209676688076345,0.11825006518592225,0.0025548775744763143,0.11569518865423,0.0,0.0,0.0,0,1,294,294
finetune,306,12,101.6447160243988,9.858624225078838e-05,0.09539004841930845,0.08739830209658696,0.0029625553333272156,0.08443574709260565,0.0027977262352967365,0.5904427486607152,0.001753530568546719,2.202748277113642e-07,0.0014894495226401023,0.06280304593408209,0.1576505116163156,6.632000580237905e-10,1.0132795490494766e-06,0.0,0.0006545084971874737,0.0,1.0,1.0,0.06648055849294378,0.06740883639098233,0.053927069657251366,0.9996961217660171,0.9165665064102564,0.08399172700368442,0.0027121019163606768,8.562430251851423e-05,0.27223441004753113,0.3754935562610626,4.881761537908451,0.06545084971874737,0.001,0.25,0.0025224915708606252,0.00012385723249848463,0.007716308292160686,5.0175952940033035e-05,0.0076661323889707905,0.08161107094114663,0.0029249233681246894,0.07868614780087756,26.746963435768063,31.5982905982906,1.0,0.003657082772344096,0.00016685812968514964,0.1668581228989821,130.06981104663294,157.2905982905983,4.960949969056197,0.0017671210414722052,4.390474270882191e-06,0.004390474058624007,2,1e-06,32,64,32,0,1.0,0.0,9.05423355102539,9.849452018737793,9.442062377929688,0.1897858828306198,0.9934940338134766,0.5740949511528015,0.8713708519935608,0.08814442157745361,256,64,256,0,1.0,0.0,0.17016983032226562,1.636806845664978,0.7207755446434021,0.22510594129562378,0.9582896828651428,-0.9591923952102661,-0.0035093699116259813,0.41194507479667664,288,288,0,1.0,0.0,0.1262550965071686,0.12276625966138029,0.12276625966138029,0.0028247399741110017,0.050100278740208,0.12101957014691765,0.32150536895759646,186,26880.0,1.0,0.12276625966138029,0.002536389798401518,0.12022986944685592,0.0,0.0,0.0,0.12276625966138029,0.12276625966138029,0.0028247399741110017,0.050100278740208,0.12101957014691765,0.32150536895759646,0.1262550965071686,0.22227494674985127,0.3063978417426027,0.11951500399315611,0.11951500399315611,0.0028247399741110017,0.0545102876025222,0.12922928269992592,0.3414516040394383,0.13352090745202957,0.23111981850477956,0.32430106689853055,0.11951500399315611,0.002574872407576743,0.11694013073723367,0.0,0.0,0.0,0,1,294,294
finetune,307,13,103.34303832054138,9.83423155058946e-05,0.09529663233930229,0.0872929316555333,0.0029801852169295405,0.08431274654009403,0.0028179588162491466,0.5859857598940531,0.002843794277590564,2.202748277113642e-07,0.001518915565067536,0.05608453551450601,0.1395132372267226,7.366494162052787e-10,1.0132795480777943e-06,0.0,0.0007269952498697733,0.0,1.0,1.0,0.06595475837970391,0.06752485412563014,0.05401988333871222,0.9996958563470433,0.9165059929220085,0.08422277084527871,0.002729781033694107,8.81777828970713e-05,0.27223441004753113,0.3754935562610626,4.859552971776503,0.07269952498697733,0.001,0.25,0.002524099838084135,0.0001252185376761501,0.007092069102148725,6.971113447450165e-05,0.007022357903994047,0.08197387963788122,0.0029279018660736643,0.07904597798473814,26.516354829837116,31.64957264957265,1.0,0.0036826907561566583,0.00017238748558965098,0.17238747767913035,128.7037869314862,156.4188034188034,4.931226949514363,0.001776871292326504,3.968080084488865e-06,0.003968079884847005,2,1e-06,32,64,32,0,1.0,0.0,9.05423355102539,9.849452018737793,9.442062377929688,0.1897858828306198,0.9934940338134766,0.5740949511528015,0.8713708519935608,0.08814442157745361,256,64,256,0,1.0,0.0,0.17016983032226562,1.636806845664978,0.7207755446434021,0.22510594129562378,0.9582896828651428,-0.9591923952102661,-0.0035093699116259813,0.41194507479667664,288,288,0,1.0,0.0,0.13019053804217487,0.12364745171780282,0.12364745171780282,0.0027787815234524772,0.05241893829342218,0.12190551749901266,0.3117741863894206,186,26880.0,1.0,0.12364745171780282,0.0023866729275818835,0.12126077917662073,0.0,0.0,0.0,0.12364745171780282,0.12364745171780282,0.0027787815234524772,0.05241893829342218,0.12190551749901266,0.3117741863894206,0.13019053804217487,0.2251920925994073,0.3023655839985417,0.12129426604889809,0.12129426604889809,0.0027787815234524772,0.05341004948532309,0.1279920297324337,0.32532257246234086,0.13510172149186495,0.23437191586020173,0.31397848712500703,0.12129426604889809,0.0023923356536815457,0.11890193122498532,0.0,0.0,0.0,0,1,294,294
finetune,308,14,97.28075623512268,9.8079377388943e-05,0.09465135321912603,0.08751416231831934,0.002777288583282413,0.0847368743429836,0.002747389873983259,0.5777780851747236,0.0,2.202748277113642e-07,0.001157753825375552,0.042770447519918285,0.12512473405426383,1.2892018225043373e-08,1.623899571123364e-05,0.0,0.0007938926261462365,0.0,1.0,1.0,0.059133916838556275,0.06750147238883197,0.0540011782422025,0.9996967234163203,0.9191289396367521,0.08301344494789074,0.0026710688864860013,7.632099441563587e-05,0.27223441004753113,0.3754935562610626,4.835509251367962,0.07938926261462365,0.001,0.25,0.002359454403631389,0.00011660853161652668,0.007564270088815281,6.262605022798237e-05,0.007501643947047046,0.0818409599427484,0.0027303190456114262,0.07911064112797761,27.12185349423661,31.692307692307693,1.0,0.003616656582707014,0.0001484819552458178,0.14848194774399456,128.49268706232056,155.0940170940171,4.8890319134270745,0.0017254811882749838,4.160033527395925e-06,0.004160033331976997,2,1e-06,32,64,32,0,1.0,0.0,9.05423355102539,9.849452018737793,9.442062377929688,0.1897858828306198,0.9934940338134766,0.5740949511528015,0.8713708519935608,0.08814442157745361,256,64,256,0,1.0,0.0,0.17016983032226562,1.636806845664978,0.7207755446434021,0.22510594129562378,0.9582896828651428,-0.9591923952102661,-0.0035093699116259813,0.41194507479667664,288,288,0,1.0,0.0,0.13420019052442042,0.12409692764916319,0.12409692764916319,0.0028068383343200732,0.0526907195397202,0.1285953942626234,0.3121505297960774,186,26880.0,1.0,0.12409692764916319,0.0024826398584991693,0.121614286240111,0.0,0.0,0.0,0.12409692764916319,0.12409692764916319,0.0028068383343200732,0.0526907195397202,0.1285953942626234,0.3121505297960774,0.13420019052442042,0.2316260757225175,0.30026880916087856,0.12210831157070526,0.12210831157070526,0.0028068383343200732,0.05587164312100378,0.1336951629028365,0.3272580567707298,0.14172516162357024,0.24074087043603262,0.31301074523118233,0.12210831157070526,0.0024681267987421538,0.11964018452674785,0.0,0.0,0.0,0,1,294,294
finetune,309,15,99.3091733455658,9.77975432332819e-05,0.09549471060944419,0.0885618073053849,0.0028291136428363556,0.08573269404661961,0.0027698118211781112,0.5735465216840434,0.0,2.202748277113642e-07,0.0010799161062359961,0.03738724606302686,0.1137560841619459,8.648882265642299e-10,1.0132795519645238e-06,0.0,0.0008535533905932737,0.0,1.0,1.0,0.05947865205060723,0.06813695590592857,0.05450956526602435,0.9996968691165631,0.9172238080929487,0.08339782683258383,0.0026929370828100247,7.687474264348877e-05,0.27223441004753113,0.3754935562610626,4.809654104932039,0.08535533905932738,0.001,0.25,0.002399922180403438,0.00012011612793724211,0.007931465776557596,6.801911040694795e-05,0.007863446688040709,0.08261320810032706,0.0027780993105286462,0.07983510890322873,27.13744766691811,31.76068376068376,1.0,0.003643959683055679,0.00014965682992966383,0.1496568235576662,131.03885128966763,157.65811965811966,4.957549447267188,0.0017419144905243928,4.092654816086619e-06,0.004092654611310388,2,1e-06,32,64,32,0,1.0,0.0,9.05423355102539,9.849452018737793,9.442062377929688,0.1897858828306198,0.9934940338134766,0.5740949511528015,0.8713708519935608,0.08814442157745361,256,64,256,0,1.0,0.0,0.17016983032226562,1.636806845664978,0.7207755446434021,0.22510594129562378,0.9582896828651428,-0.9591923952102661,-0.0035093699116259813,0.41194507479667664,288,288,0,1.0,0.0,0.13483698345640655,0.1245877409869052,0.1245877409869052,0.0028573661012218352,0.053193594248945354,0.1260233131507712,0.31596773462269895,186,26880.0,1.0,0.1245877409869052,0.0025362771740084157,0.12205146427484269,0.0,0.0,0.0,0.1245877409869052,0.1245877409869052,0.0028573661012218352,0.053193594248945354,0.1260233131507712,0.31596773462269895,0.13483698345640655,0.22905284586933353,0.302365583197404,0.12317448410582035,0.12317448410582035,0.0028573661012218352,0.056729534165232735,0.13194684795434436,0.3266666588443582,0.14109550608742621,0.23777967775540967,0.30833332577059347,0.12317448410582035,0.002499256082414154,0.12067522885317498,0.0,0.0,0.0,0,1,294,294
finetune,310,16,100.26356887817383,9.749693666068664e-05,0.09392827768356372,0.08697823594268571,0.002879318290163214,0.08409891799729094,0.002767242119114241,0.5696111112578303,0.0008367070148133824,2.202748277113642e-07,0.0010646919249238558,0.035005622416034214,0.1083283531678538,9.165199862106884e-10,1.0132795451627471e-06,0.0,0.0009045084971874737,0.0,1.0,1.0,0.05910455792123436,0.06786387451948264,0.05429110031288404,0.9996964294686277,0.9158361712072649,0.08339135584413496,0.002686945152365499,8.02969559747278e-05,0.27223441004753113,0.3754935562610626,4.782013048376736,0.09045084971874738,0.001,0.25,0.0024459899438477447,0.00012188317385961354,0.006331947624173938,6.90467651678711e-05,0.0062629007376157324,0.08222927522455525,0.0028275332167848116,0.07940174238039897,26.95082767193134,31.615384615384617,1.0,0.003631785468190399,0.000156343836709459,0.15634382891858745,130.0248746953459,157.18803418803418,4.959632032780854,0.001742104853455646,4.250076289413572e-06,0.004250076082017686,2,1e-06,32,64,32,0,1.0,0.0,9.05423355102539,9.849452018737793,9.442062377929688,0.1897858828306198,0.9934940338134766,0.5740949511528015,0.8713708519935608,0.08814442157745361,256,64,256,0,1.0,0.0,0.17016983032226562,1.636806845664978,0.7207755446434021,0.22510594129562378,0.9582896828651428,-0.9591923952102661,-0.0035093699116259813,0.41194507479667664,288,288,0,1.0,0.0,0.13928398742310463,0.12446924124626403,0.12446924124626403,0.0027825600873837447,0.05491045631483318,0.1276615832241312,0.31005375599989327,186,26880.0,1.0,0.12446924124626403,0.0023956100253309026,0.12207363197144042,0.0,0.0,0.0,0.12446924124626403,0.12446924124626403,0.0027825600873837447,0.05491045631483318,0.1276615832241312,0.31005375599989327,0.13928398742310463,0.23402231771458862,0.29924730443826286,0.12305190477599488,0.12305190477599488,0.0027825600873837447,0.05963628258936668,0.13658469699082837,0.3175268740423264,0.14786585384318907,0.24692276084134657,0.3046236486043981,0.12305190477599488,0.002364603696054125,0.1206873024397708,0.0,0.0,0.0,0,1,294,294
finetune,311,17,101.6397533416748,9.71776895271351e-05,0.0954813347158269,0.08881360935604471,0.002853395259624713,0.08596021414567263,0.002788531199957316,0.5647067993115156,0.00480292323562834,2.202748277113642e-07,0.0008478534777261815,0.029249831313729033,0.09472168335675174,9.580590992906097e-10,1.0132795529362063e-06,0.0,0.0009455032620941839,0.0,1.0,1.0,0.05619417069654944,0.06746585262764214,0.053972681952465296,0.999695519096831,0.9168878538995726,0.0837137375631903,0.0027044601340451813,8.407107258176243e-05,0.27223441004753113,0.3754935562610626,4.752613360087727,0.09455032620941839,0.001,0.25,0.00242629081919256,0.00012258535608476124,0.007196155114051623,5.9210846566746375e-05,0.007136944267484877,0.08341649276578528,0.0028089871246996536,0.0806075058813788,26.779496021759815,31.54700854700855,1.0,0.0036537780398582546,0.00016347432908807029,0.16347432136535645,129.23447335072052,156.3846153846154,4.9302608047139005,0.0017551422172870773,4.667816260317157e-06,0.004667815999088124,2,1e-06,32,64,32,0,1.0,0.0,9.05423355102539,9.849452018737793,9.442062377929688,0.1897858828306198,0.9934940338134766,0.5740949511528015,0.8713708519935608,0.08814442157745361,256,64,256,0,1.0,0.0,0.17016983032226562,1.636806845664978,0.7207755446434021,0.22510594129562378,0.9582896828651428,-0.9591923952102661,-0.0035093699116259813,0.41194507479667664,288,288,0,1.0,0.0,0.13567701590958461,0.1252072792738042,0.1252072792738042,0.0027988614326224046,0.05478601186456139,0.12850277389209436,0.3096774126733503,186,26880.0,1.0,0.1252072792738042,0.0024310591496883873,0.12277622013650041,0.0,0.0,0.0,0.1252072792738042,0.1252072792738042,0.0027988614326224046,0.05478601186456139,0.12850277389209436,0.3096774126733503,0.13567701590958461,0.23146746087298598,0.29725805726102605,0.12301695885810446,0.12301695885810446,0.0027988614326224046,0.060941333406835156,0.1370272097648472,0.3192473046721951,0.147012169282603,0.2446213524828675,0.30376343212781415,0.12301695885810446,0.0024340786485675166,0.12058288017486005,0.0,0.0,0.0,0,1,294,294
finetune,312,18,101.37692785263062,9.68399418649713e-05,0.09604832109732506,0.08914798994859059,0.0028721452531460514,0.08627584461982434,0.0028041269805314196,0.5594392948680453,0.0042129350014221975,2.202748277113642e-07,0.0009501340500175237,0.030400516282225776,0.09537944961816837,9.884828663100516e-10,1.0132795451627471e-06,0.0,0.0009755282581475768,0.0,1.0,1.0,0.05704512687511424,0.06735369193757701,0.0538829536551339,0.9996959653675047,0.9167000534188035,0.08402711707047927,0.0027206078943852177,8.351908883581865e-05,0.27223441004753113,0.3754935562610626,4.721484054007887,0.09755282581475769,0.001,0.25,0.002453596227698856,0.00012336703012130247,0.007860028081470065,4.359738678376899e-05,0.007816430595186021,0.08325296882380787,0.0028394472130582244,0.080413521737115,26.787218811165573,31.726495726495727,1.0,0.003672598126845864,0.00016284582098651453,0.16284581331106332,130.01795287825104,157.15384615384616,4.945330459770114,0.0017686176688895903,4.192356576294335e-06,0.004192356370453142,2,1e-06,32,64,32,0,1.0,0.0,9.05423355102539,9.849452018737793,9.442062377929688,0.1897858828306198,0.9934940338134766,0.5740949511528015,0.8713708519935608,0.08814442157745361,256,64,256,0,1.0,0.0,0.17016983032226562,1.636806845664978,0.7207755446434021,0.22510594129562378,0.9582896828651428,-0.9591923952102661,-0.0035093699116259813,0.41194507479667664,288,288,0,1.0,0.0,0.1386347369000476,0.12485941372653271,0.12485941372653271,0.0028291507178243806,0.0558495153848242,0.12940644155386635,0.313010745711865,186,26880.0,1.0,0.12485941372653271,0.002450767183735808,0.12240864653536614,0.0,0.0,0.0,0.12485941372653271,0.12485941372653271,0.0028291507178243806,0.0558495153848242,0.12940644155386635,0.313010745711865,0.1386347369000476,0.23517329562255132,0.2954301002525514,0.1232894332484996,0.1232894332484996,0.0028291507178243806,0.05883980696640348,0.13493643930402174,0.316720422637719,0.14521942271660732,0.24194406834180637,0.3005376274707497,0.1232894332484996,0.002440461160694348,0.12084897084439054,0.0,0.0,0.0,0,1,294,294
finetune,313,19,98.51062202453613,9.648384182148251e-05,0.09506725895608592,0.08860423606939805,0.0027568705935174455,0.08584736586890669,0.002757906408295927,0.551554212712834,0.0022660664513579802,2.202748277113642e-07,0.0009151807729737897,0.027027639755421978,0.09131710285432318,1.007041909501198e-09,1.0132795451627471e-06,0.0,0.0009938441702975688,0.0,1.0,1.0,0.056721612970289,0.06755990213435939,0.054047921895344034,0.9996922851627709,0.9187345586271367,0.08317977966915847,0.002677161978860187,8.074443512591215e-05,0.27223441004753113,0.3754935562610626,4.688655851004031,0.0993844170297569,0.001,0.25,0.002337796047417463,0.00011729912078478195,0.007292936245600383,7.372156868123601e-05,0.007219214979399983,0.08313453382151759,0.0027015794170065187,0.08043295457067652,26.951930600353794,31.58974358974359,1.0,0.0036219875228742505,0.00015655910959676243,0.15655910255562547,129.65581085335495,156.42735042735043,4.9277858193180775,0.0017323364278811037,4.929760818790355e-06,0.004929760582426675,2,1e-06,32,64,32,0,1.0,0.0,9.05423355102539,9.849452018737793,9.442062377929688,0.1897858828306198,0.9934940338134766,0.5740949511528015,0.8713708519935608,0.08814442157745361,256,64,256,0,1.0,0.0,0.17016983032226562,1.636806845664978,0.7207755446434021,0.22510594129562378,0.9582896828651428,-0.9591923952102661,-0.0035093699116259813,0.41194507479667664,288,288,0,1.0,0.0,0.13791385951942653,0.12460584304434189,0.12460584304434189,0.0027933478097807852,0.05673579262038793,0.13296816612203274,0.30639784070112375,186,26880.0,1.0,0.12460584304434189,0.002433912343087983,0.12217193017614648,0.0,0.0,0.0,0.12460584304434189,0.12460584304434189,0.0027933478097807852,0.05673579262038793,0.13296816612203274,0.30639784070112375,0.13791385951942653,0.23472544382656774,0.2953763361419401,0.12372590316102859,0.12372590316102859,0.0027933478097807852,0.061097641673279544,0.13951077095423176,0.31365590622668627,0.14582832954743857,0.2436345622584384,0.30419354188826775,0.12372590316102859,0.002412232065058135,0.12131367037270932,0.0,0.0,0.0,0,1,294,294
finetune,314,20,100.13194274902344,9.610954559391702e-05,0.09464479486147563,0.08824026177072117,0.0028576773803275176,0.08538258413219044,0.0027821533696359806,0.5457524784609803,0.0008267322157183264,2.202748277113642e-07,0.000843843158683242,0.026823514602823645,0.08981021589193589,1.0132795903383862e-09,1.0132795490494766e-06,0.0,0.001,0.0,1.0,1.0,0.055855302713238277,0.06786387518812449,0.05429110023328382,0.9996964371102488,0.9165164262820513,0.08349832325664341,0.0027029541675319783,7.919919873032079e-05,0.27223441004753113,0.3754935562610626,4.654161148549123,0.1,0.001,0.25,0.002423266548132046,0.00012140953302337155,0.007261788233732566,7.75442657689763e-05,0.007184244119204008,0.08279392040438122,0.002799519181000785,0.07999440117014779,27.08215731433314,31.675213675213676,1.0,0.0036579249347122307,0.00015357283759801489,0.1535728303795187,130.07947944575903,157.45299145299145,4.9609790000919025,0.0017479834192567784,4.825559664889306e-06,0.004825559436765491,2,1e-06,32,64,32,0,1.0,0.0,9.05423355102539,9.849452018737793,9.442062377929688,0.1897858828306198,0.9934940338134766,0.5740949511528015,0.8713708519935608,0.08814442157745361,256,64,256,0,1.0,0.0,0.17016983032226562,1.636806845664978,0.7207755446434021,0.22510594129562378,0.9582896828651428,-0.9591923952102661,-0.0035093699116259813,0.41194507479667664,288,288,0,1.0,0.0,0.14237516645782738,0.1244832123530672,0.1244832123530672,0.0027682265425299077,0.057677834522559916,0.13571756532395718,0.30903224999545725,186,26880.0,1.0,0.1244832123530672,0.002378853003276472,0.1221043586413911,0.0,0.0,0.0,0.1244832123530672,0.1244832123530672,0.0027682265425299077,0.057677834522559916,0.13571756532395718,0.30903224999545725,0.14237516645782738,0.24220489001562517,0.2969892401528615,0.12330066666324088,0.12330066666324088,0.0027682265425299077,0.06299368582756049,0.1435250811959787,0.3120967669272295,0.15212192356346116,0.2538628105514793,0.30048386231865937,0.12330066666324088,0.0023622606222101663,0.12093840428489319,0.0,0.0,0.0,0,1,294,294
finetune,315,21,100.22148156166077,9.571721736097086e-05,0.0943397818467556,0.08778310732709037,0.0028737683976506894,0.08490933815383503,0.0028005975366243697,0.5399153207102393,0.0012219437421896518,2.202748277113642e-07,0.0008938789512137743,0.02798126886288325,0.08959588548566541,1.013279593185112e-09,1.0132795519645238e-06,0.0,0.001,0.0,1.0,1.0,0.055563930262867205,0.06750886578463082,0.05400709287287333,0.9996968018702972,0.9165811131143162,0.08395737123030883,0.0027194988981494284,8.109864708793382e-05,0.27223441004753113,0.3754935562610626,4.618033988749895,0.1,0.001,0.25,0.002460803162967229,0.00012294804015317256,0.006385084146108382,4.072770532061402e-05,0.006344356088556795,0.08299429421750908,0.0028432226181627275,0.08015107134213814,26.958746037931522,31.70940170940171,1.0,0.0036734200309579954,0.0001577064007832609,0.1577063931359185,129.98873601408087,156.82905982905982,4.937769210509756,0.0017655777364857814,4.490893323131436e-06,0.0044908931112696985,2,1e-06,32,64,32,0,1.0,0.0,9.05423355102539,9.849452018737793,9.442062377929688,0.1897858828306198,0.9934940338134766,0.5740949511528015,0.8713708519935608,0.08814442157745361,256,64,256,0,1.0,0.0,0.17016983032226562,1.636806845664978,0.7207755446434021,0.22510594129562378,0.9582896828651428,-0.9591923952102661,-0.0035093699116259813,0.41194507479667664,288,288,0,1.0,0.0,0.13709439980166574,0.12425157126594097,0.12425157126594097,0.002790050179836281,0.055150015449892446,0.12973837950016542,0.3054300996885505,186,26880.0,1.0,0.12425157126594097,0.0024049211927550905,0.1218466505091241,0.0,0.0,0.0,0.12425157126594097,0.12425157126594097,0.002790050179836281,0.055150015449892446,0.12973837950016542,0.3054300996885505,0.13709439980166574,0.2343751307857293,0.2938709597113312,0.12357788009846464,0.12357788009846464,0.002790050179836281,0.05836969480589433,0.13545839021342895,0.3073118200465556,0.14414798075793891,0.2421418764498285,0.2988171960397433,0.12357788009846464,0.002369774899326582,0.12120810547407637,0.0,0.0,0.0,0,1,294,294
finetune,316,22,99.41190123558044,9.530702921077356e-05,0.09482138705813986,0.08879804152708787,0.0028147797369394195,0.08598326280331,0.0027721440439454764,0.5317379679435339,0.0,2.202748277113642e-07,0.0008333984983320802,0.023935649285299912,0.0856803192351109,1.0132795922362035e-09,1.0132795509928415e-06,0.0,0.001,0.0,1.0,1.0,0.05488420032665261,0.06750585925247934,0.054004687863664746,0.9996884954281342,0.9185112847222222,0.08357658109858505,0.002689007383126479,8.313666251361168e-05,0.27223441004753113,0.3754935562610626,4.58031002475138,0.1,0.001,0.25,0.0023879904265646846,0.00011841201202879992,0.007778528918567886,7.955569566951858e-05,0.007698973529359214,0.08296414502920249,0.0027551129661822836,0.08020903252893025,26.854773464365902,31.435897435897434,1.0,0.0036284869047216116,0.00016193483387389715,0.16193482610914442,128.11262535030005,155.23931623931625,4.9050933995752795,0.001749527858546338,4.338490878340092e-06,0.004338490657317333,2,1e-06,32,64,32,0,1.0,0.0,9.05423355102539,9.849452018737793,9.442062377929688,0.1897858828306198,0.9934940338134766,0.5740949511528015,0.8713708519935608,0.08814442157745361,256,64,256,0,1.0,0.0,0.17016983032226562,1.636806845664978,0.7207755446434021,0.22510594129562378,0.9582896828651428,-0.9591923952102661,-0.0035093699116259813,0.41194507479667664,288,288,0,1.0,0.0,0.1414902241079397,0.12359968049729124,0.12359968049729124,0.0028170764575058474,0.05722257867705838,0.13099774581089776,0.3088709613889135,186,26880.0,1.0,0.12359968049729124,0.0024998231464006164,0.12109985804938256,0.0,0.0,0.0,0.12359968049729124,0.12359968049729124,0.0028170764575058474,0.05722257867705838,0.13099774581089776,0.3088709613889135,0.1414902241079397,0.23875526410918083,0.29806450866563344,0.12327293718748904,0.12327293718748904,0.0028170764575058474,0.061871234517824905,0.13816653049340652,0.3115591323904453,0.15068913281204238,0.2493898238465991,0.29930106734716766,0.12327293718748904,0.002449593006415253,0.12082334385907396,0.0,0.0,0.0,0,1,294,294
finetune,317,23,99.78779554367065,9.487916106540464e-05,0.0947684124748931,0.08844106886376682,0.0028937468223142414,0.0855473218820034,0.0027789430947512644,0.5244824967832646,0.0,2.202748277113642e-07,0.0011144630885439224,0.026681831918465786,0.08791022496218355,1.0132795827471177e-09,1.0132795412760177e-06,0.0,0.001,0.0,1.0,1.0,0.05773132436104819,0.06734867456058662,0.05387893959115713,0.9996959791224227,0.9172759748931624,0.08361358545784257,0.0026985602154850196,8.038288408578931e-05,0.27223441004753113,0.3754935562610626,4.541026485551578,0.1,0.001,0.25,0.002469693052604333,0.0001204970285315594,0.007635413581489498,6.491396552286087e-05,0.007570500047797831,0.082714508422929,0.0028450613496645996,0.07986944710087572,27.039271224258293,31.564102564102566,1.0,0.0036462022381651606,0.00015635091089917163,0.15635090404086643,131.1584719796466,158.22222222222223,4.9907258064516125,0.001750918179869843,4.414856135052758e-06,0.004414855924427,2,1e-06,32,64,32,0,1.0,0.0,9.05423355102539,9.849452018737793,9.442062377929688,0.1897858828306198,0.9934940338134766,0.5740949511528015,0.8713708519935608,0.08814442157745361,256,64,256,0,1.0,0.0,0.17016983032226562,1.636806845664978,0.7207755446434021,0.22510594129562378,0.9582896828651428,-0.9591923952102661,-0.0035093699116259813,0.41194507479667664,288,288,0,1.0,0.0,0.13631057380748693,0.1246791421733004,0.1246791421733004,0.0028100146793146085,0.05629492012323231,0.13278795849852343,0.30795698124234394,186,26880.0,1.0,0.1246791421733004,0.0024943708595720694,0.12218477053845182,0.0,0.0,0.0,0.1246791421733004,0.1246791421733004,0.0028100146793146085,0.05629492012323231,0.13278795849852343,0.30795698124234394,0.13631057380748693,0.2347292996622542,0.2948387003233356,0.12461801126916358,0.12461801126916358,0.0028100146793146085,0.05981789473243939,0.13817405919995038,0.3103763356965075,0.1436687403268391,0.24287289180742797,0.29564515300976335,0.12461801126916358,0.0024352501210895307,0.12218276078396655,0.0,0.0,0.0,0,1,294,294
finetune,318,24,99.17540240287781,9.443380060197383e-05,0.0947291870147754,0.08856565658098613,0.0028140114109891537,0.08575164501228903,0.00277601847719624,0.5163859954247108,0.004343327166687729,2.202748277113642e-07,0.0007326328117430507,0.02333498180199128,0.08361152177437758,1.0132795922362035e-09,1.0132795509928415e-06,0.0,0.001,0.0,1.0,1.0,0.05400999145120637,0.0675058599211212,0.054004687975105055,0.9996884882959545,0.9182087172809829,0.083565635049445,0.00269268981865647,8.332866824104682e-05,0.27223441004753113,0.3754935562610626,4.500222139260919,0.1,0.001,0.25,0.0023950552286751345,0.00011775288873424994,0.007306840175237411,7.443807414199552e-05,0.007232402124975482,0.08308552638587789,0.0027581828533926518,0.08032734341855742,26.912834921453754,31.46153846153846,1.0,0.0036361198991728136,0.00016164991779016075,0.16164990979382116,129.79629314455212,156.63247863247864,4.946407197116319,0.0017492597172450689,5.007419063601376e-06,0.0050074188118307,2,1e-06,32,64,32,0,1.0,0.0,9.05423355102539,9.849452018737793,9.442062377929688,0.1897858828306198,0.9934940338134766,0.5740949511528015,0.8713708519935608,0.08814442157745361,256,64,256,0,1.0,0.0,0.17016983032226562,1.636806845664978,0.7207755446434021,0.22510594129562378,0.9582896828651428,-0.9591923952102661,-0.0035093699116259813,0.41194507479667664,288,288,0,1.0,0.0,0.13405111349958887,0.12447344749531847,0.12447344749531847,0.002829108808308523,0.05234548512105179,0.12473460771043295,0.3081182720520163,186,26880.0,1.0,0.12447344749531847,0.0026009707622467837,0.1218724769163639,0.0,0.0,0.0,0.12447344749531847,0.12447344749531847,0.002829108808308523,0.05234548512105179,0.12473460771043295,0.3081182720520163,0.13405111349958887,0.22911020031859797,0.2958602066482267,0.12432167726628324,0.12432167726628324,0.002829108808308523,0.05482801239466875,0.13045736373231936,0.30956988525326534,0.13977300233498055,0.23875029248896465,0.29494622830421696,0.12432167726628324,0.0025589525912630747,0.1217627244743895,0.0,0.0,0.0,0,1,294,294
finetune,319,25,102.25038695335388,9.397114317029971e-05,0.09407700636448005,0.08794830395625187,0.002956787344171769,0.08499151710261646,0.002788886342309097,0.5097495992468972,0.0,2.202748277113642e-07,0.0008976857810548375,0.025020074588843644,0.08369103054969738,1.0132795808493007e-09,1.013279539332653e-06,0.0,0.001,0.0,1.0,1.0,0.056278509398301445,0.067408836995944,0.053927069418450706,0.9996961207471342,0.9162242922008547,0.08383256489904518,0.002707461311091852,8.14250280456737e-05,0.27223441004753113,0.3754935562610626,4.4579372548428235,0.1,0.001,0.25,0.0025156356461951113,0.00012336703041669392,0.006850498609053783,7.695311274475012e-05,0.006773545701279599,0.08281042987210119,0.002899072510110708,0.07991135769929641,26.90720651088617,31.71794871794872,1.0,0.0036544425285652154,0.00015866453986357237,0.1586645321968274,130.92984504373663,158.31623931623932,4.980077594921865,0.0017604800647634089,4.185515785173686e-06,0.004185515591221997,2,1e-06,32,64,32,0,1.0,0.0,9.05423355102539,9.849452018737793,9.442062377929688,0.1897858828306198,0.9934940338134766,0.5740949511528015,0.8713708519935608,0.08814442157745361,256,64,256,0,1.0,0.0,0.17016983032226562,1.636806845664978,0.7207755446434021,0.22510594129562378,0.9582896828651428,-0.9591923952102661,-0.0035093699116259813,0.41194507479667664,288,288,0,1.0,0.0,0.1437591967042736,0.12391111540033463,0.12391111540033463,0.0028056772277155455,0.058061356708828,0.13658234700360286,0.3091397768547458,186,26880.0,1.0,0.12391111540033463,0.0024564059431407045,0.12145471049750105,0.0,0.0,0.0,0.12391111540033463,0.12391111540033463,0.0028056772277155455,0.058061356708828,0.13658234700360286,0.3091397768547458,0.1437591967042736,0.24101776821959403,0.2952688089621964,0.12400700738455386,0.12400700738455386,0.0028056772277155455,0.06274240562111459,0.14148648772188413,0.3086559068291418,0.15202257043171313,0.2513260185237854,0.29661289514392936,0.12400700738455386,0.002402076633904684,0.12160493053020315,0.0,0.0,0.0,0,1,294,294
finetune,320,26,99.11007833480835,9.349139170722277e-05,0.09431147645426612,0.0881929471452012,0.0028627308858677936,0.08533021648470153,0.002787275311465447,0.50134518258592,0.0,2.202748277113642e-07,0.0007918650259472267,0.024924751562185776,0.08379869643821676,1.013279584644935e-09,1.0132795432193825e-06,0.0,0.001,0.0,1.0,1.0,0.05474590483065854,0.06746585208636063,0.053972682191265955,0.9996955129835341,0.9176536625267094,0.0836286782963663,0.002704238481262428,8.303683623522281e-05,0.27223441004753113,0.3754935562610626,4.414213562373095,0.1,0.001,0.25,0.002451392057307988,0.00011938082418490587,0.007071510594115298,5.3748970007539814e-05,0.0070177612141666245,0.08288931432697508,0.002822419157367136,0.08006689557407656,26.830150318960857,31.581196581196583,1.0,0.003655682379602749,0.00016194370475873296,0.16194369650294638,129.58070878901034,156.0940170940171,4.923591822384283,0.0017527945749620851,4.129968337961961e-06,0.004129968137822599,2,1e-06,32,64,32,0,1.0,0.0,9.05423355102539,9.849452018737793,9.442062377929688,0.1897858828306198,0.9934940338134766,0.5740949511528015,0.8713708519935608,0.08814442157745361,256,64,256,0,1.0,0.0,0.17016983032226562,1.636806845664978,0.7207755446434021,0.22510594129562378,0.9582896828651428,-0.9591923952102661,-0.0035093699116259813,0.41194507479667664,288,288,0,1.0,0.0,0.14815449075753329,0.12362104654312134,0.12362104654312134,0.0027885305189943696,0.06100379107820411,0.13964310639928426,0.3118279492983254,186,26880.0,1.0,0.12362104654312134,0.002381822582274834,0.12123922480547682,0.0,0.0,0.0,0.12362104654312134,0.12362104654312134,0.0027885305189943696,0.06100379107820411,0.13964310639928426,0.3118279492983254,0.14815449075753329,0.244403482685166,0.2938709599516725,0.12388077029522429,0.12388077029522429,0.0027885305189943696,0.06565496083899772,0.14240657095547005,0.30870967005850164,0.15504659219614922,0.24991092137912269,0.29838708876281655,0.12388077029522429,0.0023259988767986603,0.12155477100230277,0.0,0.0,0.0,0,1,294,294
finetune,321,27,98.4410560131073,9.299475664759065e-05,0.09360539855865332,0.0875700846569151,0.0028562192699641115,0.08471386529441573,0.0027447782325534485,0.4908696940312019,0.0,2.202748277113642e-07,0.0006642637889675297,0.024737298854777955,0.08161414777621245,1.013279591287295e-09,1.0132795500211591e-06,0.0,0.001,0.0,1.0,1.0,0.05295801175455762,0.06740883616810171,0.05392706967317141,0.9996961212565756,0.9174366486378205,0.08312547245086768,0.002666262159537938,7.851608128647089e-05,0.27223441004753113,0.3754935562610626,4.3690942118573775,0.1,0.001,0.25,0.0024449004892172278,0.00011850972127559411,0.006714155276616414,5.909351783239434e-05,0.0066550616015735855,0.08253446832681313,0.0028118991310923146,0.07972256902955537,27.02135930509649,31.65811965811966,1.0,0.003601636932605607,0.00015292235862306503,0.1529223511361668,129.04778162638345,156.02564102564102,4.9167454857762465,0.0017308873606001975,4.109804643172134e-06,0.004109804446880634,2,1e-06,32,64,32,0,1.0,0.0,9.05423355102539,9.849452018737793,9.442062377929688,0.1897858828306198,0.9934940338134766,0.5740949511528015,0.8713708519935608,0.08814442157745361,256,64,256,0,1.0,0.0,0.17016983032226562,1.636806845664978,0.7207755446434021,0.22510594129562378,0.9582896828651428,-0.9591923952102661,-0.0035093699116259813,0.41194507479667664,288,288,0,1.0,0.0,0.1426545186068422,0.12488586614106564,0.12488586614106564,0.002772304036238409,0.059177650744596154,0.13682648318228863,0.31241934786560716,186,26880.0,1.0,0.12488586614106564,0.002465425405968377,0.12242044064592808,0.0,0.0,0.0,0.12488586614106564,0.12488586614106564,0.002772304036238409,0.059177650744596154,0.13682648318228863,0.31241934786560716,0.1426545186068422,0.23868081742717373,0.29672042184299036,0.1245447855363501,0.1245447855363501,0.002772304036238409,0.06327525682757379,0.14014667121353008,0.3106451540063786,0.14968928718759167,0.24532081415095636,0.2959677342285392,0.1245447855363501,0.0024301063100946076,0.12211467864665579,0.0,0.0,0.0,0,1,294,294
finetune,322,28,98.97672986984253,9.248145583195444e-05,0.09351948833363688,0.087595388547987,0.0028646916079406557,0.08473069672910576,0.002757787606957504,0.4822477099732456,0.0,2.202748277113642e-07,0.0007891460060904153,0.023745921703103263,0.07909313114917177,1.0132795893894777e-09,1.0132795480777943e-06,0.0,0.001,0.0,1.0,1.0,0.054013873538018294,0.06740883661386295,0.053927069959732205,0.9996961187093686,0.9182984441773504,0.08322511804409516,0.002674406485902703,8.338111405868808e-05,0.27223441004753113,0.3754935562610626,4.322623730647304,0.1,0.001,0.25,0.0024468520532847727,0.00011913572296522096,0.006762622768043453,6.553383233646552e-05,0.006697088989437136,0.08252342140827423,0.002815541232195802,0.07970788005070809,26.755930028410038,31.615384615384617,1.0,0.0036138722326797554,0.0001624341538344096,0.16243414593558025,127.37563268547385,154.56410256410257,4.872109614887488,0.001734940711265573,4.328073812672285e-06,0.0043280735993996644,2,1e-06,32,64,32,0,1.0,0.0,9.05423355102539,9.849452018737793,9.442062377929688,0.1897858828306198,0.9934940338134766,0.5740949511528015,0.8713708519935608,0.08814442157745361,256,64,256,0,1.0,0.0,0.17016983032226562,1.636806845664978,0.7207755446434021,0.22510594129562378,0.9582896828651428,-0.9591923952102661,-0.0035093699116259813,0.41194507479667664,288,288,0,1.0,0.0,0.14213029962153204,0.1244463546479002,0.1244463546479002,0.002818053712117228,0.05605177295153901,0.1316935189909512,0.3086021436798957,186,26880.0,1.0,0.1244463546479002,0.0025484818306335424,0.12189787404334292,0.0,0.0,0.0,0.1244463546479002,0.1244463546479002,0.002818053712117228,0.05605177295153901,0.1316935189909512,0.3086021436798957,0.14213029962153204,0.24029915058805096,0.29639784102478334,0.123795673885244,0.123795673885244,0.002818053712117228,0.06029797281809552,0.13702736151034153,0.31220429382657494,0.14889630180613328,0.24651796130403394,0.2977956909966725,0.123795673885244,0.002531353277748728,0.12126432105581811,0.0,0.0,0.0,0,1,294,294
finetune,323,29,100.47758841514587,9.195171441101665e-05,0.09460182163195732,0.08868969098115578,0.002895141270660405,0.08579454959457757,0.0027952722878728667,0.47395347096981144,0.0,2.202748277113642e-07,0.000741672242098895,0.02338718700663706,0.07773969841436443,1.013279593185112e-09,1.0132795519645238e-06,0.0,0.001,0.0,1.0,1.0,0.05363678230116001,0.067624799365926,0.05409983948318877,0.9996948272753985,0.917945796607906,0.08371819078158109,0.0027099495801406028,8.532271220977617e-05,0.27223441004753113,0.3754935562610626,4.2748479794973795,0.1,0.001,0.25,0.0024778583702933774,0.00012075040937124247,0.007845179392741276,5.6822408133974444e-05,0.007788357062217517,0.08280580630923948,0.0028525244650574257,0.07995328167055407,26.708228233533028,31.41025641025641,1.0,0.0036637594995017233,0.00016616738978952455,0.1661673814822466,128.93596006866196,155.69230769230768,4.923089886920962,0.0017561396757045235,4.478035018214891e-06,0.004478034810123281,2,1e-06,32,64,32,0,1.0,0.0,9.05423355102539,9.849452018737793,9.442062377929688,0.1897858828306198,0.9934940338134766,0.5740949511528015,0.8713708519935608,0.08814442157745361,256,64,256,0,1.0,0.0,0.17016983032226562,1.636806845664978,0.7207755446434021,0.22510594129562378,0.9582896828651428,-0.9591923952102661,-0.0035093699116259813,0.41194507479667664,288,288,0,1.0,0.0,0.14483117774849938,0.12396674143507126,0.12396674143507126,0.002840688546247622,0.05587811551747784,0.12926316271305724,0.30580644457731193,186,26880.0,1.0,0.12396674143507126,0.0024858079801135242,0.1214809332122194,0.0,0.0,0.0,0.12396674143507126,0.12396674143507126,0.002840688546247622,0.05587811551747784,0.12926316271305724,0.30580644457731193,0.14483117774849938,0.24033972480764954,0.2952150454924953,0.12388697948227538,0.12388697948227538,0.002840688546247622,0.059083813746329594,0.13286691130970113,0.30290321873561027,0.15036323981019117,0.24747541430656628,0.2968279493431891,0.12388697948227538,0.002452701070108154,0.12143427751799847,0.0,0.0,0.0,0,1,294,294
finetune,324,30,99.48970937728882,9.14057647468726e-05,0.09417322137926379,0.08829004495826542,0.0028947038813812546,0.08539534124553713,0.0027828602633701684,0.4653482974594475,0.0,2.202748277113642e-07,0.0007847297188202661,0.023214039309189107,0.07781269016046809,1.0132795903383862e-09,1.0132795490494766e-06,0.0,0.001,0.0,1.0,1.0,0.054168814681788795,0.06755990152939773,0.05404792191126408,0.9996922917855091,0.9178039029113247,0.08386061811803752,0.0026994412705206717,8.341899026870831e-05,0.27223441004753113,0.3754935562610626,4.225814107305953,0.1,0.001,0.25,0.0024792688712676684,0.00011919534266718641,0.00770241735327957,6.154331609479383e-05,0.007640874029224754,0.08251323181594539,0.0028485463933151565,0.07966468553257804,26.920707539615467,31.58974358974359,1.0,0.00363711227909622,0.00016194224707970323,0.16194223950051853,128.64940929412842,155.7094017094017,4.9026974593506845,0.001761770262940126,4.895734196677825e-06,0.0048957339718810515,2,1e-06,32,64,32,0,1.0,0.0,9.05423355102539,9.849452018737793,9.442062377929688,0.1897858828306198,0.9934940338134766,0.5740949511528015,0.8713708519935608,0.08814442157745361,256,64,256,0,1.0,0.0,0.17016983032226562,1.636806845664978,0.7207755446434021,0.22510594129562378,0.9582896828651428,-0.9591923952102661,-0.0035093699116259813,0.41194507479667664,288,288,0,1.0,0.0,0.14629242457048866,0.12372033012674209,0.12372033012674209,0.0027763351916949798,0.05944707952890425,0.13885114910782023,0.3087634325668376,186,26880.0,1.0,0.12372033012674209,0.0024858934413443537,0.12123443535033693,0.0,0.0,0.0,0.12372033012674209,0.12372033012674209,0.0027763351916949798,0.05944707952890425,0.13885114910782023,0.3087634325668376,0.14629242457048866,0.2450062390216576,0.2967741856331466,0.12419815028601504,0.12419815028601504,0.0027763351916949798,0.0625983367233427,0.14176099633257236,0.31010751914913937,0.15107797839308298,0.24947821076518745,0.29559139058154116,0.12419815028601504,0.002428799414353326,0.12176935041838503,0.0,0.0,0.0,0,1,294,294
finetune,325,31,101.54055500030518,9.084384631108879e-05,0.09500575218445216,0.08924966744887523,0.0029516665898780855,0.08629800086347465,0.0027798405275321924,0.4557684252404759,0.0,2.202748277113642e-07,0.0007759012666463247,0.02217831963705074,0.07576212774102505,1.6078941845581674e-08,1.607894155585332e-05,0.0,0.001,0.0,1.0,1.0,0.0532742282614494,0.06752485329778786,0.054019883402392395,0.9996958568564847,0.9165352063301282,0.08358064860614955,0.0026943845730115715,8.54559568060178e-05,0.27223441004753113,0.3754935562610626,4.175570504584947,0.1,0.001,0.25,0.0025196834203675706,0.00012262344623591978,0.008309852618437547,6.9984039848941e-05,0.008239868359688,0.0830172779213669,0.0028991785609863824,0.08011809959370866,26.686037846100636,31.581196581196583,1.0,0.0036390577900645314,0.0001666183612915353,0.16661835328126565,128.89341536953918,156.11111111111111,4.927625082539731,0.001749711342028573,4.293552017335394e-06,0.004293551811805138,2,1e-06,32,64,32,0,1.0,0.0,9.05423355102539,9.849452018737793,9.442062377929688,0.1897858828306198,0.9934940338134766,0.5740949511528015,0.8713708519935608,0.08814442157745361,256,64,256,0,1.0,0.0,0.17016983032226562,1.636806845664978,0.7207755446434021,0.22510594129562378,0.9582896828651428,-0.9591923952102661,-0.0035093699116259813,0.41194507479667664,288,288,0,1.0,0.0,0.14363039487231805,0.12331787005383918,0.12331787005383918,0.0028199599461352573,0.05821706348859895,0.13612341141248102,0.3033333258923664,186,26880.0,1.0,0.12331787005383918,0.002499710746168932,0.12081815841350149,0.0,0.0,0.0,0.12331787005383918,0.12331787005383918,0.0028199599461352573,0.05821706348859895,0.13612341141248102,0.3033333258923664,0.14363039487231805,0.24186372372411913,0.2941397774604059,0.12357261333059757,0.12357261333059757,0.0028199599461352573,0.061757031642901965,0.13909351463199301,0.3039247226570883,0.1496530179214734,0.24836412729114615,0.2943548302176178,0.12357261333059757,0.002447181884100304,0.12112543145392804,0.0,0.0,0.0,0,1,294,294
finetune,326,32,100.80515241622925,9.026620557966276e-05,0.09386694138376121,0.08778360053005381,0.0029467276146269254,0.08483687297910707,0.002779545694287134,0.4465609345680628,0.0,2.202748277113642e-07,0.0008049454905042297,0.02506610518719396,0.07963803728930971,1.0132795960318377e-09,1.013279554879571e-06,0.0,0.001,0.0,1.0,1.0,0.05422809855359742,0.06769460850419143,0.054155686949817546,0.9996961176904857,0.9178602430555556,0.08375709147280098,0.002698727606787768,8.081808812124256e-05,0.27223441004753113,0.3754935562610626,4.124166755704261,0.1,0.001,0.25,0.0025170992758387746,0.00012144099852395081,0.006931845703695575,6.908601802638454e-05,0.006862760099590334,0.08258471593388125,0.002894913101107137,0.07968980303177467,26.937392683110687,31.632478632478634,1.0,0.003640530712536385,0.0001575363777915183,0.1575363701225346,130.1181989164434,156.47863247863248,4.932245711029532,0.0017569244980541433,4.099799215195022e-06,0.004099799017620902,2,1e-06,32,64,32,0,1.0,0.0,9.05423355102539,9.849452018737793,9.442062377929688,0.1897858828306198,0.9934940338134766,0.5740949511528015,0.8713708519935608,0.08814442157745361,256,64,256,0,1.0,0.0,0.17016983032226562,1.636806845664978,0.7207755446434021,0.22510594129562378,0.9582896828651428,-0.9591923952102661,-0.0035093699116259813,0.41194507479667664,288,288,0,1.0,0.0,0.1413858655679931,0.12396405700673448,0.12396405700673448,0.002778045654772444,0.057858403554306395,0.1329591521112028,0.30763440114516083,186,26880.0,1.0,0.12396405700673448,0.002578463322393834,0.12138559368062526,0.0,0.0,0.0,0.12396405700673448,0.12396405700673448,0.002778045654772444,0.057858403554306395,0.1329591521112028,0.30763440114516083,0.1413858655679931,0.2387016259774726,0.2952688082411725,0.12432323713251885,0.12432323713251885,0.002778045654772444,0.0608739519231422,0.13638624498840943,0.307634400744592,0.14806336799376113,0.2459001156191031,0.2926344008695695,0.12432323713251885,0.002525282326461549,0.12179795525809552,0.0,0.0,0.0,0,1,294,294
finetune,327,33,98.47778105735779,8.967309592491048e-05,0.09387853779853919,0.08807739029582749,0.002870468746146394,0.08520692192081712,0.0027566823778021284,0.4345243840645521,0.0,2.202748277113642e-07,0.0007417321809416768,0.02280598919854587,0.07631249757658722,1.0132795960318377e-09,1.013279554879571e-06,0.0,0.001,0.0,1.0,1.0,0.05380929199357828,0.0673486737964245,0.05387893946379678,0.999695969443036,0.9187762920673077,0.0833317673104441,0.0026777075846384987,7.897479546457354e-05,0.27223441004753113,0.3754935562610626,4.071653589957993,0.1,0.001,0.25,0.0024525729121449283,0.00011785556651173263,0.007785267045355251,7.21262230609472e-05,0.007713140840204353,0.08223844007549123,0.0028163740783531824,0.07942206622698368,27.05975180405837,31.65811965811966,1.0,0.003615071571185293,0.00015357213929264696,0.15357213142590645,129.3708364046537,156.42735042735043,4.928726842557915,0.0017403435921216877,4.377452950214701e-06,0.004377452736226921,2,1e-06,32,64,32,0,1.0,0.0,9.05423355102539,9.849452018737793,9.442062377929688,0.1897858828306198,0.9934940338134766,0.5740949511528015,0.8713708519935608,0.08814442157745361,256,64,256,0,1.0,0.0,0.17016983032226562,1.636806845664978,0.7207755446434021,0.22510594129562378,0.9582896828651428,-0.9591923952102661,-0.0035093699116259813,0.41194507479667664,288,288,0,1.0,0.0,0.1450887654697703,0.12408332605945303,0.12408332605945303,0.0028253670910650744,0.06055544351317709,0.1373225178329214,0.3098924649498796,186,26880.0,1.0,0.12408332605945303,0.002540015045830861,0.12154331074116077,0.0,0.0,0.0,0.12408332605945303,0.12408332605945303,0.0028253670910650744,0.06055544351317709,0.1373225178329214,0.3098924649498796,0.1450887654697703,0.24143007629981605,0.2951075191138893,0.12443515373037216,0.12443515373037216,0.0028253670910650744,0.0641680976941741,0.14158146450876868,0.30559139049822287,0.15140032620039037,0.24922074133189775,0.2933870884840206,0.12443515373037216,0.0024891905734275885,0.12194596167574538,0.0,0.0,0.0,0,1,294,294
finetune,328,34,101.27174067497253,8.9064777504329e-05,0.09360898133271779,0.08783726999138156,0.0029655254210154405,0.08487174481662929,0.002805385436130385,0.4277856441644522,0.0,2.202748277113642e-07,0.0007728079526403344,0.022098566313934885,0.07556845636194588,1.2739172361821849e-08,1.2739172041067979e-05,0.0,0.001,0.0,1.0,1.0,0.05416939310474783,0.06768348615648401,0.05414678961930112,0.9996966526039646,0.9161220452724359,0.08397680094354174,0.0027201613291907003,8.522411138610318e-05,0.27223441004753113,0.3754935562610626,4.018082831500743,0.1,0.001,0.25,0.0025447956196820508,0.000122681409996784,0.00715856648917891,5.6686104697167364e-05,0.007101880179511176,0.0824683453155379,0.0029230108419950637,0.07954533468199591,26.730191679082367,31.64957264957265,1.0,0.0036738089417131282,0.00016654080210196882,0.16654079388349485,130.45758327255902,157.1965811965812,4.951931455178118,0.00176651371567327,3.9074218974723735e-06,0.003907421715239175,2,1e-06,32,64,32,0,1.0,0.0,9.05423355102539,9.849452018737793,9.442062377929688,0.1897858828306198,0.9934940338134766,0.5740949511528015,0.8713708519935608,0.08814442157745361,256,64,256,0,1.0,0.0,0.17016983032226562,1.636806845664978,0.7207755446434021,0.22510594129562378,0.9582896828651428,-0.9591923952102661,-0.0035093699116259813,0.41194507479667664,288,288,0,1.0,0.0,0.1451614620865032,0.12360029588354395,0.12360029588354395,0.0028087681684484506,0.05853017354484207,0.1368533304882466,0.30999999377195553,186,26880.0,1.0,0.12360029588354395,0.0025728522785047584,0.12102744332019319,0.0,0.0,0.0,0.12360029588354395,0.12360029588354395,0.0028087681684484506,0.05853017354484207,0.1368533304882466,0.30999999377195553,0.1451614620865032,0.2411250136392091,0.29526880928265153,0.12347582933750559,0.12347582933750559,0.0028087681684484506,0.06176142351982254,0.14099156501032012,0.308763433127634,0.1513424518928733,0.24919709134646642,0.2969354773240705,0.12347582933750559,0.0025335914539569553,0.12094223752934882,0.0,0.0,0.0,0,1,294,294
finetune,329,35,99.6679322719574,8.844151714648272e-05,0.09470862500433229,0.08878690208125319,0.0029521232458929983,0.08583477922739127,0.002784336674321666,0.41670791944886887,0.0019229093932697915,2.202748277113642e-07,0.0007888292632870639,0.022712932207072392,0.07691586625754324,1.0132795941340207e-09,1.0132795529362063e-06,0.0,0.001,0.0,1.0,1.0,0.05327605298505379,0.06813695647905016,0.0545095653933847,0.99969687522986,0.9172154614049145,0.08374735611116785,0.0027032566025980516,8.108006875415266e-05,0.27223441004753113,0.3754935562610626,3.9635073482034304,0.1,0.001,0.25,0.0025269292099958556,0.00012086964784235829,0.008150956569573818,6.788870534644678e-05,0.008083068152778169,0.08267368478143317,0.002901206716385662,0.07977247817648782,26.948057142078365,31.666666666666668,1.0,0.003650210268445249,0.00015798418058289422,0.1579841731959938,129.8370475769043,156.81196581196582,4.940952992697989,0.001756302948690887,4.175956641679827e-06,0.004175956432635968,2,1e-06,32,64,32,0,1.0,0.0,9.05423355102539,9.849452018737793,9.442062377929688,0.1897858828306198,0.9934940338134766,0.5740949511528015,0.8713708519935608,0.08814442157745361,256,64,256,0,1.0,0.0,0.17016983032226562,1.636806845664978,0.7207755446434021,0.22510594129562378,0.9582896828651428,-0.9591923952102661,-0.0035093699116259813,0.41194507479667664,288,288,0,1.0,0.0,0.14470012852501485,0.12386553956473127,0.12386553956473127,0.0028248489239907013,0.057628415740265324,0.13645711243753472,0.30811827245258516,186,26880.0,1.0,0.12386553956473127,0.0025894770007382365,0.1212760625367469,0.0,0.0,0.0,0.12386553956473127,0.12386553956473127,0.0028248489239907013,0.057628415740265324,0.13645711243753472,0.30811827245258516,0.14470012852501485,0.24354498472905928,0.2977956912370138,0.12432669071441001,0.12432669071441001,0.0028248489239907013,0.060911440641008396,0.13941051142029864,0.3043548314161198,0.14923464562944186,0.2497122171585278,0.29602149785846793,0.12432669071441001,0.002537180585390393,0.12178950931163544,0.0,0.0,0.0,0,1,294,294
finetune,330,36,97.63976550102234,8.780358823396349e-05,0.09345890110374516,0.08773410657786915,0.002867998364262092,0.0848661084842478,0.0027852748265951616,0.40655401374539757,0.0,2.202748277113642e-07,0.0008488758893512039,0.021951609442376684,0.07435098783964784,1.0132796026741977e-09,1.0132795616813476e-06,0.0,0.001,0.0,1.0,1.0,0.053828392225580335,0.06740883667754312,0.05392706964133132,0.9996961187093686,0.9188326322115384,0.08378243662862696,0.002704160725777475,8.111410597926324e-05,0.27223441004753113,0.3754935562610626,3.9079809994790935,0.1,0.001,0.25,0.002466954924683604,0.0001174084226298345,0.00722838416058793,5.1363926524153125e-05,0.007177020240033793,0.08231281852110839,0.0028294754198664785,0.07948334317686212,26.927153856326374,31.60683760683761,1.0,0.0036501766075021946,0.0001581131099921285,0.15811310262761563,130.45176713079468,156.94871794871796,4.950880408334243,0.0017581448500227723,4.11510079552072e-06,0.004115100599761702,2,1e-06,32,64,32,0,1.0,0.0,9.05423355102539,9.849452018737793,9.442062377929688,0.1897858828306198,0.9934940338134766,0.5740949511528015,0.8713708519935608,0.08814442157745361,256,64,256,0,1.0,0.0,0.17016983032226562,1.636806845664978,0.7207755446434021,0.22510594129562378,0.9582896828651428,-0.9591923952102661,-0.0035093699116259813,0.41194507479667664,288,288,0,1.0,0.0,0.1452841006259444,0.12377181680912668,0.12377181680912668,0.002837133321395897,0.0543425876512042,0.12956840607527925,0.30811827221224386,186,26880.0,1.0,0.12377181680912668,0.002586012995960389,0.12118580287441294,0.0,0.0,0.0,0.12377181680912668,0.12377181680912668,0.002837133321395897,0.0543425876512042,0.12956840607527925,0.30811827221224386,0.1452841006259444,0.2419483776614871,0.2936021426832804,0.12483509804340119,0.12483509804340119,0.002837133321395897,0.057256371631557425,0.13328471253075266,0.3060752622863298,0.1513751004371912,0.24847146976859338,0.2916666602575651,0.12483509804340119,0.002512696486442013,0.12232240115074401,0.0,0.0,0.0,0,1,294,294
finetune,331,37,100.47177529335022,8.715127058347612e-05,0.09386110477722608,0.08811235937297854,0.002957931386394442,0.08515442850498053,0.0027783079526554314,0.3950811532827524,0.0,2.202748277113642e-07,0.0007048715524278177,0.022183500922834262,0.07513824130734827,1.0132795855938435e-09,1.0132795441910648e-06,0.0,0.001,0.0,1.0,1.0,0.0530827777285097,0.067624799365926,0.05409983959462908,0.9996948257470742,0.9175535022702992,0.08368719069876222,0.0026967140794214276,8.159386367264947e-05,0.27223441004753113,0.3754935562610626,3.8515585831301453,0.1,0.001,0.25,0.0025341480066920193,0.00012074544161789987,0.00718251736755045,6.559739112217202e-05,0.007116920163488796,0.08272547128363553,0.00290873334205781,0.07981673831868376,26.90667423020061,31.692307692307693,1.0,0.0036392926604638244,0.00015859099485713424,0.15859098719735432,128.54423151260767,155.30769230769232,4.885552919381442,0.0017541355152940776,4.596732839913745e-06,0.0045967326205000915,2,1e-06,32,64,32,0,1.0,0.0,9.05423355102539,9.849452018737793,9.442062377929688,0.1897858828306198,0.9934940338134766,0.5740949511528015,0.8713708519935608,0.08814442157745361,256,64,256,0,1.0,0.0,0.17016983032226562,1.636806845664978,0.7207755446434021,0.22510594129562378,0.9582896828651428,-0.9591923952102661,-0.0035093699116259813,0.41194507479667664,288,288,0,1.0,0.0,0.1454816947701157,0.12416949757236115,0.12416949757236115,0.002808565209480993,0.05887888231494975,0.1339361053260584,0.30903224991534345,186,26880.0,1.0,0.12416949757236115,0.0026286078265253853,0.12154089041212772,0.0,0.0,0.0,0.12416949757236115,0.12416949757236115,0.002808565209480993,0.05887888231494975,0.1339361053260584,0.30903224991534345,0.1454816947701157,0.2398015989331148,0.29543009913095863,0.12511839495694382,0.12511839495694382,0.002808565209480993,0.060310675409592444,0.13638783569738108,0.30704300377958565,0.15003468188387092,0.24692885161087078,0.2911290254003258,0.12511839495694382,0.0025639605703466433,0.12255443426522802,0.0,0.0,0.0,0,1,294,294
finetune,332,38,100.34684467315674,8.648485032310144e-05,0.09336828847980908,0.08750840887809411,0.0029501457450887524,0.08455826361209919,0.0027865720335712545,0.38563317366135424,0.0006092898866050264,2.202748277113642e-07,0.0008834394275332189,0.02287269940074438,0.07546896500210477,1.013279586542752e-09,1.0132795451627471e-06,0.0,0.001,0.0,1.0,1.0,0.05335577209599507,0.06748502360831977,0.05398801935470512,0.9996923524090368,0.9173803084935898,0.08368485885807592,0.002701564534750377,8.500749726618569e-05,0.27223441004753113,0.3754935562610626,3.794295781269561,0.1,0.001,0.25,0.0025435676250972934,0.00012113296627978701,0.006810206123906323,4.1631278761017784e-05,0.00676857457201705,0.0824007544762049,0.002918922287137367,0.07948183255572604,26.724779243143196,31.512820512820515,1.0,0.003648908711317131,0.00016578609879654992,0.16578609107905984,129.54792329185028,156.8034188034188,4.9480807259728286,0.0017542203492285986,4.228895768372815e-06,0.004228895546024681,2,1e-06,32,64,32,0,1.0,0.0,9.05423355102539,9.849452018737793,9.442062377929688,0.1897858828306198,0.9934940338134766,0.5740949511528015,0.8713708519935608,0.08814442157745361,256,64,256,0,1.0,0.0,0.17016983032226562,1.636806845664978,0.7207755446434021,0.22510594129562378,0.9582896828651428,-0.9591923952102661,-0.0035093699116259813,0.41194507479667664,288,288,0,1.0,0.0,0.14972396943998592,0.12276376546063322,0.12276376546063322,0.002775033529689337,0.05986236275664421,0.13761160078067933,0.3094085942833654,186,26880.0,1.0,0.12276376546063322,0.0025294177491772683,0.12023434772136364,0.0,0.0,0.0,0.12276376546063322,0.12276376546063322,0.002775033529689337,0.05986236275664421,0.13761160078067933,0.3094085942833654,0.14972396943998592,0.2482455034730255,0.2973118200097033,0.12323092891180769,0.12323092891180769,0.002775033529689337,0.06192908071542299,0.1408187620121465,0.3055376271887492,0.155252996772047,0.2538819324265244,0.294677411676735,0.12323092891180769,0.002483859995102629,0.12074706798538248,0.0,0.0,0.0,0,1,294,294
finetune,333,39,96.52094388008118,8.580461976679098e-05,0.09303427665916264,0.08714268936051263,0.0028464354168719207,0.08429625432970178,0.0027574137864140873,0.37360346138986766,0.0,2.202748277113642e-07,0.000705747772364205,0.023647989673762877,0.07686693017554079,1.0132795941340207e-09,1.0132795529362063e-06,0.0,0.001,0.0,1.0,1.0,0.052926390598981805,0.06756272061895101,0.054050176905897945,0.9996961100488646,0.919410640357906,0.083329571554294,0.0026766274514425006,8.078634363122018e-05,0.27223441004753113,0.3754935562610626,3.7362491053693563,0.1,0.001,0.25,0.002458343671885534,0.00011563971948374111,0.007036616914292686,4.224172837108883e-05,0.00699437530631693,0.08186522667479311,0.0028147541193498504,0.07905047272260372,26.93772519755567,31.615384615384617,1.0,0.003613329737280042,0.00015722530473344043,0.15722529704754168,128.13595982086963,154.46153846153845,4.8705678696946775,0.001739925170579973,4.347381619991055e-06,0.004347381428775624,2,1e-06,32,64,32,0,1.0,0.0,9.05423355102539,9.849452018737793,9.442062377929688,0.1897858828306198,0.9934940338134766,0.5740949511528015,0.8713708519935608,0.08814442157745361,256,64,256,0,1.0,0.0,0.17016983032226562,1.636806845664978,0.7207755446434021,0.22510594129562378,0.9582896828651428,-0.9591923952102661,-0.0035093699116259813,0.41194507479667664,288,288,0,1.0,0.0,0.14800282872171813,0.12292431437588752,0.12292431437588752,0.0027587882025127716,0.06284058328858146,0.14263158287572605,0.3070430020971965,186,26880.0,1.0,0.12292431437588752,0.0024790801652806236,0.12044523323469973,0.0,0.0,0.0,0.12292431437588752,0.12292431437588752,0.0027587882025127716,0.06284058328858146,0.14263158287572605,0.3070430020971965,0.14800282872171813,0.24736961906635632,0.29892472410073845,0.12303400023820553,0.12303400023820553,0.0027587882025127716,0.0666654661337855,0.14606713244230837,0.3070430035793012,0.155154608250145,0.2540156938215738,0.296827949022734,0.12303400023820553,0.0024386420573524023,0.12059535656837707,0.0,0.0,0.0,0,1,294,294
finetune,334,40,97.21957588195801,8.511087728614861e-05,0.09394220988719891,0.08817367765129122,0.002868377833436124,0.08530529964173961,0.0027700685259177643,0.3616853216265002,0.0006264721990650536,2.202748277113642e-07,0.0007302637995185523,0.02218454649162471,0.07479555876209186,1.013279578002575e-09,1.0132795364176059e-06,0.0,0.001,0.0,1.0,1.0,0.052226884975137874,0.067394898710852,0.053915919051465824,0.9996962409753066,0.9191936264690171,0.08352250650397733,0.0026892550353311067,8.081348637344304e-05,0.27223441004753113,0.3754935562610626,3.677475840490583,0.1,0.001,0.25,0.0024639034024877553,0.00011645948328276793,0.00815190565891755,6.048216357126705e-05,0.008091423246595595,0.08205974866182376,0.002823016211255175,0.0792367322067929,26.958092127090847,31.495726495726494,1.0,0.0036305979722075993,0.00015704752367415713,0.15704751626039162,128.01354524009247,154.6153846153846,4.888890490234573,0.0017479120934796003,4.579448511825302e-06,0.004579448292398045,2,1e-06,32,64,32,0,1.0,0.0,9.05423355102539,9.849452018737793,9.442062377929688,0.1897858828306198,0.9934940338134766,0.5740949511528015,0.8713708519935608,0.08814442157745361,256,64,256,0,1.0,0.0,0.17016983032226562,1.636806845664978,0.7207755446434021,0.22510594129562378,0.9582896828651428,-0.9591923952102661,-0.0035093699116259813,0.41194507479667664,288,288,0,1.0,0.0,0.14806779714361315,0.12353774810090978,0.12353774810090978,0.002800925902308936,0.060669681485441905,0.13878064427364578,0.30897848780757636,186,26880.0,1.0,0.12353774810090978,0.0025322268385083433,0.1210055227609391,0.0,0.0,0.0,0.12353774810090978,0.12353774810090978,0.002800925902308936,0.060669681485441905,0.13878064427364578,0.30897848780757636,0.14806779714361315,0.24460507516739188,0.2968817133736867,0.12369720843878199,0.12369720843878199,0.002800925902308936,0.06186341299795576,0.14032373216343663,0.3081720351612055,0.15118180738101084,0.24916037212135972,0.2952150457328366,0.12369720843878199,0.002495930530130863,0.12120127836440472,0.0,0.0,0.0,0,1,294,294
finetune,335,41,101.02071976661682,8.440392717955474e-05,0.09443752588624628,0.0886787458235382,0.0029912640476941615,0.08568748131267026,0.002768520892669375,0.35068595689586085,0.001132417311016311,2.202748277113642e-07,0.0007514869527464422,0.02179674816150696,0.07531975766914523,1.4088803964878945e-08,1.1110746558359127e-05,0.004346052554841989,0.001,6.852326227130834e-07,1.0,1.0,0.05345274566903583,0.06768601024762178,0.054148807946560726,0.9996965491873586,0.9163307124732906,0.08345520649200831,0.002687656694752538,8.086419292627615e-05,0.27223441004753113,0.3754935562610626,3.618033988749895,0.1,0.001,0.25,0.0025677497664856543,0.0001224644620068029,0.0084024168487288,6.052781827747822e-05,0.008341888586680094,0.0823769331869916,0.0029458681834885515,0.07943106474529983,26.95667581476717,31.666666666666668,1.0,0.003630215115049201,0.00015747203049722573,0.15747202359713042,130.3899926731729,157.76923076923077,4.972098854782544,0.0017450982674908561,4.256354645026749e-06,0.004256354437934028,2,1e-06,32,64,32,0,1.0,0.0,9.05423355102539,9.849452018737793,9.442062377929688,0.1897858828306198,0.9934940338134766,0.5740949511528015,0.8713708519935608,0.08814442157745361,256,64,256,0,1.0,0.0,0.17016983032226562,1.636806845664978,0.7207755446434021,0.22510594129562378,0.9582896828651428,-0.9591923952102661,-0.0035093699116259813,0.41194507479667664,288,288,0,1.0,0.0,0.14946147771452062,0.1235596572465085,0.1235596572465085,0.002805556388611489,0.05968119486820914,0.13596731728763992,0.3067204224005822,186,26880.0,1.0,0.1235596572465085,0.0025498017574601033,0.12100985630395565,0.0,0.0,0.0,0.1235596572465085,0.1235596572465085,0.002805556388611489,0.05968119486820914,0.13596731728763992,0.3067204224005822,0.14946147771452062,0.2469323314325784,0.2972580555786369,0.12395978750700647,0.12395978750700647,0.002805556388611489,0.06319364322780041,0.14025620455222745,0.307419348708404,0.1559090684818965,0.2537955942173158,0.2956989167198058,0.12395978750700647,0.0025037816512656023,0.12145600531329499,0.0,0.0,0.0,0,1,294,294
finetune,336,42,102.057368516922,8.368407953869103e-05,0.09394219734220423,0.0882713005074069,0.003000827660410004,0.0852704729534622,0.002776873100978824,0.34094388540993387,0.0,2.202748277113642e-07,0.0006914256174575277,0.021643480544702873,0.0728971350651521,1.2976551161249844e-08,1.0132795403043353e-06,0.004367668321953179,0.001,2.739052315863355e-06,1.0,1.0,0.05277466890203138,0.06752485377538918,0.05401988343423248,0.9996958487054222,0.9158966846955128,0.08363577500622496,0.002695247753817811,8.162535250915262e-05,0.27223441004753113,0.3754935562610626,3.5579822120784588,0.1,0.001,0.25,0.002586360105898422,0.0001236866553057568,0.007833107923850035,4.426779177708503e-05,0.00778884001267262,0.08239646969187973,0.002967626815582188,0.07942884307131808,26.889764948787853,31.5982905982906,1.0,0.0036385304206966334,0.0001586436073066424,0.15864360026824167,129.54997025188217,156.72649572649573,4.945902441911897,0.0017519650730089499,4.607096924114286e-06,0.004607096696511293,2,1e-06,32,64,32,0,1.0,0.0,9.05423355102539,9.849452018737793,9.442062377929688,0.1897858828306198,0.9934940338134766,0.5740949511528015,0.8713708519935608,0.08814442157745361,256,64,256,0,1.0,0.0,0.17016983032226562,1.636806845664978,0.7207755446434021,0.22510594129562378,0.9582896828651428,-0.9591923952102661,-0.0035093699116259813,0.41194507479667664,288,288,0,1.0,0.0,0.14379723037603082,0.12277224406282952,0.12277224406282952,0.0027338201824100095,0.059106273030842184,0.13807854491976962,0.3133333252482517,186,26880.0,1.0,0.12277224406282952,0.0024532215704428074,0.12031902230166375,0.0,0.0,0.0,0.12277224406282952,0.12277224406282952,0.0027338201824100095,0.059106273030842184,0.13807854491976962,0.3133333252482517,0.14379723037603082,0.24285271335192907,0.2979569810052072,0.12331015584950751,0.12331015584950751,0.0027338201824100095,0.06308610437898546,0.14290401164282074,0.3129569817614812,0.15164144383242695,0.2515026626167118,0.29204300350399426,0.12331015584950751,0.0024033711128372778,0.12090678449640883,0.0,0.0,0.0,0,1,294,294
finetune,337,43,101.88962936401367,8.295165011252397e-05,0.09378139719239667,0.08809794230848296,0.0029936491921703275,0.08510429297502224,0.0027851373789051915,0.3288931270949861,0.0,2.202748277113642e-07,0.0007734267992185404,0.021676922734412882,0.07298242373981027,2.7456777205113433e-08,1.0132795500211591e-06,0.004295683586790871,0.001,6.155829702431115e-06,1.0,1.0,0.05309049859961383,0.06746585243660161,0.053972682302706264,0.9996955160401825,0.9169546274038461,0.08369752350780699,0.0027020044175064205,8.313295381187469e-05,0.27223441004753113,0.3754935562610626,3.49737977432971,0.1,0.001,0.25,0.002554432670565911,0.00012170431667376154,0.007563908385415362,8.541152167778749e-05,0.007478496712497157,0.08242501114678179,0.0029295905529019926,0.07949542050432955,26.831149451753014,31.512820512820515,1.0,0.003648660328780484,0.00016167250979402199,0.16167250250139806,129.62514627896823,156.46153846153845,4.938000629741453,0.0017553484942923244,4.593397017886782e-06,0.004593396798158303,2,1e-06,32,64,32,0,1.0,0.0,9.05423355102539,9.849452018737793,9.442062377929688,0.1897858828306198,0.9934940338134766,0.5740949511528015,0.8713708519935608,0.08814442157745361,256,64,256,0,1.0,0.0,0.17016983032226562,1.636806845664978,0.7207755446434021,0.22510594129562378,0.9582896828651428,-0.9591923952102661,-0.0035093699116259813,0.41194507479667664,288,288,0,1.0,0.0,0.147936378795934,0.12338016229741117,0.12338016229741117,0.002816706682812977,0.06029852672720388,0.1368031243152756,0.3081720362427414,186,26880.0,1.0,0.12338016229741117,0.0025752915436045285,0.1208048699066994,0.0,0.0,0.0,0.12338016229741117,0.12338016229741117,0.002816706682812977,0.06029852672720388,0.1368031243152756,0.3081720362427414,0.147936378795934,0.24460282024516855,0.297365583639632,0.12421057769592772,0.12421057769592772,0.002816706682812977,0.0626414001003028,0.1414965404628185,0.3067204224005822,0.15210020462031004,0.250024586515401,0.29392472374182876,0.12421057769592772,0.0025164715405751733,0.1216941054197068,0.0,0.0,0.0,0,1,294,294
finetune,338,44,99.58276033401489,8.220696016880687e-05,0.09377537374822502,0.08804758536255258,0.0029414652993019,0.0851061202139936,0.0027594397533048168,0.31654711971935046,0.0,2.202748277113642e-07,0.0007603288216968293,0.02213589044717642,0.0753951304488712,4.697709873144448e-08,1.0132795432193825e-06,0.004206752512030876,0.001,1.0926199633097156e-05,1.0,1.0,0.05270788759693631,0.06739699655873144,0.05391759739026555,0.9996964126570612,0.9178164229433761,0.08340979864199956,0.0026820693861565785,7.73703670860507e-05,0.27223441004753113,0.3754935562610626,3.4362864827930855,0.1,0.001,0.25,0.0025237232663581134,0.00011925992928296089,0.007810745229068984,6.657549673611792e-05,0.007744169388061915,0.0821895265681112,0.0028915336772473133,0.07929799323662734,27.083803665943634,31.683760683760685,1.0,0.003621858331717105,0.00015091171884798826,0.15091171223893124,129.68841924422827,156.27350427350427,4.919779018925293,0.0017422804246760076,3.829014781428521e-06,0.0038290146069648937,2,1e-06,32,64,32,0,1.0,0.0,9.05423355102539,9.849452018737793,9.442062377929688,0.1897858828306198,0.9934940338134766,0.5740949511528015,0.8713708519935608,0.08814442157745361,256,64,256,0,1.0,0.0,0.17016983032226562,1.636806845664978,0.7207755446434021,0.22510594129562378,0.9582896828651428,-0.9591923952102661,-0.0035093699116259813,0.41194507479667664,288,288,0,1.0,0.0,0.1446923969253417,0.12292153229738803,0.12292153229738803,0.0027998840793016107,0.060311807975453394,0.13902406954276625,0.30876343432934056,186,26880.0,1.0,0.12292153229738803,0.0026158501958831195,0.12030568068965952,0.0,0.0,0.0,0.12292153229738803,0.12292153229738803,0.0027998840793016107,0.060311807975453394,0.13902406954276625,0.30876343432934056,0.1446923969253417,0.2430892546250615,0.29758063759855047,0.12362989450388766,0.12362989450388766,0.0027998840793016107,0.063126152679224,0.1407054072766695,0.3078494551040793,0.15000680201156166,0.24727608111276422,0.2949462291053546,0.12362989450388766,0.0025638811032664267,0.12106601354923655,0.0,0.0,0.0,0,1,294,294
finetune,339,45,100.51071333885193,8.145033635316128e-05,0.09416559192105237,0.08842690180764239,0.0029648469241622547,0.08546205469940463,0.0027938425743904635,0.30675090047029346,0.0014591343127764189,2.202748277113642e-07,0.0008932446632656154,0.02144591625318186,0.0726332449569152,7.360646082387436e-08,1.0132795451627471e-06,0.004260891554956762,0.001,1.7037086855465843e-05,1.0,1.0,0.05569303142400379,0.0676860099292209,0.0541488086948028,0.9996965486779172,0.9174324752938035,0.08373214266239068,0.002710152897012667,8.368967986530346e-05,0.27223441004753113,0.3754935562610626,3.3747626291714496,0.1,0.001,0.25,0.0025438993674718863,0.000121156151515171,0.00839709242184957,6.313541601610999e-05,0.008333956583952293,0.0821290825549354,0.0029174953621501722,0.07921158738880076,26.816617395123863,31.76923076923077,1.0,0.003663360099427593,0.00016308651249393081,0.16308650399884608,128.43964405548877,155.7094017094017,4.895231822157571,0.0017569456866377185,4.292846956345745e-06,0.004292846744896,2,1e-06,32,64,32,0,1.0,0.0,9.05423355102539,9.849452018737793,9.442062377929688,0.1897858828306198,0.9934940338134766,0.5740949511528015,0.8713708519935608,0.08814442157745361,256,64,256,0,1.0,0.0,0.17016983032226562,1.636806845664978,0.7207755446434021,0.22510594129562378,0.9582896828651428,-0.9591923952102661,-0.0035093699116259813,0.41194507479667664,288,288,0,1.0,0.0,0.1489240833187616,0.12281524548505215,0.12281524548505215,0.002769911993651631,0.059646578750983684,0.13734549361090825,0.3073118211280915,186,26880.0,1.0,0.12281524548505215,0.002559049495872348,0.12025619567708766,0.0,0.0,0.0,0.12281524548505215,0.12281524548505215,0.002769911993651631,0.059646578750983684,0.13734549361090825,0.3073118211280915,0.1489240833187616,0.24616225203999909,0.29537633598171253,0.12349348848170423,0.12349348848170423,0.002769911993651631,0.06176137698874358,0.13937125103648312,0.30827956190032346,0.1544140987098217,0.2517903352616936,0.2917741854344645,0.12349348848170423,0.0025140363202886063,0.12097945159420054,0.0,0.0,0.0,0,1,294,294
finetune,340,46,97.33441996574402,8.068211054579943e-05,0.0935436349011894,0.08781146340899998,0.0028922025703339493,0.08491926137198749,0.0027396722625081357,0.2917282303683778,0.0,2.202748277113642e-07,0.0008586684948373954,0.022402691191687193,0.07512683953102837,1.030938057960998e-07,1.0132795519645238e-06,0.004171363503918943,0.001,2.4471741852423235e-05,1.0,1.0,0.05426088892496549,0.06762479923856564,0.05409983945134868,0.9996948277848399,0.9185759715544872,0.08302805235243252,0.002663413152241936,7.625911250495567e-05,0.27223441004753113,0.3754935562610626,3.312868930080462,0.1,0.001,0.25,0.002487188209102959,0.00011632699664541855,0.007895331352184981,6.302807312936355e-05,0.007832303515866272,0.08188996514958194,0.002844931515984428,0.07904503386244814,27.186370539869,31.64957264957265,1.0,0.0036005479876652486,0.00014798834856000578,0.14798834181239462,129.74121110052124,156.14529914529913,4.918107808161572,0.001726278314828618,4.529875758067708e-06,0.004529875567835621,2,1e-06,32,64,32,0,1.0,0.0,9.05423355102539,9.849452018737793,9.442062377929688,0.1897858828306198,0.9934940338134766,0.5740949511528015,0.8713708519935608,0.08814442157745361,256,64,256,0,1.0,0.0,0.17016983032226562,1.636806845664978,0.7207755446434021,0.22510594129562378,0.9582896828651428,-0.9591923952102661,-0.0035093699116259813,0.41194507479667664,288,288,0,1.0,0.0,0.14986871154878728,0.12264591122561312,0.12264591122561312,0.002839476147547681,0.059590128921372915,0.13724345138036115,0.30618278858482195,186,26880.0,1.0,0.12264591122561312,0.0025727504547289077,0.1200731597999309,0.0,0.0,0.0,0.12264591122561312,0.12264591122561312,0.002839476147547681,0.059590128921372915,0.13724345138036115,0.30618278858482195,0.14986871154878728,0.2457645261880531,0.2954301005730065,0.12361550140888133,0.12361550140888133,0.002839476147547681,0.06216905416009487,0.138986059950204,0.3024731102970339,0.15566612467650445,0.2534730069900072,0.29177418583503334,0.12361550140888133,0.0025140321243831767,0.12110146848445243,0.0,0.0,0.0,0,1,294,294
finetune,341,47,98.49760556221008,7.990261971595048e-05,0.0936282903720171,0.08801710210804246,0.002884905307720869,0.08513219692768195,0.002776231543105255,0.28123924671075284,0.0,2.202748277113642e-07,0.0005757805084325592,0.021103898890149325,0.07238546208056629,1.3587143048272748e-07,1.0132795509928415e-06,0.004060795371476402,0.001,3.320978675139913e-05,1.0,1.0,0.050331416149806775,0.06742373121599866,0.053938985061951175,0.9996912759593409,0.9193960336538461,0.08362900427518746,0.002695405459763785,8.082608952914349e-05,0.27223441004753113,0.3754935562610626,3.2506664671286085,0.1,0.001,0.25,0.0024830356447233092,0.00011723950144816906,0.00800664047909598,5.36746492720822e-05,0.007952965477592925,0.08201212174872048,0.002844649321264309,0.07916747275580707,26.973088044386643,31.632478632478634,1.0,0.0036376839778266656,0.00015662995460104899,0.1566299475156344,128.64174961839984,155.42735042735043,4.890967052660602,0.0017531269337408817,5.022224456752156e-06,0.00502222419803978,2,1e-06,32,64,32,0,1.0,0.0,9.05423355102539,9.849452018737793,9.442062377929688,0.1897858828306198,0.9934940338134766,0.5740949511528015,0.8713708519935608,0.08814442157745361,256,64,256,0,1.0,0.0,0.17016983032226562,1.636806845664978,0.7207755446434021,0.22510594129562378,0.9582896828651428,-0.9591923952102661,-0.0035093699116259813,0.41194507479667664,288,288,0,1.0,0.0,0.15341219952910817,0.12337466582972953,0.12337466582972953,0.002777965427277253,0.06246610892365777,0.13947206675525634,0.309516122184133,186,26880.0,1.0,0.12337466582972953,0.002595200356928275,0.12077946564618577,0.0,0.0,0.0,0.12337466582972953,0.12337466582972953,0.002777965427277253,0.06246610892365777,0.13947206675525634,0.309516122184133,0.15341219952910817,0.24875097729826487,0.2986021424813937,0.12408746224134526,0.12408746224134526,0.002777965427277253,0.06539320166132623,0.14393301089344326,0.30354838033196746,0.15839025628582765,0.25601268575717046,0.2960752602065763,0.12408746224134526,0.0025434402223834967,0.1215440218753003,0.0,0.0,0.0,0,1,294,294
finetune,342,48,100.11198663711548,7.911220577405484e-05,0.09363845544747817,0.0879625388317638,0.0029491983198871217,0.08501334061734697,0.002784478746784421,0.2714453319199065,0.0,2.202748277113642e-07,0.0007831703649292019,0.021642882321189102,0.07261826731582992,1.8396858524689907e-07,1.0132795519645238e-06,0.004232404644115485,0.001,4.322727117869957e-05,1.0,1.0,0.053861579993087,0.0677270513250787,0.0541816411110071,0.9996957325527811,0.9173302283653846,0.08378154510616237,0.0027023349395101396,8.214381591836787e-05,0.27223441004753113,0.3754935562610626,3.188216626637029,0.1,0.001,0.25,0.002542683774103912,0.00012029995351386034,0.007671672819007156,4.7547255173070815e-05,0.007624125633484278,0.08220878428118861,0.00291353787900482,0.07929524620119323,26.861426671346027,31.70940170940171,1.0,0.003646601638239291,0.00016029686563171676,0.16029685786646655,129.31960091224084,156.22222222222223,4.91460152781343,0.00175806823779598,3.990766531504237e-06,0.003990766329643054,2,1e-06,32,64,32,0,1.0,0.0,9.05423355102539,9.849452018737793,9.442062377929688,0.1897858828306198,0.9934940338134766,0.5740949511528015,0.8713708519935608,0.08814442157745361,256,64,256,0,1.0,0.0,0.17016983032226562,1.636806845664978,0.7207755446434021,0.22510594129562378,0.9582896828651428,-0.9591923952102661,-0.0035093699116259813,0.41194507479667664,288,288,0,1.0,0.0,0.15105805736315506,0.12278852897121552,0.12278852897121552,0.00279202817523099,0.06376376860995367,0.14411084286828515,0.3095161214631091,186,26880.0,1.0,0.12278852897121552,0.0025229329773363597,0.12026559593195611,0.0,0.0,0.0,0.12278852897121552,0.12278852897121552,0.00279202817523099,0.06376376860995367,0.14411084286828515,0.3095161214631091,0.15105805736315506,0.24939535125609366,0.29833332409140884,0.12349799465625844,0.12349799465625844,0.00279202817523099,0.06730728726383418,0.14794894361928587,0.30908601378561346,0.15662744681360902,0.2543749814071963,0.29532257315292154,0.12349799465625844,0.002475588023910259,0.12102240736180163,0.0,0.0,0.0,0,1,294,294
finetune,343,49,100.43197417259216,7.831121542179086e-05,0.09385038320070659,0.08814296349246278,0.002980502976032977,0.08516246074030542,0.0028081497348622125,0.26051931134146505,0.0010254400917607495,2.202748277113642e-07,0.000721751807129924,0.021215096657347474,0.07255306626614343,2.361384177654658e-07,1.0132795529362063e-06,0.004314480967318209,0.001,5.449673790581605e-05,1.0,1.0,0.05353231236147575,0.06768348647488488,0.054146789428260594,0.9996966531134059,0.9170401809561965,0.08411744568083021,0.0027257049372658515,8.244478578070321e-05,0.27223441004753113,0.3754935562610626,3.125581039058627,0.1,0.001,0.25,0.0025722300842738687,0.00012198916405566737,0.00804199596755525,4.3952815696342376e-05,0.007998043400609596,0.08211146651679634,0.0029475383637632187,0.0791639282535284,26.890341391930214,31.666666666666668,1.0,0.0036782424013393046,0.00016060969922278658,0.16060969157096666,131.0986512012971,158.13675213675214,4.9847344429866665,0.0017731674662273792,4.2798724722261895e-06,0.004279872291108482,2,1e-06,32,64,32,0,1.0,0.0,9.05423355102539,9.849452018737793,9.442062377929688,0.1897858828306198,0.9934940338134766,0.5740949511528015,0.8713708519935608,0.08814442157745361,256,64,256,0,1.0,0.0,0.17016983032226562,1.636806845664978,0.7207755446434021,0.22510594129562378,0.9582896828651428,-0.9591923952102661,-0.0035093699116259813,0.41194507479667664,288,288,0,1.0,0.0,0.1413258349382749,0.1231472061035481,0.1231472061035481,0.002826887232429804,0.055236576160075525,0.1311929073254828,0.3054301006499157,186,26880.0,1.0,0.1231472061035481,0.0025921774423740647,0.12055502942901977,0.0,0.0,0.0,0.1231472061035481,0.1231472061035481,0.002826887232429804,0.055236576160075525,0.1311929073254828,0.3054301006499157,0.1413258349382749,0.23922983873435247,0.29618278850791274,0.12432955459077308,0.12432955459077308,0.002826887232429804,0.059422750744508,0.13635443865511848,0.3010214988582878,0.14936337049209303,0.24587712224612954,0.2903225729542394,0.12432955459077308,0.0025273764684320766,0.12180217735944911,0.0,0.0,0.0,0,1,294,294
finetune,344,50,99.10123610496521,7.749999999999999e-05,0.09381664722648442,0.08800516736048919,0.0029649273601846183,0.08504023969682872,0.0027875989898402467,0.24680168735675323,0.0,2.202748277113642e-07,0.0009497087718885338,0.02279138071144111,0.07435032486533508,2.902566709377215e-07,1.0132795500211591e-06,0.004317884113536113,0.001,6.698729810778065e-05,1.0,1.0,0.056570466671489246,0.06827214309292981,0.05461771478956072,0.9996967483789493,0.9169441940438035,0.08381465115608314,0.002707160326739789,8.043865842083529e-05,0.27223441004753113,0.3754935562610626,3.0628215181562566,0.1,0.001,0.25,0.0025479023177654315,0.00011972529054584546,0.007920012005373962,6.50948450828974e-05,0.007854917110540928,0.08206515816541818,0.0029161062268699463,0.07914905186392303,26.9579468751565,31.70940170940171,1.0,0.0036550188600284676,0.00015658491620576032,0.15658490881960616,129.8412593613323,156.12820512820514,4.916559829059828,0.0017593018063861462,4.292400678907189e-06,0.004292400474222298,2,1e-06,32,64,32,0,1.0,0.0,9.05423355102539,9.849452018737793,9.442062377929688,0.1897858828306198,0.9934940338134766,0.5740949511528015,0.8713708519935608,0.08814442157745361,256,64,256,0,1.0,0.0,0.17016983032226562,1.636806845664978,0.7207755446434021,0.22510594129562378,0.9582896828651428,-0.9591923952102661,-0.0035093699116259813,0.41194507479667664,288,288,0,1.0,0.0,0.1519591960735539,0.12308252047985158,0.12308252047985158,0.0027575052808970213,0.0625137988958628,0.1400772669572904,0.3077419279043072,186,26880.0,1.0,0.12308252047985158,0.0025395439278849577,0.1205429770845048,0.0,0.0,0.0,0.12308252047985158,0.12308252047985158,0.0027575052808970213,0.0625137988958628,0.1400772669572904,0.3077419279043072,0.1519591960735539,0.24844291445709044,0.2990322494378654,0.12382650850935185,0.12382650850935185,0.0027575052808970213,0.0657829942572261,0.14302055538201364,0.30586020852769574,0.1572772427311828,0.2544695281533785,0.29591396987758656,0.12382650850935185,0.0024961205149822414,0.12133038709772394,0.0,0.0,0.0,0,1,294,294
finetune,345,51,98.37235021591187,7.667891533457718e-05,0.09367366625457747,0.08812063053632394,0.0028934741102190865,0.08522715636043467,0.002787086199252651,0.23553380637596816,0.0,2.202748277113642e-07,0.0007918016534135975,0.020580879229510952,0.07067441822499292,3.252173126507554e-07,1.0132795451627471e-06,0.004019155419773907,0.001,8.066471602728797e-05,1.0,1.0,0.05483548440293878,0.06740883597706118,0.053927069291090354,0.9996961187093686,0.9189181857638888,0.08358060001817524,0.002706489151614344,8.059704527517574e-05,0.27223441004753113,0.3754935562610626,3.0,0.1,0.001,0.25,0.0024929704939604252,0.00011765849213145721,0.008082063789041633,5.275855023955178e-05,0.008029305017911471,0.08205908269454272,0.0028539051970419213,0.07920517759700106,26.963903916187775,31.65811965811966,1.0,0.0036636679532786464,0.00015656994408843282,0.15656993735549796,129.0996251228528,155.43589743589743,4.892598097840033,0.001749310375820113,4.624144863986984e-06,0.004624144643799871,2,1e-06,32,64,32,0,1.0,0.0,9.05423355102539,9.849452018737793,9.442062377929688,0.1897858828306198,0.9934940338134766,0.5740949511528015,0.8713708519935608,0.08814442157745361,256,64,256,0,1.0,0.0,0.17016983032226562,1.636806845664978,0.7207755446434021,0.22510594129562378,0.9582896828651428,-0.9591923952102661,-0.0035093699116259813,0.41194507479667664,288,288,0,1.0,0.0,0.15115170351039336,0.12296697782709244,0.12296697782709244,0.0027610189578634627,0.06381280029753364,0.1397574475155242,0.30897848708655246,186,26880.0,1.0,0.12296697782709244,0.002526436932384968,0.1204405406371076,0.0,0.0,0.0,0.12296697782709244,0.12296697782709244,0.0027610189578634627,0.06381280029753364,0.1397574475155242,0.30897848708655246,0.15115170351039336,0.24759967224572293,0.29397848681096106,0.1235462154479737,0.1235462154479737,0.0027610189578634627,0.06613816167428209,0.14317663619795473,0.3061290255958034,0.15758752205999949,0.25520248322557376,0.29193547568334044,0.1235462154479737,0.0024820258122611235,0.12106418910812825,0.0,0.0,0.0,0,1,294,294
finetune,346,52,98.41757035255432,7.584832158039378e-05,0.09295934113936546,0.08724769306743246,0.002930435520182881,0.08431725738904415,0.0027793456032139878,0.22397026967289102,0.0,2.202748277113642e-07,0.0007197986263772458,0.021945724204087105,0.07366140880900571,3.9666030867131195e-07,1.0132795529362063e-06,0.004143269470908767,0.001,9.549150281252627e-05,1.0,1.0,0.052933183761361316,0.06813695638352989,0.05450956512274396,0.9996968731920943,0.9181690705128205,0.08357922191548552,0.0026988579720481592,8.048763310919321e-05,0.27223441004753113,0.3754935562610626,2.9371784818437434,0.1,0.001,0.25,0.0025190536940717097,0.00011839379558840202,0.007248966612367548,6.301439383154751e-05,0.007185951766804752,0.08181096836287752,0.002883174724311719,0.07892779369130094,26.93745189242893,31.752136752136753,1.0,0.003647767620272616,0.00015648400588742155,0.15648399866544282,129.26464622041098,155.86324786324786,4.902433892992849,0.0017499483049186503,4.491260124968204e-06,0.004491259909083701,2,1e-06,32,64,32,0,1.0,0.0,9.05423355102539,9.849452018737793,9.442062377929688,0.1897858828306198,0.9934940338134766,0.5740949511528015,0.8713708519935608,0.08814442157745361,256,64,256,0,1.0,0.0,0.17016983032226562,1.636806845664978,0.7207755446434021,0.22510594129562378,0.9582896828651428,-0.9591923952102661,-0.0035093699116259813,0.41194507479667664,288,288,0,1.0,0.0,0.15206496725960444,0.12248777439619632,0.12248777439619632,0.002797326360373421,0.062136709855328646,0.14239485387600237,0.3102688092377878,186,26880.0,1.0,0.12248777439619632,0.0025473158866008544,0.11994045846005703,0.0,0.0,0.0,0.12248777439619632,0.12248777439619632,0.002797326360373421,0.062136709855328646,0.14239485387600237,0.3102688092377878,0.15206496725960444,0.25236900286969316,0.29908601226665643,0.12350407607377843,0.12350407607377843,0.002797326360373421,0.06361219363277076,0.14335443523101588,0.3044085950460485,0.15500044131711607,0.25555401111161835,0.2959677347893356,0.12350407607377843,0.0024957182554607377,0.12100835699350276,0.0,0.0,0.0,0,1,294,294
finetune,347,53,100.1943883895874,7.500858306332173e-05,0.09370734033166853,0.08805884631016316,0.00295416651886657,0.08510468015049258,0.002802517862083056,0.21365153127246433,0.0,2.202748277113642e-07,0.0009404220553438076,0.0212286493072334,0.07216947793196409,4.76882199567875e-07,8.505094052048258e-06,0.0042034426945834775,0.001,0.00011142701927151455,1.0,1.0,0.05599553058417434,0.06768601008842134,0.05414880810576117,0.9996965527534485,0.9163223657852564,0.08401766489458899,0.002719707062674893,8.281080211332649e-05,0.27223441004753113,0.3754935562610626,2.874418960941373,0.1,0.001,0.25,0.002550540045182356,0.00012179540160423519,0.007875182944485266,4.037660765501424e-05,0.00783480640150543,0.08215245891075867,0.0029238840638715615,0.0792285753493635,26.860352768857254,31.641025641025642,1.0,0.0036694649268642194,0.00016100267848197935,0.1610026705978263,129.50250335432526,156.2905982905983,4.929000103535852,0.0017699491835605258,4.618926141605869e-06,0.004618925926012871,2,1e-06,32,64,32,0,1.0,0.0,9.05423355102539,9.849452018737793,9.442062377929688,0.1897858828306198,0.9934940338134766,0.5740949511528015,0.8713708519935608,0.08814442157745361,256,64,256,0,1.0,0.0,0.17016983032226562,1.636806845664978,0.7207755446434021,0.22510594129562378,0.9582896828651428,-0.9591923952102661,-0.0035093699116259813,0.41194507479667664,288,288,0,1.0,0.0,0.15323358323545225,0.12209595169158692,0.12209595169158692,0.0027968446040486403,0.06554365048926043,0.14282329989376888,0.31021504614862705,186,26880.0,1.0,0.12209595169158692,0.0025480048943984698,0.11954794602191195,0.0,0.0,0.0,0.12209595169158692,0.12209595169158692,0.0027968446040486403,0.06554365048926043,0.14282329989376888,0.31021504614862705,0.15323358323545225,0.24897440735210655,0.29930106710682636,0.1225524219743749,0.1225524219743749,0.0027968446040486403,0.06656687921513954,0.14502143620523394,0.30677418651119354,0.15680649319803844,0.2537459276055777,0.29419354020908317,0.1225524219743749,0.002516609029547173,0.12003581320985834,0.0,0.0,0.0,0,1,294,294
finetune,348,54,101.73134112358093,7.416006812042827e-05,0.09400637256793487,0.08815738698865613,0.003025708331539431,0.08513167850736879,0.0028100149212484686,0.2022720388112924,0.0,2.202748277113642e-07,0.0010047027980485486,0.023013668827330455,0.07360360160087928,5.634473378201161e-07,1.0132795519645238e-06,0.0043793863265647786,0.001,0.00012842758726130287,1.0,1.0,0.057798728506025084,0.06750634443174061,0.05400507628089852,0.9996965914709955,0.9168544671474359,0.08402832075316682,0.002725126906337901,8.488801556353808e-05,0.27223441004753113,0.3754935562610626,2.8117833733629713,0.1,0.001,0.25,0.0025972841560251564,0.0001226698167066878,0.008488319113723233,6.631255531922365e-05,0.008422006399203569,0.08179114771704389,0.002975973915050013,0.07881517383532646,26.710223564734825,31.64957264957265,1.0,0.0036813576514713275,0.00016563992598964673,0.16563991807464862,128.8039277557634,156.75213675213675,4.94185476256373,0.0017688961502594443,4.136104070036327e-06,0.004136103850144606,2,1e-06,32,64,32,0,1.0,0.0,9.05423355102539,9.849452018737793,9.442062377929688,0.1897858828306198,0.9934940338134766,0.5740949511528015,0.8713708519935608,0.08814442157745361,256,64,256,0,1.0,0.0,0.17016983032226562,1.636806845664978,0.7207755446434021,0.22510594129562378,0.9582896828651428,-0.9591923952102661,-0.0035093699116259813,0.41194507479667664,288,288,0,1.0,0.0,0.15259599525441406,0.12269290663460468,0.12269290663460468,0.0028057408796504455,0.06110256996446399,0.1367105858360407,0.30801074543306906,186,26880.0,1.0,0.12269290663460468,0.0025130048409064717,0.12017990189029816,0.0,0.0,0.0,0.12269290663460468,0.12269290663460468,0.0028057408796504455,0.06110256996446399,0.1367105858360407,0.30801074543306906,0.15259599525441406,0.24923071954199064,0.296827949022734,0.12313050618197055,0.12313050618197055,0.0028057408796504455,0.06376895442685132,0.14035771524794,0.3053225733099445,0.15638177112866475,0.2548954835341823,0.2944623571570202,0.12313050618197055,0.0024867069317979066,0.12064379913375732,0.0,0.0,0.0,0,1,294,294
finetune,349,55,105.7059555053711,7.3303148938411e-05,0.09345510321804601,0.0878681101095982,0.0030419114583100262,0.08482619897167906,0.002774296234895149,0.19048653109970257,0.0,2.202748277113642e-07,0.0007739619092725249,0.021086506219182767,0.07026349953733958,6.374440021450299e-07,1.0132795412760177e-06,0.004345820905266601,0.001,0.00014644660940672623,1.0,1.0,0.05470433436397813,0.06769460872707204,0.05415568691797745,0.9996961110677475,0.9154250968215812,0.08361304761507572,0.002692640179959245,8.165607754112237e-05,0.27223441004753113,0.3754935562610626,2.7493335328713915,0.1,0.001,0.25,0.0026110078021087963,0.00012541892516683452,0.007653461052821233,6.265371528446165e-05,0.007590807146496243,0.08212801457470299,0.0029949211718466803,0.07913309367548706,26.895745595296223,31.641025641025642,1.0,0.0036343677829091367,0.00015883471055103577,0.15883470192933694,129.739013150207,157.3846153846154,4.960869033018642,0.0017509125571092989,4.477446118573588e-06,0.004477445895855243,2,1e-06,32,64,32,0,1.0,0.0,9.05423355102539,9.849452018737793,9.442062377929688,0.1897858828306198,0.9934940338134766,0.5740949511528015,0.8713708519935608,0.08814442157745361,256,64,256,0,1.0,0.0,0.17016983032226562,1.636806845664978,0.7207755446434021,0.22510594129562378,0.9582896828651428,-0.9591923952102661,-0.0035093699116259813,0.41194507479667664,288,288,0,1.0,0.0,0.14746881184238259,0.12234983181065702,0.12234983181065702,0.002793506070218505,0.06032112814606198,0.1410086355823022,0.3065053680410949,186,26880.0,1.0,0.12234983181065702,0.002578120101540488,0.11977171121125525,0.0,0.0,0.0,0.12234983181065702,0.12234983181065702,0.002793506070218505,0.06032112814606198,0.1410086355823022,0.3065053680410949,0.14746881184238259,0.24641345209011467,0.29784945462660123,0.12276088906095382,0.12276088906095382,0.002793506070218505,0.06363186548634242,0.1436218216274214,0.3071505301581916,0.1526133378426875,0.2521158409535244,0.29397848689107486,0.12276088906095382,0.0025485366969270275,0.12021235186368862,0.0,0.0,0.0,0,1,294,294
finetune,350,56,103.47811198234558,7.243820139034463e-05,0.09379562901126014,0.08807236268224879,0.0030331329201770006,0.08503922960187635,0.0028030038313765046,0.18076935244931114,0.0,2.202748277113642e-07,0.000808811983534903,0.021978816650330257,0.07208434651550065,7.281918037753137e-07,1.0132795461344297e-06,0.004395562229065113,0.001,0.0001654346968205709,1.0,1.0,0.05519715523044778,0.0673948992202934,0.05391591919474622,0.9996962394469824,0.9167146601228633,0.08394929155325279,0.0027166529674019315,8.635086116058112e-05,0.27223441004753113,0.3754935562610626,2.6871310699195377,0.1,0.001,0.25,0.0026110800492585213,0.00012374793101101118,0.007711641299418914,5.2874539700201436e-05,0.007658766630368355,0.0822886314529639,0.002993477015899351,0.07929515469278026,26.68910187941331,31.572649572649574,1.0,0.0036677506087650345,0.0001682128017080717,0.1682127928122496,128.96866969573193,156.55555555555554,4.93905520773646,0.0017655553330038476,4.488920773418124e-06,0.004488920554136619,2,1e-06,32,64,32,0,1.0,0.0,9.05423355102539,9.849452018737793,9.442062377929688,0.1897858828306198,0.9934940338134766,0.5740949511528015,0.8713708519935608,0.08814442157745361,256,64,256,0,1.0,0.0,0.17016983032226562,1.636806845664978,0.7207755446434021,0.22510594129562378,0.9582896828651428,-0.9591923952102661,-0.0035093699116259813,0.41194507479667664,288,288,0,1.0,0.0,0.14881095971151065,0.1224237230229885,0.1224237230229885,0.00278857307250988,0.060853204028981346,0.13784977428174466,0.31123655185263643,186,26880.0,1.0,0.1224237230229885,0.0025511446354435164,0.11987257812251435,0.0,0.0,0.0,0.1224237230229885,0.1224237230229885,0.00278857307250988,0.060853204028981346,0.13784977428174466,0.31123655185263643,0.14881095971151065,0.24470518701659735,0.2987096699014787,0.12320484728255171,0.12320484728255171,0.00278857307250988,0.06325553648263937,0.13976107623868733,0.3048924655523351,0.15246772796155944,0.24903121073880502,0.2935483791334655,0.12320484728255171,0.002508803669541599,0.12069604498274783,0.0,0.0,0.0,0,1,294,294
finetune,351,57,99.91585159301758,7.156560487081051e-05,0.09317761220228978,0.08763603477651237,0.0029240743282975424,0.08471196017458908,0.0027692347852529115,0.16741286600247407,0.0,2.202748277113642e-07,0.0008275731510079956,0.020751964269030806,0.06955731096558082,7.45947500570407e-07,1.0132795529362063e-06,0.004019288959093073,0.001,0.00018533980447508125,1.0,1.0,0.05285717513507757,0.06746585259580204,0.05397268203206551,0.9996955185873896,0.9190997262286325,0.08366621400301273,0.002689398355527311,7.983643460733235e-05,0.27223441004753113,0.3754935562610626,2.6252373708285504,0.1,0.001,0.25,0.002505293442334375,0.0001176700845353791,0.007601292214841925,7.552337140226975e-05,0.007525769054380237,0.08193506548802058,0.0028674317987508373,0.0790676333838039,26.973041240985577,31.675213675213676,1.0,0.003624856060084242,0.00015557136591976613,0.15557135883559528,128.87386444287424,155.16239316239316,4.88346668651869,0.0017539406539553888,4.101502776020192e-06,0.00410150258969038,2,1e-06,32,64,32,0,1.0,0.0,9.05423355102539,9.849452018737793,9.442062377929688,0.1897858828306198,0.9934940338134766,0.5740949511528015,0.8713708519935608,0.08814442157745361,256,64,256,0,1.0,0.0,0.17016983032226562,1.636806845664978,0.7207755446434021,0.22510594129562378,0.9582896828651428,-0.9591923952102661,-0.0035093699116259813,0.41194507479667664,288,288,0,1.0,0.0,0.15188985319948325,0.12316630527060082,0.12316630527060082,0.0027704600621252617,0.06089424300858731,0.1389791778719393,0.30994622817923945,186,26880.0,1.0,0.12316630527060082,0.002543948790147663,0.12062235620427639,0.0,0.0,0.0,0.12316630527060082,0.12316630527060082,0.0027704600621252617,0.06089424300858731,0.1389791778719393,0.30994622817923945,0.15188985319948325,0.24874410586011025,0.29586020672834046,0.1239432543516159,0.1239432543516159,0.0027704600621252617,0.06267619009069618,0.1408177377375704,0.30392472449970503,0.1562366759584796,0.25370694837102326,0.2949999928153971,0.1239432543516159,0.002505823322125968,0.12143742974768294,0.0,0.0,0.0,0,1,294,294
finetune,352,58,99.05255556106567,7.068574212948168e-05,0.09331560268616065,0.08754332070676689,0.0029707040287490585,0.08457261725113942,0.002779843697610956,0.15688717378000927,0.0,2.202748277113642e-07,0.0008268518323993159,0.022567970387669455,0.07339291309571674,8.85106355266326e-07,1.0132795451627471e-06,0.004289478078010914,0.001,0.00020610737385376343,1.0,1.0,0.05431633259559798,0.06768348647488488,0.054146789173539885,0.9996966500567575,0.917655749198718,0.08359945660982376,0.0026955304281292562,8.43132742390566e-05,0.27223441004753113,0.3754935562610626,2.5637135172069154,0.1,0.001,0.25,0.0025555047327970974,0.00011988924398971522,0.007911826555545513,6.08414630445405e-05,0.007850985241751386,0.08160945072642758,0.0029250729299731488,0.07868437831982589,26.711253891643295,31.641025641025642,1.0,0.0036398753002445158,0.00016410769529055612,0.16410768745291945,127.95268849429921,154.97435897435898,4.886691457360257,0.001751185547058972,4.5188534936370025e-06,0.004518853293524848,2,1e-06,32,64,32,0,1.0,0.0,9.05423355102539,9.849452018737793,9.442062377929688,0.1897858828306198,0.9934940338134766,0.5740949511528015,0.8713708519935608,0.08814442157745361,256,64,256,0,1.0,0.0,0.17016983032226562,1.636806845664978,0.7207755446434021,0.22510594129562378,0.9582896828651428,-0.9591923952102661,-0.0035093699116259813,0.41194507479667664,288,288,0,1.0,0.0,0.15195967289068366,0.12369546642962923,0.12369546642962923,0.0028104218357103937,0.06246657137288361,0.13926384880417778,0.30688171232900313,186,26880.0,1.0,0.12369546642962923,0.0026400768559703483,0.12105538981392029,0.0,0.0,0.0,0.12369546642962923,0.12369546642962923,0.0028104218357103937,0.06246657137288361,0.13926384880417778,0.30688171232900313,0.15195967289068366,0.24630865110184558,0.2958602071289093,0.12433915363347277,0.12433915363347277,0.0028104218357103937,0.06533662138897325,0.14080856986824544,0.3071505291167126,0.1565432561140868,0.2513474562075189,0.29381719640185755,0.12433915363347277,0.0026110071401567536,0.12172814632983918,0.0,0.0,0.0,0,1,294,294
finetune,353,59,101.28112149238586,6.979899910323624e-05,0.09376816578909881,0.08834094808906572,0.002964035163108164,0.08537691239363109,0.002792875720267622,0.14700335544398707,0.0,2.202748277113642e-07,0.000888519656373869,0.019624783661471218,0.06700334631097622,9.418279154406497e-07,1.0132795461344297e-06,0.004132170630141328,0.001,0.0002276804824924864,1.0,1.0,0.05367132018391903,0.06748502402224092,0.05398801917958464,0.9996923518995954,0.9177392160790598,0.08399537887073989,0.002708305618685917,8.45700942124658e-05,0.27223441004753113,0.3754935562610626,2.5026202256702907,0.1,0.001,0.25,0.002540741812807914,0.00012124061193498762,0.007792132787215404,6.825996276277762e-05,0.007723872478191669,0.08249684856233434,0.0029128401920310836,0.07958400828970803,26.741285976181683,31.572649572649574,1.0,0.0036500816961798146,0.0001644003312896965,0.16440032282446185,128.54599758702466,155.35897435897436,4.895545928909387,0.0017665295202969613,4.7398573694105535e-06,0.00473985712752383,2,1e-06,32,64,32,0,1.0,0.0,9.05423355102539,9.849452018737793,9.442062377929688,0.1897858828306198,0.9934940338134766,0.5740949511528015,0.8713708519935608,0.08814442157745361,256,64,256,0,1.0,0.0,0.17016983032226562,1.636806845664978,0.7207755446434021,0.22510594129562378,0.9582896828651428,-0.9591923952102661,-0.0035093699116259813,0.41194507479667664,288,288,0,1.0,0.0,0.15126106277188306,0.12292538535721759,0.12292538535721759,0.002754017586839643,0.06233432938054364,0.1418544214258912,0.3069354760390456,186,26880.0,1.0,0.12292538535721759,0.002471847390320073,0.12045353872978941,0.0,0.0,0.0,0.12292538535721759,0.12292538535721759,0.002754017586839643,0.06233432938054364,0.1418544214258912,0.3069354760390456,0.15126106277188306,0.2518247932355891,0.2976881642174977,0.1234451709909642,0.1234451709909642,0.002754017586839643,0.06479098533670749,0.14554859933152955,0.30392472349828287,0.154939451785658,0.25516220502635484,0.2940322496397521,0.1234451709909642,0.0024496697265892586,0.12099550109594426,0.0,0.0,0.0,0,1,294,294
finetune,354,60,102.70861792564392,6.890576474687264e-05,0.09290904055039088,0.08708402667290126,0.003027300814039305,0.08405672599617232,0.0028033926685014344,0.1376808657605424,0.0,2.202748277113642e-07,0.000757910762898911,0.022874837729315728,0.07322879998475058,1.0918906571758146e-06,1.0132795529362063e-06,0.0043635092771206144,0.001,0.00024999999999999995,1.0,1.0,0.05391913087258481,0.06740883686858365,0.05392706954581106,0.9996961151432787,0.9167042267628205,0.08397961522524174,0.0027194122154997964,8.39804534835922e-05,0.27223441004753113,0.3754935562610626,2.4420177879215417,0.1,0.001,0.25,0.002598764838025961,0.00012215477318411422,0.007221466200983423,6.972461278176206e-05,0.007151741757352128,0.08166792727688439,0.0029750073539554817,0.07869291980551858,26.79005383222531,31.58974358974359,1.0,0.003671665829168553,0.0001635234621062409,0.16352345393254206,130.13576025025458,157.35042735042734,4.964775291983965,0.0017671585869059986,4.437444773492076e-06,0.004437444556472648,2,1e-06,32,64,32,0,1.0,0.0,9.05423355102539,9.849452018737793,9.442062377929688,0.1897858828306198,0.9934940338134766,0.5740949511528015,0.8713708519935608,0.08814442157745361,256,64,256,0,1.0,0.0,0.17016983032226562,1.636806845664978,0.7207755446434021,0.22510594129562378,0.9582896828651428,-0.9591923952102661,-0.0035093699116259813,0.41194507479667664,288,288,0,1.0,0.0,0.1526715085010535,0.12276871867002324,0.12276871867002324,0.002774689876613148,0.06339161159590848,0.14287507940103772,0.3050537558813249,186,26880.0,1.0,0.12276871867002324,0.002544270593058714,0.12022444859464118,0.0,0.0,0.0,0.12276871867002324,0.12276871867002324,0.002774689876613148,0.06339161159590848,0.14287507940103772,0.3050537558813249,0.1526715085010535,0.2506932647478196,0.29720429307030094,0.12338593697294276,0.12338593697294276,0.002774689876613148,0.06471487408083293,0.1442762732265457,0.301989241272852,0.15504992144402638,0.25353001911313305,0.29247311134171744,0.12338593697294276,0.0025195221718836655,0.12086641518993581,0.0,0.0,0.0,0,1,294,294
finetune,355,61,99.82315850257874,6.800643086250123e-05,0.09338891245106347,0.08789744699357921,0.00294652017346846,0.08495092704000635,0.002787129609232657,0.12648321178733793,0.0,2.202748277113642e-07,0.0007580418680293553,0.0201142819908758,0.06910298137455924,1.1194100047818304e-06,1.0132795500211591e-06,0.004096619912192353,0.001,0.00027300475013022663,1.0,1.0,0.05332239210987703,0.067694609077313,0.05415568698165763,0.9996961120866302,0.9174554286858975,0.08375694838344541,0.0027066965519776964,8.043305770582102e-05,0.27223441004753113,0.3754935562610626,2.381966011250105,0.1,0.001,0.25,0.002531761816965464,0.00012007969364167677,0.0077944642458206564,6.2499907759265e-05,0.007731964445521689,0.08205159893657407,0.002899645241654008,0.0791519537058651,26.947263570932243,31.700854700854702,1.0,0.0036566032228083946,0.00015674914038365977,0.15674913235199758,129.60261946458084,156.55555555555554,4.9306562753919385,0.001756789895077037,4.116975529856203e-06,0.004116975344144381,2,1e-06,32,64,32,0,1.0,0.0,9.05423355102539,9.849452018737793,9.442062377929688,0.1897858828306198,0.9934940338134766,0.5740949511528015,0.8713708519935608,0.08814442157745361,256,64,256,0,1.0,0.0,0.17016983032226562,1.636806845664978,0.7207755446434021,0.22510594129562378,0.9582896828651428,-0.9591923952102661,-0.0035093699116259813,0.41194507479667664,288,288,0,1.0,0.0,0.14999461270147754,0.12265924380180683,0.12265924380180683,0.0028417440369091136,0.06308097327228195,0.141969938672358,0.3097311750214587,186,26880.0,1.0,0.12265924380180683,0.0026012261935628635,0.1200580175252671,0.0,0.0,0.0,0.12265924380180683,0.12265924380180683,0.0028417440369091136,0.06308097327228195,0.141969938672358,0.3097311750214587,0.14999461270147754,0.24607871649085836,0.298387088602589,0.12324056425627242,0.12324056425627242,0.0028417440369091136,0.06571974512189627,0.14459999506511995,0.30403225119876603,0.15335518922857058,0.2496449027250531,0.2916128951054747,0.12324056425627242,0.0025759461754437615,0.12066461859231299,0.0,0.0,0.0,0,1,294,294
finetune,356,62,99.91614866256714,6.710139192768697e-05,0.09268949696650872,0.08712343387624137,0.002933455414475045,0.0841899777834232,0.002777713748952772,0.1163665706403235,0.0,2.202748277113642e-07,0.0007068513308322275,0.020799409343391403,0.07064738430273838,1.2279730092786926e-06,1.0132795451627471e-06,0.004136307084182691,0.001,0.0002966316784620998,1.0,1.0,0.05310378600962651,0.06739699684529223,0.05391759746986577,0.9996964126570612,0.9179708366720085,0.08356039843752854,0.0026967068298313864,8.100692243287917e-05,0.27223441004753113,0.3754935562610626,2.3225241595094173,0.1,0.001,0.25,0.002530253900744371,0.00011924668142766568,0.007275540859271319,4.8925246422489486e-05,0.007226615380018185,0.08166677829546806,0.0028967614801556794,0.07877001637576991,26.9700742379213,31.632478632478634,1.0,0.0036438298252466908,0.000157665420848723,0.15766541366903192,129.4753180609809,156.22222222222223,4.920163332218394,0.0017495838354110846,4.3484229350670075e-06,0.004348422727014264,2,1e-06,32,64,32,0,1.0,0.0,9.05423355102539,9.849452018737793,9.442062377929688,0.1897858828306198,0.9934940338134766,0.5740949511528015,0.8713708519935608,0.08814442157745361,256,64,256,0,1.0,0.0,0.17016983032226562,1.636806845664978,0.7207755446434021,0.22510594129562378,0.9582896828651428,-0.9591923952102661,-0.0035093699116259813,0.41194507479667664,288,288,0,1.0,0.0,0.1531343949177573,0.1227534719287081,0.1227534719287081,0.0027878009961878366,0.0635132544438645,0.1429204358168507,0.310806443774572,186,26880.0,1.0,0.1227534719287081,0.0025781644124319735,0.12017530741843771,0.0,0.0,0.0,0.1227534719287081,0.1227534719287081,0.0027878009961878366,0.0635132544438645,0.1429204358168507,0.310806443774572,0.1531343949177573,0.25094566766613274,0.29822579883439565,0.12312902716246057,0.12312902716246057,0.0027878009961878366,0.06801737922554214,0.1468247935195924,0.30854838069087714,0.159545946826217,0.257407133177083,0.2942473036787843,0.12312902716246057,0.002560388682003906,0.12056863926192547,0.0,0.0,0.0,0,1,294,294
finetune,357,63,105.03731799125671,6.619104492241848e-05,0.0937744817799992,0.08822599212583314,0.003017028575289485,0.0852089630614998,0.0028032239697650713,0.10689761037500496,0.0,2.202748277113642e-07,0.0007521338263289251,0.02045003430117877,0.06981257911230254,1.3836574353588644e-06,1.0132795461344297e-06,0.004309772629973391,0.001,0.0003208160252273499,1.0,1.0,0.05438613309723954,0.06746585237292144,0.05397268187286507,0.9996955160401825,0.9168941139155983,0.08381469426756231,0.0027161424334805747,8.708152868205374e-05,0.27223441004753113,0.3754935562610626,2.263750894630644,0.1,0.001,0.25,0.0025998912132285438,0.00012325938420180423,0.00827025704913669,5.135725204570171e-05,0.008218899496600159,0.08202329933898062,0.0029785106357577075,0.07904478850272986,26.661236648885613,31.555555555555557,1.0,0.0036722717778836815,0.00016948305197636216,0.16948304420862442,129.9186737843049,157.73504273504273,4.970850433160406,0.0017600131119625308,4.68000614007043e-06,0.004680005913106804,2,1e-06,32,64,32,0,1.0,0.0,9.05423355102539,9.849452018737793,9.442062377929688,0.1897858828306198,0.9934940338134766,0.5740949511528015,0.8713708519935608,0.08814442157745361,256,64,256,0,1.0,0.0,0.17016983032226562,1.636806845664978,0.7207755446434021,0.22510594129562378,0.9582896828651428,-0.9591923952102661,-0.0035093699116259813,0.41194507479667664,288,288,0,1.0,0.0,0.15591816125457647,0.12299827343605935,0.12299827343605935,0.002804833746693553,0.06649115307366736,0.15068456985216627,0.3120967673678552,186,26880.0,1.0,0.12299827343605935,0.0025090815330994255,0.12048919134317561,0.0,0.0,0.0,0.12299827343605935,0.12299827343605935,0.002804833746693553,0.06649115307366736,0.15068456985216627,0.3120967673678552,0.15591816125457647,0.25411679243208257,0.29752687332771155,0.12349982099964264,0.12349982099964264,0.002804833746693553,0.0690835378287981,0.15143552584753883,0.3089247250588991,0.16006417390239494,0.2576214365500917,0.2926881644994982,0.12349982099964264,0.00248875481601646,0.12101106662699516,0.0,0.0,0.0,0,1,294,294
finetune,358,64,101.15730595588684,6.527578915497954e-05,0.09341040266375257,0.08750973418991789,0.0029742376058975346,0.08453549661188044,0.002780133812552971,0.09902373529397525,0.0,2.202748277113642e-07,0.0007539536077235666,0.02355348230458987,0.07629304551161252,1.5021881384386804e-06,1.0132795461344297e-06,0.004345041260911295,0.001,0.0003454915028125263,1.0,1.0,0.054306892375660755,0.06772705148427914,0.05418164117468728,0.9996957305150155,0.9171319945245726,0.08354342257619923,0.0026981696450652983,8.196415926335264e-05,0.27223441004753113,0.3754935562610626,2.205704218730439,0.1,0.001,0.25,0.002571790485093609,0.00011950834325547569,0.008324454737524701,4.7001526014417665e-05,0.008277453418470856,0.08126639339149508,0.0029389864613867216,0.07832740667538765,26.889776409181774,31.555555555555557,1.0,0.0036482914155906336,0.000159404001468106,0.15940399455209064,128.69961873894064,155.14529914529913,4.899404433678629,0.0017480478625999303,4.524316764179516e-06,0.00452431654318785,2,1e-06,32,64,32,0,1.0,0.0,9.05423355102539,9.849452018737793,9.442062377929688,0.1897858828306198,0.9934940338134766,0.5740949511528015,0.8713708519935608,0.08814442157745361,256,64,256,0,1.0,0.0,0.17016983032226562,1.636806845664978,0.7207755446434021,0.22510594129562378,0.9582896828651428,-0.9591923952102661,-0.0035093699116259813,0.41194507479667664,288,288,0,1.0,0.0,0.15336215658293617,0.12320048124232191,0.12320048124232191,0.0027459381901203317,0.0637239863124666,0.1416581610007392,0.30483870248320283,186,26880.0,1.0,0.12320048124232191,0.0024365519218027907,0.12076392960041127,0.0,0.0,0.0,0.12320048124232191,0.12320048124232191,0.0027459381901203317,0.0637239863124666,0.1416581610007392,0.30483870248320283,0.15336215658293617,0.2509066339542148,0.2951075196746857,0.12372889433135377,0.12372889433135377,0.0027459381901203317,0.06638752801784424,0.14438727254708927,0.30516128362186495,0.15782938477012418,0.25525987781183695,0.2903225742360597,0.12372889433135377,0.0024157617491313275,0.12131313377238334,0.0,0.0,0.0,0,1,294,294
finetune,359,65,101.59650993347168,6.43560260867992e-05,0.09256024594999786,0.08716378698491642,0.0029283260238062367,0.08423546147652161,0.0027849811057631788,0.0896161806761709,0.0,2.202748277113642e-07,0.000741417177218514,0.01935055488959337,0.06741693466264978,1.51228402494345e-06,1.0132795432193825e-06,0.004078007514118893,0.001,0.00037059047744873963,1.0,1.0,0.05303113074957305,0.06752485345698829,0.054019883290952087,0.9996958507431878,0.9178811097756411,0.08355736961731544,0.002704037235986091,8.094387493866424e-05,0.27223441004753113,0.3754935562610626,2.1484414168698547,0.1,0.001,0.25,0.0025226800318441205,0.00011948515745262918,0.00679320861131717,5.3042577754737984e-05,0.006740166081322564,0.08206888052642855,0.0028885440904901833,0.07918033678816934,26.932481782049194,31.623931623931625,1.0,0.0036596548365444965,0.00015742068362902873,0.15742067597870135,129.62693845308743,156.02564102564102,4.920973347245595,0.0017484196413977023,4.467065754563639e-06,0.004467065517718975,2,1e-06,32,64,32,0,1.0,0.0,9.05423355102539,9.849452018737793,9.442062377929688,0.1897858828306198,0.9934940338134766,0.5740949511528015,0.8713708519935608,0.08814442157745361,256,64,256,0,1.0,0.0,0.17016983032226562,1.636806845664978,0.7207755446434021,0.22510594129562378,0.9582896828651428,-0.9591923952102661,-0.0035093699116259813,0.41194507479667664,288,288,0,1.0,0.0,0.1547977226856415,0.12270620544540121,0.12270620544540121,0.002832063726407099,0.06258952550299626,0.1391456609651927,0.307795692034947,186,26880.0,1.0,0.12270620544540121,0.0025624809080754666,0.12014372488285632,0.0,0.0,0.0,0.12270620544540121,0.12270620544540121,0.002832063726407099,0.06258952550299626,0.1391456609651927,0.307795692034947,0.1547977226856415,0.25096108107477105,0.2959677339881979,0.12355605560414334,0.12355605560414334,0.002832063726407099,0.06506246167875987,0.13995639942786706,0.30537633685975946,0.15905558003453157,0.2545898318771393,0.29053762679298717,0.12355605560414334,0.0025401141264158834,0.12101594279421136,0.0,0.0,0.0,0,1,294,294
finetune,360,66,104.44222974777222,6.343215915635765e-05,0.09292727575088158,0.08698881901482232,0.0030229066983143934,0.0839659127796817,0.0027980629183574873,0.08190604292938852,0.0,2.202748277113642e-07,0.0008220709486411765,0.023875189889381584,0.07502934814263613,1.7593480896639683e-06,1.0132795539078886e-06,0.004439744310807755,0.001,0.0003960441545911204,1.0,1.0,0.054653147124072425,0.06750147210227118,0.05400117813076219,0.9996967188313476,0.9174596020299145,0.0840213130045141,0.002712300578609873,8.576234193972977e-05,0.27223441004753113,0.3754935562610626,2.0920190005209065,0.1,0.001,0.25,0.002606823726489535,0.00012209681006067365,0.006947862541573679,4.953651442232295e-05,0.006898326242071951,0.08177792236336276,0.002985754312497651,0.0787921682254881,26.67881489615155,31.64957264957265,1.0,0.003655069525568531,0.0001673349236229208,0.1673349152263413,128.54142510177743,155.44444444444446,4.898237852287875,0.001769531627671204,4.189760445288058e-06,0.0041897602570362584,2,1e-06,32,64,32,0,1.0,0.0,9.05423355102539,9.849452018737793,9.442062377929688,0.1897858828306198,0.9934940338134766,0.5740949511528015,0.8713708519935608,0.08814442157745361,256,64,256,0,1.0,0.0,0.17016983032226562,1.636806845664978,0.7207755446434021,0.22510594129562378,0.9582896828651428,-0.9591923952102661,-0.0035093699116259813,0.41194507479667664,288,288,0,1.0,0.0,0.15227922184332723,0.12204963729736652,0.12204963729736652,0.002782884024162876,0.06261365204268406,0.1421425085294471,0.3114516063723513,186,26880.0,1.0,0.12204963729736652,0.0026791033711522183,0.1193705345404909,0.0,0.0,0.0,0.12204963729736652,0.12204963729736652,0.002782884024162876,0.06261365204268406,0.1421425085294471,0.3114516063723513,0.15227922184332723,0.24976133955742724,0.2974731101784655,0.12289667969688456,0.12289667969688456,0.002782884024162876,0.06458170644147822,0.1422743723797862,0.308817195956425,0.1556037450709971,0.2524260212016362,0.29231182021158997,0.12289667969688456,0.0026539610277742463,0.1202427182108798,0.0,0.0,0.0,0,1,294,294
finetune,361,67,104.39601445198059,6.250459360222464e-05,0.0936297155980371,0.088130517074695,0.002915567046819398,0.08521495052637199,0.0027707039724844387,0.07301578941380876,0.0006264721990650536,2.202748277113642e-07,0.0009290963396965824,0.019961298439397007,0.06983777788332385,1.7342207519909102e-06,1.0132795441910648e-06,0.004109241966850674,0.001,0.00042178276747988454,1.0,1.0,0.05414514028682159,0.06813695638352989,0.05450956467698272,0.9996968680976802,0.9181315104166666,0.08353910410506094,0.0026941115900269174,7.659238895613294e-05,0.27223441004753113,0.3754935562610626,2.036492651796569,0.1,0.001,0.25,0.0025122789009354818,0.00011849647328037665,0.00849159991639292,5.498231571708989e-05,0.008436617942956777,0.08176181726476066,0.002874330312021586,0.07888748700547422,27.1770623688005,31.76068376068376,1.0,0.0036406358883071402,0.00014873668555798143,0.14873667863699105,129.7609138814812,156.44444444444446,4.922361225990257,0.0017475872917466948,4.448092098246135e-06,0.004448091881906885,2,1e-06,32,64,32,0,1.0,0.0,9.05423355102539,9.849452018737793,9.442062377929688,0.1897858828306198,0.9934940338134766,0.5740949511528015,0.8713708519935608,0.08814442157745361,256,64,256,0,1.0,0.0,0.17016983032226562,1.636806845664978,0.7207755446434021,0.22510594129562378,0.9582896828651428,-0.9591923952102661,-0.0035093699116259813,0.41194507479667664,288,288,0,1.0,0.0,0.15307732501257493,0.12225187015026173,0.12225187015026173,0.0028096790019264246,0.06279465921663789,0.14113744287200833,0.3084408527901096,186,26880.0,1.0,0.12225187015026173,0.002467199436765402,0.11978467046580416,0.0,0.0,0.0,0.12225187015026173,0.12225187015026173,0.0028096790019264246,0.06279465921663789,0.14113744287200833,0.3084408527901096,0.15307732501257493,0.2513624651617901,0.29741934638830925,0.12329262590154688,0.12329262590154688,0.0028096790019264246,0.06518217447083643,0.14195966689036257,0.30526881004052775,0.15804513838262327,0.2540172997421475,0.29129031492817786,0.12329262590154688,0.002438605180941522,0.12085401996019039,0.0,0.0,0.0,0,1,294,294
finetune,362,68,103.57641649246216,6.157373628530856e-05,0.09364549962119159,0.08818952669190545,0.0029225249871269315,0.0852670013013049,0.002766277237086851,0.06542791865575008,0.0,2.202748277113642e-07,0.0008471819894935818,0.020002128604130868,0.06868481543711108,1.787844125265421e-06,1.0132795432193825e-06,0.003990815532031572,0.001,0.0004477357683661733,1.0,1.0,0.054543196470436886,0.06786387474236326,0.05429109972384241,0.9996964315063933,0.9183297442574786,0.08349613234018669,0.002685642783315136,8.063445744078813e-05,0.27223441004753113,0.3754935562610626,1.9819171684992574,0.1,0.001,0.25,0.002518796190842349,0.00011858093309386347,0.008208242746499868,5.2132257698183385e-05,0.008156110078860551,0.0820333445046702,0.002883425792858291,0.07914991874215949,26.941465051765118,31.700854700854702,1.0,0.0036252668131397576,0.00015682977285687852,0.15682976470034346,128.90129633846445,155.69230769230768,4.901808772171676,0.0017460187554805197,4.439142223163876e-06,0.004439142015245225,2,1e-06,32,64,32,0,1.0,0.0,9.05423355102539,9.849452018737793,9.442062377929688,0.1897858828306198,0.9934940338134766,0.5740949511528015,0.8713708519935608,0.08814442157745361,256,64,256,0,1.0,0.0,0.17016983032226562,1.636806845664978,0.7207755446434021,0.22510594129562378,0.9582896828651428,-0.9591923952102661,-0.0035093699116259813,0.41194507479667664,288,288,0,1.0,0.0,0.15253583970730022,0.12226095446880827,0.12226095446880827,0.0027875343307932005,0.0607595242840308,0.13920200864473978,0.3146774123112361,186,26880.0,1.0,0.12226095446880827,0.002501204015409693,0.11975975128564428,0.0,0.0,0.0,0.12226095446880827,0.12226095446880827,0.0027875343307932005,0.0607595242840308,0.13920200864473978,0.3146774123112361,0.15253583970730022,0.25027209247953147,0.3019892401112023,0.12303335758599829,0.12303335758599829,0.0027875343307932005,0.06344902474853781,0.14101025494196082,0.3111827888636179,0.15823273386766193,0.2551837968089247,0.29607526100771403,0.12303335758599829,0.0024743423700590243,0.12055901437997818,0.0,0.0,0.0,0,1,294,294
finetune,363,69,104.30271697044373,6.0639995510393724e-05,0.09328146597259065,0.08764166722440311,0.0030063995061657177,0.08463526740033403,0.002806145188390699,0.05838520920429474,0.0,2.202748277113642e-07,0.0007691030867477882,0.021270923614979554,0.07037747313833645,2.0175645763979096e-06,1.0132795558512532e-06,0.004255836025580891,0.001,0.00047383202187852805,1.0,1.0,0.05411947456498941,0.06772705157979941,0.05418164141348794,0.9996957284772497,0.9170568743322649,0.08395962646374336,0.0027226532180594583,8.349197501086323e-05,0.27223441004753113,0.3754935562610626,1.9283464100420062,0.1,0.001,0.25,0.0025946635426555434,0.0001222773234130572,0.007935949625113072,4.714513078140907e-05,0.007888804388861371,0.0816897050692485,0.0029710406570846583,0.07871866429972853,26.844812556209728,31.58974358974359,1.0,0.0036797890913250865,0.00016278503685925977,0.16278502879998621,129.82020914452707,157.06837606837607,4.95030393174164,0.001765517385588943,4.198914087994172e-06,0.004198913900261251,2,1e-06,32,64,32,0,1.0,0.0,9.05423355102539,9.849452018737793,9.442062377929688,0.1897858828306198,0.9934940338134766,0.5740949511528015,0.8713708519935608,0.08814442157745361,256,64,256,0,1.0,0.0,0.17016983032226562,1.636806845664978,0.7207755446434021,0.22510594129562378,0.9582896828651428,-0.9591923952102661,-0.0035093699116259813,0.41194507479667664,288,288,0,1.0,0.0,0.15196543703636817,0.12188437295720932,0.12188437295720932,0.0027661733032065504,0.06548493093891089,0.1457773226623734,0.30935483193525704,186,26880.0,1.0,0.12188437295720932,0.0025506548340769207,0.11933371773425569,0.0,0.0,0.0,0.12188437295720932,0.12188437295720932,0.0027661733032065504,0.06548493093891089,0.1457773226623734,0.30935483193525704,0.15196543703636817,0.25222851624411924,0.2990860131479079,0.12304739368722793,0.12304739368722793,0.0027661733032065504,0.0673628417369459,0.14521207244846449,0.30263440158738886,0.15619037338402322,0.2549225334678927,0.29413977649904066,0.12304739368722793,0.002514140494663189,0.12053325201602692,0.0,0.0,0.0,0,1,294,294
finetune,364,70,104.79754066467285,5.9703780847044455e-05,0.09274446270149997,0.08702628085246453,0.0030278474267604006,0.08399843322670358,0.0027812418137860093,0.05143391251818746,0.0,2.202748277113642e-07,0.0008751212449830287,0.02216039103272761,0.07178763405252726,2.1494520488890225e-06,1.0132795500211591e-06,0.004296877439099993,0.001,0.0004999999999999999,1.0,1.0,0.056132374203994743,0.06791420790374789,0.054331366068277605,0.9996953076786466,0.9167417868589743,0.08360762079047342,0.0026970864810909215,8.415532798437167e-05,0.27223441004753113,0.3754935562610626,1.8758332442957393,0.1,0.001,0.25,0.002598142679472271,0.00012240152990181322,0.007859152606409838,7.252133666322782e-05,0.007786631074726072,0.08113191633397697,0.0029734564252579822,0.07815845979329868,26.780350220509064,31.53846153846154,1.0,0.003643484676702537,0.00016402589191675672,0.16402588338933438,129.6519418618618,157.05128205128204,4.951911489974616,0.0017506882665742538,4.2847651606762074e-06,0.004284764966394147,2,1e-06,32,64,32,0,1.0,0.0,9.05423355102539,9.849452018737793,9.442062377929688,0.1897858828306198,0.9934940338134766,0.5740949511528015,0.8713708519935608,0.08814442157745361,256,64,256,0,1.0,0.0,0.17016983032226562,1.636806845664978,0.7207755446434021,0.22510594129562378,0.9582896828651428,-0.9591923952102661,-0.0035093699116259813,0.41194507479667664,288,288,0,1.0,0.0,0.1529182179039845,0.12223005548436591,0.12223005548436591,0.002751071516305525,0.06264553158493932,0.1451008384847032,0.31032257310805783,186,26880.0,1.0,0.12223005548436591,0.0025394396234719838,0.11969061687271645,0.0,0.0,0.0,0.12223005548436591,0.12223005548436591,0.002751071516305525,0.06264553158493932,0.1451008384847032,0.31032257310805783,0.1529182179039845,0.25408606703883857,0.29763440066768276,0.12306396457109045,0.12306396457109045,0.002751071516305525,0.06491218901099137,0.14589821331964065,0.3074193471061286,0.15837319277387152,0.2579850826452496,0.29327956258609733,0.12306396457109045,0.002512783194802939,0.12055118207601791,0.0,0.0,0.0,0,1,294,294
finetune,365,71,105.09084725379944,5.876550294995423e-05,0.09283351783569042,0.08743432119616076,0.0029934255916696903,0.08444089569851883,0.002765605663960306,0.04476294106143153,0.0,2.202748277113642e-07,0.00075005303181608,0.01949201548137726,0.06814806032766643,2.159626988556668e-06,1.0132795383609705e-06,0.004102518316109577,0.001,0.0005261679781214719,1.0,1.0,0.053992353045405485,0.0675599013383572,0.054047921354062535,0.9996922892383021,0.9167522202190171,0.08348126219123857,0.002679850462362425,8.57552115323617e-05,0.27223441004753113,0.3754935562610626,1.824429495415054,0.1,0.001,0.25,0.0025636697786016404,0.00012151055446330659,0.007775465137938149,7.798894045826716e-05,0.007697476535780817,0.08160272227902697,0.0029349338873209925,0.07866778848772375,26.78624413156102,31.581196581196583,1.0,0.00361318454448866,0.0001667722983847464,0.16677229017273992,129.6764653768295,157.23076923076923,4.950819603294574,0.0017465163991412418,4.738125292136922e-06,0.0047381250267354855,2,1e-06,32,64,32,0,1.0,0.0,9.05423355102539,9.849452018737793,9.442062377929688,0.1897858828306198,0.9934940338134766,0.5740949511528015,0.8713708519935608,0.08814442157745361,256,64,256,0,1.0,0.0,0.17016983032226562,1.636806845664978,0.7207755446434021,0.22510594129562378,0.9582896828651428,-0.9591923952102661,-0.0035093699116259813,0.41194507479667664,288,288,0,1.0,0.0,0.1482430161728013,0.1231944240788196,0.1231944240788196,0.0027774558303521033,0.060065657829224905,0.1381564152036463,0.30779569283608466,186,26880.0,1.0,0.1231944240788196,0.0025456312380017754,0.12064879371764813,0.0,0.0,0.0,0.1231944240788196,0.1231944240788196,0.0027774558303521033,0.060065657829224905,0.1381564152036463,0.30779569283608466,0.1482430161728013,0.24769859300345504,0.29698923951195133,0.12385920990020671,0.12385920990020671,0.0027774558303521033,0.060774061888937025,0.13686159121934124,0.3052688102408122,0.15046363143670943,0.24963628052062886,0.29139784218803527,0.12385920990020671,0.0025300608521842574,0.12132914792349998,0.0,0.0,0.0,0,1,294,294
finetune,366,72,102.73646283149719,5.782557337881914e-05,0.09346739654867058,0.08765708413134274,0.0029705973654491906,0.08468648638480748,0.002767305833120377,0.0388452004100013,0.0,2.202748277113642e-07,0.0008646983069255893,0.02292634842869563,0.07471402731334043,2.3669448147792045e-06,1.013279539332653e-06,0.004284057374168028,0.001,0.0005522642316338267,1.0,1.0,0.054964401799007356,0.06734867507002802,0.05387893982995779,0.9996959745374501,0.9172926682692307,0.08341095380039297,0.0026865103102933904,8.079552960544267e-05,0.27223441004753113,0.3754935562610626,1.7741858926940475,0.1,0.001,0.25,0.002570365459069164,0.00012057652037404677,0.00842544385510632,4.029503931952083e-05,0.00838514882275182,0.08133800098529229,0.0029403760872033034,0.07839762476774362,26.966688237638554,31.641025641025642,1.0,0.003629891784925364,0.00015717628996512797,0.1571762826707628,129.0396723298945,156.30769230769232,4.926331405740472,0.0017431288426264357,4.414768496590269e-06,0.004414768300504766,2,1e-06,32,64,32,0,1.0,0.0,9.05423355102539,9.849452018737793,9.442062377929688,0.1897858828306198,0.9934940338134766,0.5740949511528015,0.8713708519935608,0.08814442157745361,256,64,256,0,1.0,0.0,0.17016983032226562,1.636806845664978,0.7207755446434021,0.22510594129562378,0.9582896828651428,-0.9591923952102661,-0.0035093699116259813,0.41194507479667664,288,288,0,1.0,0.0,0.15099833130596146,0.12268091437030346,0.12268091437030346,0.0028285836662225268,0.0611551875368722,0.14155199372720334,0.3127419286838142,186,26880.0,1.0,0.12268091437030346,0.002613845774210355,0.12006706855398544,0.0,0.0,0.0,0.12268091437030346,0.12268091437030346,0.0028285836662225268,0.0611551875368722,0.14155199372720334,0.3127419286838142,0.15099833130596146,0.251292277247675,0.2972580571007985,0.12322191814792917,0.12322191814792917,0.0028285836662225268,0.06327220843854531,0.14327898019704446,0.3082795627014611,0.15479582796494165,0.2553905346380767,0.2951612821830216,0.12322191814792917,0.0026039727022276913,0.12061794625317797,0.0,0.0,0.0,0,1,294,294
finetune,367,73,101.02775979042053,5.688440441781402e-05,0.09291021290243182,0.08751050338276431,0.0029240454622727428,0.08458645801004182,0.0027611747535311766,0.03289261568560559,0.0,2.202748277113642e-07,0.000733503105152522,0.019431667712827522,0.06922951452115662,2.339517099007313e-06,1.0132795461344297e-06,0.004044334645956182,0.001,0.0005782172325201155,1.0,1.0,0.05202135352943188,0.06753537822992374,0.05402830220822595,0.9996957442699335,0.917503422142094,0.08336094594918765,0.002685243524531396,7.593121737068615e-05,0.27223441004753113,0.3754935562610626,1.7251520205026205,0.1,0.001,0.25,0.0025311084275141866,0.00011880119265510868,0.007660781216417623,3.9169523053062265e-05,0.00762161179485484,0.08176491766149162,0.0028946683204804477,0.07887024929126103,27.20206294915615,31.700854700854702,1.0,0.0036302231228313385,0.0001477802273482542,0.14778022073272967,131.2341651916504,158.35897435897436,4.982853712894036,0.0017402639272264563,4.082207175461241e-06,0.00408220698690822,2,1e-06,32,64,32,0,1.0,0.0,9.05423355102539,9.849452018737793,9.442062377929688,0.1897858828306198,0.9934940338134766,0.5740949511528015,0.8713708519935608,0.08814442157745361,256,64,256,0,1.0,0.0,0.17016983032226562,1.636806845664978,0.7207755446434021,0.22510594129562378,0.9582896828651428,-0.9591923952102661,-0.0035093699116259813,0.41194507479667664,288,288,0,1.0,0.0,0.15282897841465728,0.12274610140222184,0.12274610140222184,0.002756757047423657,0.061775676001073615,0.13974731606781804,0.3083333258507072,186,26880.0,1.0,0.12274610140222184,0.0024920946006920745,0.12025400568196114,0.0,0.0,0.0,0.12274610140222184,0.12274610140222184,0.002756757047423657,0.061775676001073615,0.13974731606781804,0.3083333258507072,0.15282897841465728,0.2507162763867327,0.29462364812692005,0.12315224840285931,0.12315224840285931,0.002756757047423657,0.06352196489861335,0.13995273627581134,0.30467741223432687,0.15669355853911368,0.25441912665802946,0.29220429215059485,0.12315224840285931,0.0024873618868754264,0.1206648866546915,0.0,0.0,0.0,0,1,294,294
finetune,368,74,101.86910581588745,5.5942408894751094e-05,0.0941436659449186,0.0884915507502026,0.0030157743325321656,0.08547577688581923,0.002791618761152793,0.028763267864337843,0.0,2.202748277113642e-07,0.0009393573865310874,0.02160189892603164,0.06967880156559822,2.579079858881795e-06,1.0132795441910648e-06,0.004268634468356832,0.001,0.0006039558454088796,1.0,1.0,0.05626943022904233,0.06740883639098233,0.053927069243330225,0.9996961217660171,0.9169921875,0.08401484889352423,0.0027046908692130423,8.692789707023403e-05,0.27223441004753113,0.3754935562610626,1.6773762693526966,0.1,0.001,0.25,0.0025979956546320748,0.00012247770983100426,0.008446371962881496,5.478429126465677e-05,0.008391587397991082,0.08215677196908201,0.002974686113834922,0.07918208652836645,26.613072175246018,31.495726495726494,1.0,0.0036415719570448766,0.00016951508276287912,0.16951507380884936,127.14576310377855,153.75213675213675,4.855959422700556,0.0017678097843662158,4.3407120441630605e-06,0.004340711821857681,2,1e-06,32,64,32,0,1.0,0.0,9.05423355102539,9.849452018737793,9.442062377929688,0.1897858828306198,0.9934940338134766,0.5740949511528015,0.8713708519935608,0.08814442157745361,256,64,256,0,1.0,0.0,0.17016983032226562,1.636806845664978,0.7207755446434021,0.22510594129562378,0.9582896828651428,-0.9591923952102661,-0.0035093699116259813,0.41194507479667664,288,288,0,1.0,0.0,0.15582588208859327,0.12209637082637624,0.12209637082637624,0.0027675593588897523,0.06704946006498029,0.14957546922428314,0.30849461625981073,186,26880.0,1.0,0.12209637082637624,0.0024981019433904838,0.11959827073076938,0.0,0.0,0.0,0.12209637082637624,0.12209637082637624,0.0027675593588897523,0.06704946006498029,0.14957546922428314,0.30849461625981073,0.15582588208859327,0.2554912845934591,0.2975268730072565,0.12273047388868129,0.12273047388868129,0.0027675593588897523,0.06976571637305921,0.15152907390548018,0.307634400744592,0.160613609177451,0.26027276543199374,0.29639784158557975,0.12273047388868129,0.002482700550512589,0.12024777430169126,0.0,0.0,0.0,0,1,294,294
finetune,369,75,102.95627093315125,5.500000000000003e-05,0.09341450888886411,0.08788303909902899,0.002983121736209967,0.08489991737227155,0.002800663218745946,0.023678495564585567,0.0,2.202748277113642e-07,0.0009108615069837671,0.020466056417546466,0.06807062864048868,2.583110662637145e-06,1.0132795490494766e-06,0.004102412533138393,0.001,0.0006294095225512603,1.0,1.0,0.055735984450986244,0.06746308110718034,0.053970464943056434,0.999696275107881,0.9176828759348291,0.08389672535097498,0.0027134189776216564,8.724424563289588e-05,0.27223441004753113,0.3754935562610626,1.6309057881426225,0.1,0.001,0.25,0.0025677895665956805,0.00012173743905603058,0.007728363204206157,5.521398220752549e-05,0.00767314943492922,0.08208676669587436,0.0029417112500518244,0.07914505529607463,26.623270915104793,31.512820512820515,1.0,0.0036633166138273785,0.00017033722984224447,0.17033722258021688,128.21868231357672,155.2905982905983,4.904035476305551,0.0017635213274858955,4.151260947908777e-06,0.004151260750925439,2,1e-06,32,64,32,0,1.0,0.0,9.05423355102539,9.849452018737793,9.442062377929688,0.1897858828306198,0.9934940338134766,0.5740949511528015,0.8713708519935608,0.08814442157745361,256,64,256,0,1.0,0.0,0.17016983032226562,1.636806845664978,0.7207755446434021,0.22510594129562378,0.9582896828651428,-0.9591923952102661,-0.0035093699116259813,0.41194507479667664,288,288,0,1.0,0.0,0.15344517069157734,0.1220533641728949,0.1220533641728949,0.002795943480103891,0.06305135263791008,0.14418212894690774,0.30827956286168867,186,26880.0,1.0,0.1220533641728949,0.002580692262160889,0.11947267201352627,0.0,0.0,0.0,0.1220533641728949,0.1220533641728949,0.002795943480103891,0.06305135263791008,0.14418212894690774,0.30827956286168867,0.15344517069157734,0.2518168408223378,0.2963978416656935,0.12317201891478072,0.12317201891478072,0.002795943480103891,0.06500348422716382,0.14586720023784908,0.3045698855753227,0.15681665771270312,0.25587683267170386,0.294892465795881,0.12317201891478072,0.002552232084587771,0.12061978733920037,0.0,0.0,0.0,0,1,294,294
finetune,370,76,102.1520779132843,5.405759110524898e-05,0.09279699095039286,0.08706796990755276,0.0030000942120424067,0.08406787563083518,0.0027756819453759072,0.018895772301679492,0.0,2.202748277113642e-07,0.0009455581439358197,0.02226330177524151,0.07232373379744016,2.8259581075673896e-06,1.013279554879571e-06,0.004316131861952062,0.001,0.0006545084971874737,1.0,1.0,0.05572956061770774,0.06755720788979122,0.05404576691042664,0.9996961436719976,0.9162514189369658,0.08361253721846475,0.0026949735887698894,8.070836596526245e-05,0.27223441004753113,0.3754935562610626,1.585786437626905,0.1,0.001,0.25,0.002593344551586729,0.00012149399384740804,0.007191284854187924,4.612700416682622e-05,0.007145157736590785,0.0816745060758713,0.0029654989594147885,0.07870900720103174,26.95088027888893,31.743589743589745,1.0,0.003639263618323538,0.0001568284198086068,0.15682841162396294,128.47953352968918,155.84615384615384,4.90042653835062,0.0017506835423011938,4.5883127756174235e-06,0.004588312572903103,2,1e-06,32,64,32,0,1.0,0.0,9.05423355102539,9.849452018737793,9.442062377929688,0.1897858828306198,0.9934940338134766,0.5740949511528015,0.8713708519935608,0.08814442157745361,256,64,256,0,1.0,0.0,0.17016983032226562,1.636806845664978,0.7207755446434021,0.22510594129562378,0.9582896828651428,-0.9591923952102661,-0.0035093699116259813,0.41194507479667664,288,288,0,1.0,0.0,0.15360033992798097,0.12204496657594721,0.12204496657594721,0.0027699138166660323,0.06596269733923417,0.1478072963755137,0.3121505301966462,186,26880.0,1.0,0.12204496657594721,0.002523038372833361,0.11952192700923757,0.0,0.0,0.0,0.12204496657594721,0.12204496657594721,0.0027699138166660323,0.06596269733923417,0.1478072963755137,0.3121505301966462,0.15360033992798097,0.2540215872708828,0.2956451533302184,0.12348376705925515,0.12348376705925515,0.0027699138166660323,0.06764538523300441,0.14779029136663804,0.30446235779472575,0.1585007805417302,0.2584945885164122,0.2914516038952335,0.12348376705925515,0.0024745686158062297,0.12100919970172516,0.0,0.0,0.0,0,1,294,294
finetune,371,77,100.22237730026245,5.311559558218604e-05,0.09296556606761411,0.08751679804080571,0.002936729673260393,0.08458006872325881,0.002756327372760727,0.015472675797043957,0.0,2.202748277113642e-07,0.0007876282526113857,0.02002377673967654,0.06865462243684337,2.727852924983816e-06,1.0132795490494766e-06,0.0040148763726346,0.001,0.0006791839747726502,1.0,1.0,0.053557620073358216,0.06735369149181578,0.05388295370289403,0.9996959653675047,0.9181857638888888,0.0831772125302217,0.002676448080306634,7.987929685387072e-05,0.27223441004753113,0.3754935562610626,1.5420627451571773,0.1,0.001,0.25,0.0025291218353698077,0.00011850972163317323,0.008143343477167634,6.011763038352514e-05,0.008083226079614753,0.08140929043292999,0.002891641449975248,0.07851764922722793,26.993455707517445,31.700854700854702,1.0,0.003619364275732356,0.00015528063336088776,0.15528062673715445,127.6506232563247,154.56410256410257,4.864327399004817,0.0017335318739358813,4.477959610804281e-06,0.004477959412794847,2,1e-06,32,64,32,0,1.0,0.0,9.05423355102539,9.849452018737793,9.442062377929688,0.1897858828306198,0.9934940338134766,0.5740949511528015,0.8713708519935608,0.08814442157745361,256,64,256,0,1.0,0.0,0.17016983032226562,1.636806845664978,0.7207755446434021,0.22510594129562378,0.9582896828651428,-0.9591923952102661,-0.0035093699116259813,0.41194507479667664,288,288,0,1.0,0.0,0.15339303937970952,0.12127307104937574,0.12127307104937574,0.0027923163997524594,0.06407867382300557,0.14324518106877804,0.30951612106254023,186,26880.0,1.0,0.12127307104937574,0.002525071920628877,0.11874799858382408,0.0,0.0,0.0,0.12127307104937574,0.12127307104937574,0.0027923163997524594,0.06407867382300557,0.14324518106877804,0.30951612106254023,0.15339303937970952,0.2516753785312176,0.29989246631501826,0.12280234488401007,0.12280234488401007,0.0027923163997524594,0.0670344109962424,0.14522596169263124,0.3051075193510261,0.15814723286737678,0.2537384373286078,0.29284945394723644,0.12280234488401007,0.0024794526695412523,0.12032289264049936,0.0,0.0,0.0,0,1,294,294
finetune,372,78,100.32154130935669,5.2174426621180933e-05,0.09331350397859883,0.08759624612891775,0.002948429855382723,0.0846478166615861,0.0027779809310713895,0.012918633906345846,0.0,2.202748277113642e-07,0.0008430417779953474,0.022224146196156994,0.0713047601409957,2.9712461629316795e-06,1.0132795480777943e-06,0.004222869872051872,0.001,0.0007033683215379,1.0,1.0,0.054698492392388165,0.06752485390274952,0.05401988324319196,0.9996958502337464,0.9189035790598291,0.08354949467202537,0.0026946894876244995,8.329144282501319e-05,0.27223441004753113,0.3754935562610626,1.4997778607390808,0.1,0.001,0.25,0.002542491934588577,0.00011855112368208118,0.008259454853514321,5.343836795888905e-05,0.008206016742266141,0.08140165479774149,0.0029083510789160547,0.07849330416856667,26.807824257092598,31.70940170940171,1.0,0.003639800149676764,0.00016213716933121666,0.1621371619721763,127.59655324821799,154.76923076923077,4.870992262691375,0.001749578829552246,4.445716058884671e-06,0.004445715847178402,2,1e-06,32,64,32,0,1.0,0.0,9.05423355102539,9.849452018737793,9.442062377929688,0.1897858828306198,0.9934940338134766,0.5740949511528015,0.8713708519935608,0.08814442157745361,256,64,256,0,1.0,0.0,0.17016983032226562,1.636806845664978,0.7207755446434021,0.22510594129562378,0.9582896828651428,-0.9591923952102661,-0.0035093699116259813,0.41194507479667664,288,288,0,1.0,0.0,0.14956218631116933,0.12287600861584887,0.12287600861584887,0.002794301251266548,0.06252644386803431,0.14142236211687648,0.3062365534164572,186,26880.0,1.0,0.12287600861584887,0.0024410569024807278,0.12043495206756795,0.0,0.0,0.0,0.12287600861584887,0.12287600861584887,0.002794301251266548,0.06252644386803431,0.14142236211687648,0.3062365534164572,0.14956218631116933,0.24813908915365895,0.29392472366171496,0.12413436570700179,0.12413436570700179,0.002794301251266548,0.06509865749306896,0.14388746504862143,0.30430106898789766,0.15532616049211512,0.2540996442799286,0.2891397763804723,0.12413436570700179,0.0024043802677237605,0.12172998662324662,0.0,0.0,0.0,0,1,294,294
finetune,373,79,101.28317379951477,5.123449705004582e-05,0.09317616271412271,0.08778019548736067,0.0029363774955193074,0.08484381781174587,0.002774662079496516,0.009884878682593504,0.0,2.202748277113642e-07,0.0008346395074984016,0.01948550634054292,0.06690320866102846,2.8886829952178728e-06,1.0132795509928415e-06,0.003972061517206618,0.001,0.0007269952498697733,1.0,1.0,0.05456526429416277,0.06756272007766952,0.054050176619337156,0.9996961136149545,0.9180501302083334,0.08351268383682284,0.0026920902538789897,8.257182106227937e-05,0.27223441004753113,0.3754935562610626,1.4589735144484217,0.1,0.001,0.25,0.002531158850273579,0.0001199670791992635,0.007969673372741438,5.1683839808544544e-05,0.007917989522982866,0.08180294026676406,0.002897614614170395,0.07890532554214837,26.8594364590115,31.675213675213676,1.0,0.003637396149400972,0.00016097151076706708,0.16097150297246426,128.124510936248,154.92307692307693,4.881144942171081,0.0017467843464169747,4.17213172454467e-06,0.004172131546542176,2,1e-06,32,64,32,0,1.0,0.0,9.05423355102539,9.849452018737793,9.442062377929688,0.1897858828306198,0.9934940338134766,0.5740949511528015,0.8713708519935608,0.08814442157745361,256,64,256,0,1.0,0.0,0.17016983032226562,1.636806845664978,0.7207755446434021,0.22510594129562378,0.9582896828651428,-0.9591923952102661,-0.0035093699116259813,0.41194507479667664,288,288,0,1.0,0.0,0.15312739848209325,0.12139938644906308,0.12139938644906308,0.0027906773066980408,0.06518262987255409,0.14537927995045338,0.3109139716753396,186,26880.0,1.0,0.12139938644906308,0.0025086225817931144,0.11889076454842344,0.0,0.0,0.0,0.12139938644906308,0.12139938644906308,0.0027906773066980408,0.06518262987255409,0.14537927995045338,0.3109139716753396,0.15312739848209325,0.251085178425876,0.2982257987542819,0.12239527718183842,0.12239527718183842,0.0027906773066980408,0.06824938118738193,0.1492046916416736,0.3067741866714211,0.15999447878810666,0.25786431942896176,0.2936559066336642,0.12239527718183842,0.0024770168647011543,0.11991826016852196,0.0,0.0,0.0,0,1,294,294
finetune,374,80,101.3169105052948,5.0296219152955624e-05,0.09234813027656995,0.08672302700260766,0.002962878693301135,0.08376014821677126,0.002771588299089135,0.007246229005579511,0.0,2.202748277113642e-07,0.0008510798314589018,0.021503843745200805,0.06992239543260673,3.0564386985331976e-06,1.0132795509928415e-06,0.004073900651956837,0.001,0.0007499999999999999,1.0,1.0,0.055104368342420995,0.068057162894143,0.05444573068147541,0.999696272560674,0.9172279814369658,0.08354133768723561,0.0026923360394584574,7.925225903989516e-05,0.27223441004753113,0.3754935562610626,1.4196899752486192,0.1,0.001,0.25,0.002549220252141325,0.00011896017766157145,0.007355427385395409,6.767256089892142e-05,0.00728775471703619,0.08120645659092145,0.002912124273621947,0.07829433224267429,27.03081085335495,31.64957264957265,1.0,0.0036363253254507086,0.00015418516540015314,0.15418515857468304,129.34955603444678,156.008547008547,4.9155094222840425,0.0017483467853062937,4.319352186751289e-06,0.004319351962488941,2,1e-06,32,64,32,0,1.0,0.0,9.05423355102539,9.849452018737793,9.442062377929688,0.1897858828306198,0.9934940338134766,0.5740949511528015,0.8713708519935608,0.08814442157745361,256,64,256,0,1.0,0.0,0.17016983032226562,1.636806845664978,0.7207755446434021,0.22510594129562378,0.9582896828651428,-0.9591923952102661,-0.0035093699116259813,0.41194507479667664,288,288,0,1.0,0.0,0.15184030301308118,0.12201671381580069,0.12201671381580069,0.002782108341442778,0.06176382170799839,0.1416050356672576,0.3077419289457862,186,26880.0,1.0,0.12201671381580069,0.0024916390303839396,0.11952507384914032,0.0,0.0,0.0,0.12201671381580069,0.12201671381580069,0.002782108341442778,0.06176382170799839,0.1416050356672576,0.3077419289457862,0.15184030301308118,0.2512055153567945,0.29892472458142105,0.12296776267442297,0.12296776267442297,0.002782108341442778,0.06291484227153643,0.1414054621471673,0.30430106710522403,0.15562264072478457,0.25257371458154854,0.29220429375287027,0.12296776267442297,0.0024673615562471937,0.1205004003453762,0.0,0.0,0.0,0,1,294,294
finetune,375,81,100.2620096206665,4.9360004489606334e-05,0.09277653974345607,0.08723983907292032,0.002943944993416946,0.0842958938362252,0.0027798648891795394,0.005506814921147421,0.0,2.202748277113642e-07,0.0007405047351475775,0.020503816027671862,0.07025502560039361,3.1625119850901747e-06,1.0132795490494766e-06,0.0040935115320568215,0.001,0.0007723195175075136,1.0,1.0,0.053483888323808834,0.06746585243660161,0.053972682000225425,0.9996955201157138,0.9172196347489316,0.08357429090473387,0.0026996783358960324,8.018654838622782e-05,0.27223441004753113,0.3754935562610626,1.3819660112501053,0.1,0.001,0.25,0.0025473316772204116,0.00011919202968892621,0.007262529470981696,4.2993989255693224e-05,0.0072195351633251225,0.08179294196968405,0.002911699501475176,0.078881242336371,26.97829072088258,31.65811965811966,1.0,0.0036495130899179187,0.0001559070046318488,0.15590699717529818,129.7766701298901,156.9145299145299,4.933221821333611,0.001749843578889138,4.466091688531627e-06,0.004466091465746236,2,1e-06,32,64,32,0,1.0,0.0,9.05423355102539,9.849452018737793,9.442062377929688,0.1897858828306198,0.9934940338134766,0.5740949511528015,0.8713708519935608,0.08814442157745361,256,64,256,0,1.0,0.0,0.17016983032226562,1.636806845664978,0.7207755446434021,0.22510594129562378,0.9582896828651428,-0.9591923952102661,-0.0035093699116259813,0.41194507479667664,288,288,0,1.0,0.0,0.15691301623179066,0.12211388698283662,0.12211388698283662,0.0027335850333676057,0.06728952126927994,0.14612288790084021,0.309086013945841,186,26880.0,1.0,0.12211388698283662,0.0025190101104213838,0.11959487722909197,0.0,0.0,0.0,0.12211388698283662,0.12211388698283662,0.0027335850333676057,0.06728952126927994,0.14612288790084021,0.309086013945841,0.15691301623179066,0.2533213202991793,0.2941935402891969,0.12306615979747569,0.12306615979747569,0.0027335850333676057,0.07024251645360823,0.14706921088759617,0.3099462295812304,0.16252811619591329,0.25743605821363386,0.2913978417874664,0.12306615979747569,0.002492098046090216,0.12057406185789311,0.0,0.0,0.0,0,1,294,294
finetune,376,82,103.3493263721466,4.8426263714691516e-05,0.09354405722811691,0.0879856897597639,0.0029824849518620944,0.08500320534420829,0.002794904497046119,0.0042211208572117695,0.0,2.202748277113642e-07,0.0006565884262886551,0.020747140567335818,0.06847893975229345,3.3033506995777247e-06,1.013279547106112e-06,0.0041596778990844125,0.001,0.0007938926261462365,1.0,1.0,0.052316760103035174,0.06739699674977197,0.05391759756538603,0.9996964090909713,0.9185363247863247,0.08379835832832205,0.0027141996309097507,8.070485969994448e-05,0.27223441004753113,0.3754935562610626,1.3458388514508761,0.1,0.001,0.25,0.0025647533271445804,0.00012072722467222712,0.007961855484889103,6.031889356991165e-05,0.007901536348538522,0.08201429840081777,0.0029372457806896577,0.07907705301912422,26.938839480408237,31.700854700854702,1.0,0.0036694999231009656,0.0001572394585231932,0.15723945136763093,130.4198329632099,156.85470085470087,4.937425188383517,0.0017588993436935493,4.170261066659665e-06,0.004170260877690763,2,1e-06,32,64,32,0,1.0,0.0,9.05423355102539,9.849452018737793,9.442062377929688,0.1897858828306198,0.9934940338134766,0.5740949511528015,0.8713708519935608,0.08814442157745361,256,64,256,0,1.0,0.0,0.17016983032226562,1.636806845664978,0.7207755446434021,0.22510594129562378,0.9582896828651428,-0.9591923952102661,-0.0035093699116259813,0.41194507479667664,288,288,0,1.0,0.0,0.14784745323241397,0.12266071283436836,0.12266071283436836,0.0027741049465901673,0.0585628079841294,0.13563323094038873,0.30801074511261395,186,26880.0,1.0,0.12266071283436836,0.002603662777394849,0.12005704990092744,0.0,0.0,0.0,0.12266071283436836,0.12266071283436836,0.0027741049465901673,0.0585628079841294,0.13563323094038873,0.30801074511261395,0.14784745323241397,0.2457800218735331,0.2966128960251808,0.12372858568708947,0.12372858568708947,0.0027741049465901673,0.06120235744302952,0.1373551566434163,0.3037096709012985,0.15293316118499284,0.24976510170005983,0.2922042950346906,0.12372858568708947,0.002575133132074583,0.12115345181936914,0.0,0.0,0.0,0,1,294,294
finetune,377,83,104.26276898384094,4.7495406397775416e-05,0.09305101282830931,0.08752235700177331,0.0029954246044334057,0.08452693271076578,0.0027909780251514963,0.0031687804044057163,0.0,2.202748277113642e-07,0.000890899256206529,0.02054161127879579,0.06792751776102261,3.3501598358674933e-06,1.013279547106112e-06,0.004111096333577019,0.001,0.0008146601955249187,1.0,1.0,0.05530810063211327,0.0673536922241378,0.053882953846174426,0.9996959684241531,0.9169984475160257,0.0839071273803711,0.0027073740971107515,8.36039317564583e-05,0.27223441004753113,0.3754935562610626,1.3113441489959703,0.1,0.001,0.25,0.0025835299006718984,0.0001210799716170738,0.007965734881213587,5.539510454823319e-05,0.007910339750795282,0.08154805577718295,0.0029538782745297267,0.07859417777030896,26.769788562742054,31.641025641025642,1.0,0.003650447765651804,0.00016302521967151974,0.16302521208412626,128.27601773514706,155.46153846153845,4.900496819807985,0.0017643004225996824,4.182644563356877e-06,0.004182644379444611,2,1e-06,32,64,32,0,1.0,0.0,9.05423355102539,9.849452018737793,9.442062377929688,0.1897858828306198,0.9934940338134766,0.5740949511528015,0.8713708519935608,0.08814442157745361,256,64,256,0,1.0,0.0,0.17016983032226562,1.636806845664978,0.7207755446434021,0.22510594129562378,0.9582896828651428,-0.9591923952102661,-0.0035093699116259813,0.41194507479667664,288,288,0,1.0,0.0,0.15369195555166532,0.122236634347033,0.122236634347033,0.002797106498892003,0.06312252716812235,0.14330220516891248,0.31274192772244896,186,26880.0,1.0,0.122236634347033,0.002536107582892192,0.11970052804718627,0.0,0.0,0.0,0.122236634347033,0.122236634347033,0.002797106498892003,0.06312252716812235,0.14330220516891248,0.31274192772244896,0.15369195555166532,0.2522570243686117,0.29698923951195133,0.12342292482548571,0.12342292482548571,0.002797106498892003,0.06520919840262142,0.14368044799293883,0.30666666005247384,0.1571510689313053,0.2553264262375011,0.29193547568334044,0.12342292482548571,0.002500703246233628,0.1209222213067907,0.0,0.0,0.0,0,1,294,294
finetune,378,84,101.1214439868927,4.656784084364242e-05,0.0929531681104603,0.08721614832806791,0.0029373175437705447,0.0842788310514556,0.0027913782391378768,0.002024795135690106,0.0,2.202748277113642e-07,0.0007469984520400594,0.022324876173232228,0.07089512110647993,3.4563862877453525e-06,1.0132795500211591e-06,0.004140326719926113,0.001,0.0008345653031794289,1.0,1.0,0.05483310728564731,0.06734867436954609,0.05387893970259744,0.9996959704619187,0.9184987646901709,0.08380233706572117,0.002708783062795798,8.259516967245095e-05,0.27223441004753113,0.3754935562610626,1.278515945992113,0.1,0.001,0.25,0.0025394704092381536,0.0001186736744862601,0.007850447271624181,4.6408299404459125e-05,0.0078040391970903445,0.08132831300171013,0.002902511318719699,0.07842580165363784,26.827548589461887,31.53846153846154,1.0,0.0036579637537495447,0.0001607983534233784,0.16079834587553626,128.38174386309763,154.76068376068375,4.886357937473946,0.00175960239671712,4.391986302665921e-06,0.00439198608072395,2,1e-06,32,64,32,0,1.0,0.0,9.05423355102539,9.849452018737793,9.442062377929688,0.1897858828306198,0.9934940338134766,0.5740949511528015,0.8713708519935608,0.08814442157745361,256,64,256,0,1.0,0.0,0.17016983032226562,1.636806845664978,0.7207755446434021,0.22510594129562378,0.9582896828651428,-0.9591923952102661,-0.0035093699116259813,0.41194507479667664,288,288,0,1.0,0.0,0.1552531564187619,0.12202599660513248,0.12202599660513248,0.0028343453577303504,0.06300269818604393,0.14200175363290055,0.31403225003391183,186,26880.0,1.0,0.12202599660513248,0.002674875082448125,0.11935112118086916,0.0,0.0,0.0,0.12202599660513248,0.12202599660513248,0.0028343453577303504,0.06300269818604393,0.14200175363290055,0.31403225003391183,0.1552531564187619,0.25273372140783135,0.30032257231012466,0.12330136590815605,0.12330136590815605,0.0028343453577303504,0.06478354679570804,0.14249909468876418,0.3060752614050783,0.15946262972729822,0.25570899889033327,0.291827949144507,0.12330136590815605,0.0026361979395547446,0.12066516692334033,0.0,0.0,0.0,0,1,294,294
finetune,379,85,98.92845821380615,4.5643973913200855e-05,0.0925391311956267,0.08711243382631204,0.0029127747367701344,0.08419965901690671,0.0027879184016432516,0.0015137506465817618,0.0,2.202748277113642e-07,0.0009740918752611786,0.01967025671998023,0.06674198656637445,3.3597135901679867e-06,1.0132795587663004e-06,0.003934962168518995,0.001,0.0008535533905932737,1.0,1.0,0.05569469314227756,0.06750585963456039,0.05400468765670418,0.999688491352603,0.9183568709935898,0.08365278340812422,0.0027041326368498243,8.378576323873579e-05,0.27223441004753113,0.3754935562610626,1.2473866399122733,0.1,0.001,0.25,0.002513204291303698,0.00011714510437119534,0.007377680804994371,5.5499120145781424e-05,0.0073221817485287655,0.0815791730952059,0.0028711503966607982,0.07870802276919031,26.825107998318142,31.4017094017094,1.0,0.003655403211680997,0.00016233206714297502,0.16233205999064648,128.55157814677963,154.82905982905982,4.899223446566646,0.0017528620719686788,5.2394584240301674e-06,0.005239458165617071,2,1e-06,32,64,32,0,1.0,0.0,9.05423355102539,9.849452018737793,9.442062377929688,0.1897858828306198,0.9934940338134766,0.5740949511528015,0.8713708519935608,0.08814442157745361,256,64,256,0,1.0,0.0,0.17016983032226562,1.636806845664978,0.7207755446434021,0.22510594129562378,0.9582896828651428,-0.9591923952102661,-0.0035093699116259813,0.41194507479667664,288,288,0,1.0,0.0,0.15616427440076106,0.12213990869040185,0.12213990869040185,0.002827117209659612,0.06669717408235996,0.14589890846682171,0.3081720360024001,186,26880.0,1.0,0.12213990869040185,0.0026511638970213368,0.11948874465962674,0.0,0.0,0.0,0.12213990869040185,0.12213990869040185,0.002827117209659612,0.06669717408235996,0.14589890846682171,0.3081720360024001,0.15616427440076106,0.2532324471701217,0.29677418579337417,0.12334016013018628,0.12334016013018628,0.002827117209659612,0.06835704560702045,0.14769084477216327,0.3055913912192468,0.15999252569451128,0.256895411399103,0.29037633594325796,0.12334016013018628,0.002617617489453009,0.12072254336894826,0.0,0.0,0.0,0,1,294,294
finetune,380,86,98.16106057167053,4.472421084502053e-05,0.092202737991117,0.08659685575045072,0.0029180060517894598,0.08367884961458352,0.0027764990933748903,0.0008945524290554289,0.0,2.202748277113642e-07,0.0010983804292982703,0.021189930359235942,0.07057673710151616,3.5244872177687425e-06,1.0132795441910648e-06,0.004042663581124069,0.001,0.0008715724127386972,1.0,1.0,0.05693043295580607,0.06734867414666547,0.053878939798117705,0.9996959740280086,0.9181085570245726,0.08348995141493969,0.002697086471140894,7.941262839057554e-05,0.27223441004753113,0.3754935562610626,1.2179869516232644,0.1,0.001,0.25,0.0025355228358226963,0.00011823481058193924,0.007346999441456591,2.8129488938193546e-05,0.007318869869933169,0.08108660629671863,0.002896908934837064,0.07818969740317418,27.028831938393097,31.64957264957265,1.0,0.0036483918611183125,0.0001542378380162339,0.15423783074077377,129.76909956972824,156.64957264957266,4.934593229570003,0.0017457810722084509,4.5874182275768435e-06,0.004587417993790064,2,1e-06,32,64,32,0,1.0,0.0,9.05423355102539,9.849452018737793,9.442062377929688,0.1897858828306198,0.9934940338134766,0.5740949511528015,0.8713708519935608,0.08814442157745361,256,64,256,0,1.0,0.0,0.17016983032226562,1.636806845664978,0.7207755446434021,0.22510594129562378,0.9582896828651428,-0.9591923952102661,-0.0035093699116259813,0.41194507479667664,288,288,0,1.0,0.0,0.15545250100874772,0.12220454009923529,0.12220454009923529,0.0027824063894358723,0.06330854980705647,0.14192280503270285,0.30849461650015203,186,26880.0,1.0,0.12220454009923529,0.002561119664955805,0.11964342093214075,0.0,0.0,0.0,0.12220454009923529,0.12220454009923529,0.0027824063894358723,0.06330854980705647,0.14192280503270285,0.30849461650015203,0.15545250100874772,0.25337951373989864,0.29655913151400065,0.12325991610897348,0.12325991610897348,0.0027824063894358723,0.0649807179429298,0.14447958744381384,0.30370966945925065,0.15928605635480214,0.25917623544572505,0.29241934675042347,0.12325991610897348,0.002533263546672273,0.12072665355306991,0.0,0.0,0.0,0,1,294,294
finetune,381,87,101.06943202018738,4.3808955077581574e-05,0.09380754376323815,0.08833896247749655,0.0030050143165688994,0.08533394890717971,0.0027866427563767657,0.0005917823674459743,0.0,2.202748277113642e-07,0.0007319572628031706,0.019960940461287387,0.06814582776437458,3.654006301682481e-06,1.013279547106112e-06,0.004111078202139395,0.001,0.0008885729807284854,1.0,1.0,0.052894431731512405,0.06755720833555245,0.05404576654426563,0.999696146728646,0.9169212406517094,0.08386613396752594,0.0027059305948802293,8.071215714339931e-05,0.27223441004753113,0.3754935562610626,1.1903458950679613,0.1,0.001,0.25,0.0025931343463106225,0.00012179043363323575,0.008634886171063807,5.1443419283908654e-05,0.008583442777649969,0.08186279816759957,0.0029664317516084663,0.07889636682394223,26.964662845318134,31.692307692307693,1.0,0.0036495852514974074,0.0001568473586909628,0.15684735061775926,130.2018700950166,157.008547008547,4.943705536048108,0.0017622759531880927,4.576956287187813e-06,0.004576956105028463,2,1e-06,32,64,32,0,1.0,0.0,9.05423355102539,9.849452018737793,9.442062377929688,0.1897858828306198,0.9934940338134766,0.5740949511528015,0.8713708519935608,0.08814442157745361,256,64,256,0,1.0,0.0,0.17016983032226562,1.636806845664978,0.7207755446434021,0.22510594129562378,0.9582896828651428,-0.9591923952102661,-0.0035093699116259813,0.41194507479667664,288,288,0,1.0,0.0,0.15605549095699223,0.12240896500805591,0.12240896500805591,0.0027665662916099773,0.06613304530600866,0.14806590220260044,0.30494622902203633,186,26880.0,1.0,0.12240896500805591,0.0024818171353198273,0.11992714696742118,0.0,0.0,0.0,0.12240896500805591,0.12240896500805591,0.0027665662916099773,0.06613304530600866,0.14806590220260044,0.30494622902203633,0.15605549095699223,0.2549485202518202,0.29655913199468326,0.12315821615939444,0.12315821615939444,0.0027665662916099773,0.06838958375957063,0.14985634655421298,0.3040860140275571,0.16102712395130306,0.2602827917904623,0.29215053036328287,0.12315821615939444,0.0024654618724487087,0.12069275436249186,0.0,0.0,0.0,0,1,294,294
finetune,382,88,100.24037456512451,4.289860807231309e-05,0.09235436959653838,0.08682521617310679,0.0029470207115921835,0.08387819569335024,0.0027895066210538405,0.00043660841492187773,0.0,2.202748277113642e-07,0.0007774795285202453,0.020484271590621807,0.06867356095303837,3.7055229018989894e-06,1.0132795461344297e-06,0.004095605105901949,0.001,0.0009045084971874737,1.0,1.0,0.05413091712846206,0.0674237310886383,0.053938985061951175,0.9996912790159894,0.9177663428151709,0.08385212343727422,0.0027059177573547405,8.358885416883923e-05,0.27223441004753113,0.3754935562610626,1.1644907486320377,0.1,0.001,0.25,0.002549896657001227,0.00012032148282369002,0.007012503269391182,3.8319254397518103e-05,0.006974184105538914,0.08156583903946428,0.0029182812720377985,0.0786475577415564,26.820667918930706,31.572649572649574,1.0,0.0036503113587347106,0.00016197558725874624,0.16197557938404572,129.10887346512231,155.991452991453,4.9184740906390685,0.0017615241708998114,5.202121425336994e-06,0.005202121204800076,2,1e-06,32,64,32,0,1.0,0.0,9.05423355102539,9.849452018737793,9.442062377929688,0.1897858828306198,0.9934940338134766,0.5740949511528015,0.8713708519935608,0.08814442157745361,256,64,256,0,1.0,0.0,0.17016983032226562,1.636806845664978,0.7207755446434021,0.22510594129562378,0.9582896828651428,-0.9591923952102661,-0.0035093699116259813,0.41194507479667664,288,288,0,1.0,0.0,0.15541633506936411,0.12165292336585674,0.12165292336585674,0.002831974334301467,0.06592433002116459,0.1464988982044561,0.31220429406691624,186,26880.0,1.0,0.12165292336585674,0.0025383624089683624,0.1191145603327041,0.0,0.0,0.0,0.12165292336585674,0.12165292336585674,0.002831974334301467,0.06592433002116459,0.1464988982044561,0.31220429406691624,0.15541633506936411,0.2527797847825994,0.2985483804537404,0.1224722683112672,0.1224722683112672,0.002831974334301467,0.06739360510912393,0.1467650265142482,0.3086021431992131,0.15875542672571316,0.2546562136661622,0.29526880832128627,0.1224722683112672,0.0025230316739985126,0.11994923619513816,0.0,0.0,0.0,0,1,294,294
finetune,383,89,97.26308488845825,4.19935691374988e-05,0.09271273099713856,0.08700296855889834,0.0029228377299240003,0.08408013088071448,0.0027496555768367317,0.00019956991458550477,0.0,2.202748277113642e-07,0.000740370613961686,0.02220621296308107,0.07349834088076893,3.7612118314085756e-06,1.013279554879571e-06,0.0040901275923770145,0.001,0.0009193352839727121,1.0,1.0,0.053244574250191704,0.06752485380722927,0.05401988294071112,0.9996958532903948,0.9187074318910257,0.08315607816235632,0.0026702438540852223,7.941171547555181e-05,0.27223441004753113,0.3754935562610626,1.1404470282234973,0.1,0.001,0.25,0.00252819885340575,0.00011606864629559116,0.007942617448986087,4.9490809965974244e-05,0.007893126744490404,0.0810460054084786,0.0028857196219520182,0.07816028569498633,26.99761490128998,31.726495726495727,1.0,0.0036083098170626112,0.00015454043458369124,0.15454042671073195,128.76043577275723,155.64957264957266,4.898418946027399,0.0017321778861328196,4.282996399720843e-06,0.004282996185824403,2,1e-06,32,64,32,0,1.0,0.0,9.05423355102539,9.849452018737793,9.442062377929688,0.1897858828306198,0.9934940338134766,0.5740949511528015,0.8713708519935608,0.08814442157745361,256,64,256,0,1.0,0.0,0.17016983032226562,1.636806845664978,0.7207755446434021,0.22510594129562378,0.9582896828651428,-0.9591923952102661,-0.0035093699116259813,0.41194507479667664,288,288,0,1.0,0.0,0.151322289580299,0.12314472981589905,0.12314472981589905,0.0028143223038220658,0.06067592184239578,0.1389194271346975,0.30645160529241766,186,26880.0,1.0,0.12314472981589905,0.002562054030428779,0.1205826756802011,0.0,0.0,0.0,0.12314472981589905,0.12314472981589905,0.0028143223038220658,0.06067592184239578,0.1389194271346975,0.30645160529241766,0.151322289580299,0.2509496903387449,0.2942473038390119,0.12416377267304887,0.12416377267304887,0.0028143223038220658,0.06252380754167755,0.13932253368779696,0.3029569826859941,0.15600190580051432,0.2550027902808882,0.2897311750278678,0.12416377267304887,0.0025444641161927995,0.12161930919961726,0.0,0.0,0.0,0,1,294,294
finetune,384,90,98.35846543312073,4.109423525312741e-05,0.09192701868521862,0.08649579983236444,0.0029093682354029557,0.08358643184869717,0.002780303874443102,0.00014278500014518062,0.0,2.202748277113642e-07,0.0007394343680551593,0.019573056550983053,0.06891803156871062,3.689291609562211e-06,1.0132795539078886e-06,0.0039530849416589,0.001,0.0009330127018922195,1.0,1.0,0.05257055399000135,0.06740883702778408,0.053927069418450706,0.9996961227848998,0.9185279780982906,0.08361251346575908,0.0026996431267286977,8.066075054394345e-05,0.27223441004753113,0.3754935562610626,1.118238462091549,0.1,0.001,0.25,0.0025120179226590144,0.00011739186105780049,0.006864537285943316,5.1046896757733106e-05,0.006813489983224461,0.0813473969952673,0.0028710830628346554,0.07847631423391847,26.975271159767086,31.65811965811966,1.0,0.003646888051771073,0.0001571955286542503,0.15719552121610722,129.15609402126736,155.82905982905982,4.909046993926027,0.0017523982016863222,4.125972257762076e-06,0.004125972079415606,2,1e-06,32,64,32,0,1.0,0.0,9.05423355102539,9.849452018737793,9.442062377929688,0.1897858828306198,0.9934940338134766,0.5740949511528015,0.8713708519935608,0.08814442157745361,256,64,256,0,1.0,0.0,0.17016983032226562,1.636806845664978,0.7207755446434021,0.22510594129562378,0.9582896828651428,-0.9591923952102661,-0.0035093699116259813,0.41194507479667664,288,288,0,1.0,0.0,0.1522893184816004,0.12186747646712243,0.12186747646712243,0.0028336132192944593,0.062397895606174585,0.14015184417967835,0.3168817130067656,186,26880.0,1.0,0.12186747646712243,0.002682770710151167,0.11918470501265627,0.0,0.0,0.0,0.12186747646712243,0.12186747646712243,0.0028336132192944593,0.062397895606174585,0.14015184417967835,0.3168817130067656,0.1522893184816004,0.24858634598473067,0.29919354072822035,0.12279621226356384,0.12279621226356384,0.0028336132192944593,0.06338506667894782,0.13940280676889483,0.3117741867098757,0.1553107893434904,0.25039219784159816,0.29532257291258024,0.12279621226356384,0.0026708300549913434,0.1201253817119497,0.0,0.0,0.0,0,1,294,294
finetune,385,91,100.57781600952148,4.020100089676379e-05,0.09237853399454019,0.08656457060167932,0.0030128767556693945,0.08355169393058516,0.002808927942433546,7.5768112228849e-05,0.0,2.202748277113642e-07,0.0008271089641506183,0.022734298147897944,0.0726724741423232,4.054103250378581e-06,1.013279547106112e-06,0.0042867013755747965,0.001,0.0009455032620941839,1.0,1.0,0.05556064594186779,0.06827214251980822,0.05461771451891997,0.9996967473600664,0.9173197950053419,0.08404522274549191,0.0027256784443226126,8.324948828528103e-05,0.27223441004753113,0.3754935562610626,1.097886967409693,0.1,0.001,0.25,0.002604230568230821,0.00012151055420678244,0.007269675915057843,4.79851399635912e-05,0.007221690609923795,0.08111231372906612,0.0029768879001992,0.07813542597314231,26.837881430601463,31.632478632478634,1.0,0.003681494128038613,0.00016200320331134007,0.16200319518390885,130.18103744637253,156.93162393162393,4.94832869428788,0.0017698627586166065,4.49577377810037e-06,0.004495773559961564,2,1e-06,32,64,32,0,1.0,0.0,9.05423355102539,9.849452018737793,9.442062377929688,0.1897858828306198,0.9934940338134766,0.5740949511528015,0.8713708519935608,0.08814442157745361,256,64,256,0,1.0,0.0,0.17016983032226562,1.636806845664978,0.7207755446434021,0.22510594129562378,0.9582896828651428,-0.9591923952102661,-0.0035093699116259813,0.41194507479667664,288,288,0,1.0,0.0,0.16099282025649983,0.12234067187664356,0.12234067187664356,0.002856732935624871,0.06876285964002211,0.14879843269184392,0.3115591321100471,186,26880.0,1.0,0.12234067187664356,0.0025585877134444864,0.1197820836876301,0.0,0.0,0.0,0.12234067187664356,0.12234067187664356,0.002856732935624871,0.06876285964002211,0.14879843269184392,0.3115591321100471,0.16099282025649983,0.25750285314936794,0.29731181984947574,0.12333336377397497,0.12333336377397497,0.002856732935624871,0.07081067052379411,0.1483301299534017,0.30774192768399433,0.16490531666705044,0.2602160830972015,0.291559131475546,0.12333336377397497,0.0025443359639773025,0.12078902711893649,0.0,0.0,0.0,0,1,294,294
finetune,386,92,98.9309811592102,3.9314257870518365e-05,0.09324941873295695,0.08793263513053584,0.0029231462051542713,0.08500948841245766,0.002776699747619593,7.076039671515807e-05,0.0,2.202748277113642e-07,0.0009514399548490287,0.018766290253489956,0.06587511180048315,3.7519770486087664e-06,1.0132795432193825e-06,0.003920433564712572,0.001,0.0009567727288213006,1.0,1.0,0.05532158646955449,0.06786387502892405,0.05429110004224329,0.9996964309969519,0.9181461171207265,0.0836997742836292,0.0026950126426278525,8.168710506947523e-05,0.27223441004753113,0.3754935562610626,1.0794126286461139,0.1,0.001,0.25,0.002520428219726548,0.0001184086999833548,0.008320278082138453,5.437809830674758e-05,0.008265899796771187,0.08169242637789148,0.002882362630429208,0.07881006356487927,26.879366491594887,31.581196581196583,1.0,0.003635100853175689,0.00015889880104133717,0.15889879373403695,128.29307327922592,154.73504273504273,4.8824913427527425,0.0017549244390450355,4.475408330713008e-06,0.004475408130221897,2,1e-06,32,64,32,0,1.0,0.0,9.05423355102539,9.849452018737793,9.442062377929688,0.1897858828306198,0.9934940338134766,0.5740949511528015,0.8713708519935608,0.08814442157745361,256,64,256,0,1.0,0.0,0.17016983032226562,1.636806845664978,0.7207755446434021,0.22510594129562378,0.9582896828651428,-0.9591923952102661,-0.0035093699116259813,0.41194507479667664,288,288,0,1.0,0.0,0.15768410934395688,0.12180925287464832,0.12180925287464832,0.002767390512088512,0.06382339175099568,0.14575192164028844,0.3111827878221389,186,26880.0,1.0,0.12180925287464832,0.0025451003246881225,0.11926415340697512,0.0,0.0,0.0,0.12180925287464832,0.12180925287464832,0.002767390512088512,0.06382339175099568,0.14575192164028844,0.3111827878221389,0.15768410934395688,0.2579189873030109,0.2998387022845207,0.12285418792607937,0.12285418792607937,0.002767390512088512,0.06550063585401864,0.14602190101399057,0.30537633710010076,0.1601622334671437,0.2585959081207552,0.2927956910383317,0.12285418792607937,0.0025273802259223577,0.1203268067316806,0.0,0.0,0.0,0,1,294,294
finetune,387,93,96.95314359664917,3.8434395129189545e-05,0.09190081193661079,0.08619704829831408,0.0028872171796969753,0.08330983108180201,0.002769708500092483,2.6440846884989332e-05,0.0,2.202748277113642e-07,0.0008083016162293803,0.022064352201090917,0.07228601743013431,3.951053387536221e-06,1.0132795441910648e-06,0.0040857263991975375,0.001,0.0009667902132486009,1.0,1.0,0.05420292657601018,0.067727051070358,0.0541816411110071,0.999695730005574,0.9194294204059829,0.08351589115256937,0.0026883039500118578,8.140454933437335e-05,0.27223441004753113,0.3754935562610626,1.0628336777427378,0.1,0.001,0.25,0.0025028607287667054,0.00011616304394780085,0.006577756669786241,3.7738410596791495e-05,0.006540018269139477,0.08126373085965458,0.00285891337125188,0.0784048173799474,26.932885487874348,31.623931623931625,1.0,0.0036290827203287273,0.00015835780965046893,0.15835780160039917,128.60581239879642,155.01709401709402,4.8847954976778665,0.0017475251757149768,4.451289336503757e-06,0.004451289136185605,2,1e-06,32,64,32,0,1.0,0.0,9.05423355102539,9.849452018737793,9.442062377929688,0.1897858828306198,0.9934940338134766,0.5740949511528015,0.8713708519935608,0.08814442157745361,256,64,256,0,1.0,0.0,0.17016983032226562,1.636806845664978,0.7207755446434021,0.22510594129562378,0.9582896828651428,-0.9591923952102661,-0.0035093699116259813,0.41194507479667664,288,288,0,1.0,0.0,0.14925469045517264,0.12239635529670309,0.12239635529670309,0.0027850375689090568,0.06165431386801184,0.14075733696220702,0.30924730427483077,186,26880.0,1.0,0.12239635529670309,0.002589567534704792,0.11980678743504464,0.0,0.0,0.0,0.12239635529670309,0.12239635529670309,0.0027850375689090568,0.06165431386801184,0.14075733696220702,0.30924730427483077,0.14925469045517264,0.25061911837227885,0.2977956909966725,0.12359334877196779,0.12359334877196779,0.0027850375689090568,0.062281558189981726,0.14066999199329525,0.30537633734044206,0.15255097740439957,0.2526671181442917,0.29193547552311294,0.12359334877196779,0.0025688426871288647,0.12102450620620808,0.0,0.0,0.0,0,1,294,294
finetune,388,94,99.61332702636719,3.756179860965541e-05,0.09254763848506488,0.08695421635340421,0.002971112124649728,0.08398310451680778,0.002745674535011252,1.3933493158756159e-05,0.0,2.202748277113642e-07,0.0008271536931622392,0.021519994414928887,0.06909154909543502,4.005877920795124e-06,1.0132795500211591e-06,0.004105329251864081,0.001,0.0009755282581475768,1.0,1.0,0.055274756434254155,0.06768348663408533,0.05414678910985971,0.9996966526039646,0.916572766426282,0.08311244431469175,0.0026679307114906036,7.774382841792733e-05,0.27223441004753113,0.3754935562610626,1.0481664761225051,0.1,0.001,0.25,0.002562091066939836,0.00011975510009755002,0.00734034104224963,5.7970251267155014e-05,0.007282370685512184,0.08144896063539717,0.0029276344366968633,0.0785213263753133,27.151790830824112,31.683760683760685,1.0,0.0036053436481927196,0.00015093382280300028,0.15093381588275617,131.25519574809277,158.22222222222223,4.981939127746969,0.0017305177787684987,4.553833809853279e-06,0.004553833578386878,2,1e-06,32,64,32,0,1.0,0.0,9.05423355102539,9.849452018737793,9.442062377929688,0.1897858828306198,0.9934940338134766,0.5740949511528015,0.8713708519935608,0.08814442157745361,256,64,256,0,1.0,0.0,0.17016983032226562,1.636806845664978,0.7207755446434021,0.22510594129562378,0.9582896828651428,-0.9591923952102661,-0.0035093699116259813,0.41194507479667664,288,288,0,1.0,0.0,0.1534435594834948,0.12270632021604701,0.12270632021604701,0.0027773923864786295,0.06199714967790711,0.14317642987495469,0.3107526816668049,186,26880.0,1.0,0.12270632021604701,0.002526212498506016,0.12018010749461804,0.0,0.0,0.0,0.12270632021604701,0.12270632021604701,0.0027773923864786295,0.06199714967790711,0.14317642987495469,0.3107526816668049,0.1534435594834948,0.2537409323918563,0.29521504517204017,0.12401649783900444,0.12401649783900444,0.0027773923864786295,0.06463680461159237,0.14292330829606903,0.30473117554380047,0.1582998435503693,0.2559073097122613,0.2911290241185055,0.12401649783900444,0.002503196585011926,0.1215133012292233,0.0,0.0,0.0,0,1,294,294
finetune,389,95,98.89345383644104,3.669685106158903e-05,0.09210650170715447,0.08663229064808951,0.0029363948752323533,0.08369589514202541,0.002786671754736931,2.446427193080258e-05,0.0,2.202748277113642e-07,0.0008526304958277018,0.020132471047118943,0.06694883015802783,3.951820350280247e-06,1.013279547106112e-06,0.004019284104225902,0.001,0.0009829629131445341,1.0,1.0,0.05450904918595766,0.06740883690042374,0.05392706968909145,0.9996961202376928,0.9185342381143162,0.08381169104677999,0.0027031473433360076,8.352441273795831e-05,0.27223441004753113,0.3754935562610626,1.0354254985426228,0.1,0.001,0.25,0.0025365881079063616,0.00011890055868253768,0.007018108907927815,4.850629653431411e-05,0.0069696024442330385,0.0813687088397833,0.0029000151528316177,0.07846869337253082,26.8076053521572,31.64957264957265,1.0,0.003645945314524902,0.00016271410211816264,0.16271409417828944,128.12663966773923,154.69230769230768,4.873191179097433,0.0017603493671720992,4.3347230273819805e-06,0.004334722828661275,2,1e-06,32,64,32,0,1.0,0.0,9.05423355102539,9.849452018737793,9.442062377929688,0.1897858828306198,0.9934940338134766,0.5740949511528015,0.8713708519935608,0.08814442157745361,256,64,256,0,1.0,0.0,0.17016983032226562,1.636806845664978,0.7207755446434021,0.22510594129562378,0.9582896828651428,-0.9591923952102661,-0.0035093699116259813,0.41194507479667664,288,288,0,1.0,0.0,0.15608302525855522,0.12229499078177392,0.12229499078177392,0.0027800339492077522,0.06448809314088555,0.14430958927879411,0.3090860129844758,186,26880.0,1.0,0.12229499078177392,0.0024700425565242767,0.11982494925564909,0.0,0.0,0.0,0.12229499078177392,0.12229499078177392,0.0027800339492077522,0.06448809314088555,0.14430958927879411,0.3090860129844758,0.15608302525855522,0.25553574693459336,0.2975268735680529,0.12363370317727962,0.12363370317727962,0.0027800339492077522,0.06700935007213184,0.14606917477262918,0.30876343472990936,0.16044947204570617,0.2577652601144647,0.2936559066336642,0.12363370317727962,0.0024425716794521965,0.12119113178329265,0.0,0.0,0.0,0,1,294,294
finetune,390,96,99.51315450668335,3.583993187957177e-05,0.09360311677058537,0.0880141962542493,0.002963070246255678,0.0850511256318826,0.0027819144097753824,1.8926321441291744e-05,0.0,2.202748277113642e-07,0.0008645480477677362,0.021034204472716037,0.06987005507207325,4.019992223562502e-06,1.0132795451627471e-06,0.0040633764155766266,0.001,0.0009890738003669028,1.0,1.0,0.05448660251294446,0.06739699643137109,0.05391759734250542,0.9996964106192956,0.9180459568643162,0.08378054984869102,0.002698201142872373,8.371326449323689e-05,0.27223441004753113,0.3754935562610626,1.0246233188097247,0.1,0.001,0.25,0.0025599773796116058,0.00011972032240382992,0.008619867074183928,4.7806152898786415e-05,0.008572060328263503,0.08154929582125102,0.0029272156305865855,0.07862208025832461,26.780435708852913,31.564102564102566,1.0,0.003637860292314082,0.00016322730787065573,0.1632272993397509,128.51184968866855,154.95726495726495,4.889792050831492,0.001758541975520615,4.199221829518744e-06,0.0041992216028718865,2,1e-06,32,64,32,0,1.0,0.0,9.05423355102539,9.849452018737793,9.442062377929688,0.1897858828306198,0.9934940338134766,0.5740949511528015,0.8713708519935608,0.08814442157745361,256,64,256,0,1.0,0.0,0.17016983032226562,1.636806845664978,0.7207755446434021,0.22510594129562378,0.9582896828651428,-0.9591923952102661,-0.0035093699116259813,0.41194507479667664,288,288,0,1.0,0.0,0.1563418376589975,0.12260942398867708,0.12260942398867708,0.002780450666521458,0.06254173153560728,0.14131097780210117,0.31064515388620795,186,26880.0,1.0,0.12260942398867708,0.0025083845124599783,0.12010103907990963,0.0,0.0,0.0,0.12260942398867708,0.12260942398867708,0.002780450666521458,0.06254173153560728,0.14131097780210117,0.31064515388620795,0.1563418376589975,0.25532736108508164,0.2949999927352833,0.12369098244829381,0.12369098244829381,0.002780450666521458,0.06507238983151613,0.14357859664095907,0.30322579924337645,0.16063805593438046,0.25871437763975513,0.2908064440213224,0.12369098244829381,0.002487120342421088,0.12120386133802698,0.0,0.0,0.0,0,1,294,294
finetune,391,97,99.19635200500488,3.4991416936678316e-05,0.09240375268153656,0.08696549971643676,0.00294130603916163,0.0840241937046377,0.0027688923391362284,1.5968152393515294e-05,0.0,2.202748277113642e-07,0.0009413357111276501,0.019860491789399814,0.06783210662886119,4.048347189588181e-06,1.0132795539078886e-06,0.004072403241721038,0.001,0.0009938441702975688,1.0,1.0,0.05582535835221792,0.06805716216182098,0.05444573009243378,0.9996962705229082,0.9172071147168803,0.08345996117235249,0.0026865130863510645,8.23792491005445e-05,0.27223441004753113,0.3754935562610626,1.0157705973710445,0.1,0.001,0.25,0.0025416863947891844,0.00011944872385667513,0.00743356932941665,4.722163355789887e-05,0.0073863476769536985,0.0813903226556941,0.002905889813744455,0.07848443307428278,26.842719787206406,31.435897435897434,1.0,0.003627938124884525,0.00016056435251656748,0.16056434517232782,128.8796828180297,155.64102564102564,4.9294175703951995,0.0017450880428425905,4.19414573553485e-06,0.00419414552867922,2,1e-06,32,64,32,0,1.0,0.0,9.05423355102539,9.849452018737793,9.442062377929688,0.1897858828306198,0.9934940338134766,0.5740949511528015,0.8713708519935608,0.08814442157745361,256,64,256,0,1.0,0.0,0.17016983032226562,1.636806845664978,0.7207755446434021,0.22510594129562378,0.9582896828651428,-0.9591923952102661,-0.0035093699116259813,0.41194507479667664,288,288,0,1.0,0.0,0.15659356894352103,0.12194925673464511,0.12194925673464511,0.0028048910527549526,0.06701389881682092,0.14421209484659214,0.3091397776558835,186,26880.0,1.0,0.12194925673464511,0.0025952022443426416,0.11935405433177948,0.0,0.0,0.0,0.12194925673464511,0.12194925673464511,0.0028048910527549526,0.06701389881682092,0.14421209484659214,0.3091397776558835,0.15659356894352103,0.25451296499820164,0.294462357557589,0.12313578198564813,0.12313578198564813,0.0028048910527549526,0.06770388653341641,0.14386935968713094,0.3047849390936154,0.1588017413572919,0.2562642032180422,0.2908064441014362,0.12313578198564813,0.002574048074398269,0.12056173400041904,0.0,0.0,0.0,0,1,294,294
finetune,392,98,99.1511971950531,3.415167841960627e-05,0.09256854271277404,0.08714491434586354,0.0029231785263261222,0.08422173591505767,0.0027680633943846338,1.1233288524115187e-05,0.0,2.202748277113642e-07,0.000819320230811693,0.019717395797164902,0.06790039016522913,4.002203762609451e-06,1.0132795451627471e-06,0.004012180307211402,0.001,0.0009972609476841367,1.0,1.0,0.05507039106809176,0.06735369241517833,0.05388295346409337,0.999695969443036,0.9182421040331197,0.08345992767657989,0.0026877900927813137,8.02733008104275e-05,0.27223441004753113,0.3754935562610626,1.00887607079384,0.1,0.001,0.25,0.0025235675738002053,0.00011837889013625881,0.007785987904948047,5.0978456488531876e-05,0.007735009631540021,0.08130542322611198,0.0028849446829647208,0.07842047875508285,26.9891599345411,31.64957264957265,1.0,0.0036311070156148356,0.0001561286237088836,0.15612861641451845,128.98498867719601,155.69230769230768,4.906507491704933,0.0017444731798978187,4.417977971729864e-06,0.004417977781377287,2,1e-06,32,64,32,0,1.0,0.0,9.05423355102539,9.849452018737793,9.442062377929688,0.1897858828306198,0.9934940338134766,0.5740949511528015,0.8713708519935608,0.08814442157745361,256,64,256,0,1.0,0.0,0.17016983032226562,1.636806845664978,0.7207755446434021,0.22510594129562378,0.9582896828651428,-0.9591923952102661,-0.0035093699116259813,0.41194507479667664,288,288,0,1.0,0.0,0.15122655699009535,0.12324682290249682,0.12324682290249682,0.002804271113920085,0.06174387191221999,0.14231546573661347,0.30881719771892796,186,26880.0,1.0,0.12324682290249682,0.0025924751881827067,0.12065434661951471,0.0,0.0,0.0,0.12324682290249682,0.12324682290249682,0.002804271113920085,0.06174387191221999,0.14231546573661347,0.30881719771892796,0.15122655699009535,0.2486299060845888,0.2983870882020202,0.12425446129859762,0.12425446129859762,0.002804271113920085,0.06413203929000164,0.14233444210502408,0.30548386387927556,0.15599308180953225,0.25190946607980674,0.2934408523542907,0.12425446129859762,0.002578474145303381,0.121675987034402,0.0,0.0,0.0,0,1,294,294
finetune,393,99,99.80674171447754,3.332108466542285e-05,0.0925721677704754,0.0870982840911955,0.0029689578213092163,0.08412932585447262,0.0027796067695459747,5.514731105321493e-06,0.0,2.202748277113642e-07,0.0008672224456680323,0.020004476603661846,0.06888640888481058,4.098327476407203e-06,1.0132795490494766e-06,0.004100124065119486,0.001,0.0009993147673772868,1.0,1.0,0.055029417443861306,0.06768601008842134,0.05414880804208099,0.9996965507156829,0.9178498096955128,0.0835991144562379,0.002696325908948341,8.328085946270889e-05,0.27223441004753113,0.3754935562610626,1.0039465431434569,0.1,0.001,0.25,0.0025590410656056916,0.00012014262467392911,0.007430222554084582,5.533428401009649e-05,0.007374887792473165,0.08152561698459153,0.0029274571083016438,0.07859816001011775,26.769327620155792,31.666666666666668,1.0,0.0036426692779183895,0.00016247111016438686,0.16247110285310665,128.9714192121457,155.92307692307693,4.914579188063614,0.0017499825539083308,4.090608893179745e-06,0.004090608694614508,2,1e-06,32,64,32,0,1.0,0.0,9.05423355102539,9.849452018737793,9.442062377929688,0.1897858828306198,0.9934940338134766,0.5740949511528015,0.8713708519935608,0.08814442157745361,256,64,256,0,1.0,0.0,0.17016983032226562,1.636806845664978,0.7207755446434021,0.22510594129562378,0.9582896828651428,-0.9591923952102661,-0.0035093699116259813,0.41194507479667664,288,288,0,1.0,0.0,0.15593443314234415,0.1216723140566907,0.1216723140566907,0.0027708764227622365,0.0659120106363609,0.14462971720363824,0.3110752625651257,186,26880.0,1.0,0.1216723140566907,0.002593122385541334,0.11907919163399554,0.0,0.0,0.0,0.1216723140566907,0.1216723140566907,0.0027708764227622365,0.0659120106363609,0.14462971720363824,0.3110752625651257,0.15593443314234415,0.25272603349019124,0.29682794982387173,0.12265327113105896,0.12265327113105896,0.0027708764227622365,0.06656536380560087,0.14510316419745645,0.30645160585321407,0.15889778775313207,0.2564472290136481,0.2924731099797833,0.12265327113105896,0.002580381174413289,0.12007288935970753,0.0,0.0,0.0,0,1,294,294
finetune,394,100,101.10357785224915,3.250000000000003e-05,0.09330609211554894,0.08777725944916408,0.0029952434801026923,0.08478201594617632,0.0027993118577501457,1.2932040800268833e-05,0.0,2.202748277113642e-07,0.0009283414213495949,0.020470877942175437,0.06773790885877405,4.1254732823445866e-06,2.04079288753039e-05,0.004105065248779252,0.001,0.001,1.0,1.0,0.05659817429816621,0.06746585227740116,0.05397268238230648,0.9996955170590653,0.9172217214209402,0.08390310298428576,0.0027172050765182218,8.210678476107438e-05,0.27223441004753113,0.3754935562610626,1.0009868792685368,0.1,0.001,0.25,0.002574729396858149,0.00012080174869918423,0.008450329813182864,6.905847635024633e-05,0.00838127146419297,0.08143951234399763,0.0029434496228400078,0.07849606247539194,26.909818469968616,31.641025641025642,1.0,0.0036711750022716755,0.0001597045436658216,0.15970453645429042,129.72173433222324,156.76923076923077,4.93831933448869,0.0017632351607147954,4.509025354939065e-06,0.004509025149875217,2,1e-06,32,64,32,0,1.0,0.0,9.05423355102539,9.849452018737793,9.442062377929688,0.1897858828306198,0.9934940338134766,0.5740949511528015,0.8713708519935608,0.08814442157745361,256,64,256,0,1.0,0.0,0.17016983032226562,1.636806845664978,0.7207755446434021,0.22510594129562378,0.9582896828651428,-0.9591923952102661,-0.0035093699116259813,0.41194507479667664,288,288,0,1.0,0.0,0.15582028570114284,0.1225155308208567,0.1225155308208567,0.002791709563833602,0.06457796026902493,0.14039725857356222,0.30897848704649555,186,26880.0,1.0,0.1225155308208567,0.002549652188540773,0.1199658787313928,0.0,0.0,0.0,0.1225155308208567,0.1225155308208567,0.002791709563833602,0.06457796026902493,0.14039725857356222,0.30897848704649555,0.15582028570114284,0.2509384420049447,0.2954838634819113,0.12377651273570162,0.12377651273570162,0.002791709563833602,0.06609071122722761,0.14115801004953282,0.2999999920927709,0.16031041975703933,0.25686196217774065,0.2920430029431979,0.12377651273570162,0.002530391100159985,0.12124612134821872,0.0,0.0,0.0,0,1,294,294
finetune,395,101,100.47226786613464,3.168878457820919e-05,0.09224707365800174,0.08672931325486583,0.0029877471472892878,0.08374156662796298,0.002773240525036668,1.4706200354883813e-06,0.0,2.202748277113642e-07,0.0009158611668930011,0.02056859868666173,0.06825567259747758,4.187880148313906e-06,1.0132795490494766e-06,0.004186866766649784,0.001,0.001,1.0,1.0,0.05648182407339923,0.0681369566064105,0.05450956520234418,0.9996968721732115,0.9167188334668803,0.08367863870584048,0.002693939920212341,7.930060597479892e-05,0.27223441004753113,0.3754935562610626,1.0,0.1,0.001,0.25,0.0025775121504034945,0.00012191960835728882,0.007225484674812382,5.1264561569461454e-05,0.007174220350053575,0.08131019993979707,0.002949298726609693,0.07836090123806244,27.0497553246653,31.752136752136753,1.0,0.0036346323541405364,0.00015423173417185998,0.1542317276327019,129.03983792688092,155.5811965811966,4.89172309609601,0.0017532474882741515,4.369477101932778e-06,0.004369476921538003,2,1e-06,32,64,32,0,1.0,0.0,9.05423355102539,9.849452018737793,9.442062377929688,0.1897858828306198,0.9934940338134766,0.5740949511528015,0.8713708519935608,0.08814442157745361,256,64,256,0,1.0,0.0,0.17016983032226562,1.636806845664978,0.7207755446434021,0.22510594129562378,0.9582896828651428,-0.9591923952102661,-0.0035093699116259813,0.41194507479667664,288,288,0,1.0,0.0,0.15501070206844678,0.1220674511600048,0.1220674511600048,0.0028263146176617194,0.0652147117947098,0.144582538745336,0.31193547619767087,186,26880.0,1.0,0.1220674511600048,0.002615096674181838,0.11945235507285341,0.0,0.0,0.0,0.1220674511600048,0.1220674511600048,0.0028263146176617194,0.0652147117947098,0.144582538745336,0.31193547619767087,0.15501070206844678,0.25089070593477575,0.29655913143388685,0.12334569670418476,0.12334569670418476,0.0028263146176617194,0.06709308684202692,0.14693387085071175,0.3068279492598708,0.15933643898335836,0.2559237825053354,0.2913440779973102,0.12334569670418476,0.0025934906938965335,0.12075220587405752,0.0,0.0,0.0,0,1,294,294
finetune,396,102,98.17806339263916,3.08877942259452e-05,0.09227959709799188,0.08675896752084422,0.0029173981459039208,0.08384156895753665,0.002759890388060584,7.317668129490991e-06,0.0,2.202748277113642e-07,0.0007401823181097802,0.02074561483807798,0.0681462096543903,3.974568488680762e-06,1.0132795587663004e-06,0.003973555118323137,0.001,0.001,1.0,1.0,0.05292050828600032,0.06753451908882867,0.05402761538568725,0.9996947855012029,0.9184904180021367,0.08329519514854138,0.0026812739431475983,7.861644129055397e-05,0.27223441004753113,0.3754935562610626,1.0,0.1,0.001,0.25,0.0025203947980816546,0.00011704905067682943,0.007436607383255266,5.240651826636914e-05,0.007384200636138264,0.08118151204708295,0.0028780932567066425,0.07830341867147347,27.050071748912845,31.726495726495727,1.0,0.0036244100162711665,0.00015274977191345385,0.15274976461361617,129.09461877284906,155.7948717948718,4.9051934485610795,0.001738137874004041,4.483111100052754e-06,0.004483110884315947,2,1e-06,32,64,32,0,1.0,0.0,9.05423355102539,9.849452018737793,9.442062377929688,0.1897858828306198,0.9934940338134766,0.5740949511528015,0.8713708519935608,0.08814442157745361,256,64,256,0,1.0,0.0,0.17016983032226562,1.636806845664978,0.7207755446434021,0.22510594129562378,0.9582896828651428,-0.9591923952102661,-0.0035093699116259813,0.41194507479667664,288,288,0,1.0,0.0,0.15505691020879694,0.12185883632999786,0.12185883632999786,0.0028148387023743163,0.06647087038013964,0.1455032009210798,0.30876343320774774,186,26880.0,1.0,0.12185883632999786,0.0024484436664274556,0.11941039340293154,0.0,0.0,0.0,0.12185883632999786,0.12185883632999786,0.0028148387023743163,0.06647087038013964,0.1455032009210798,0.30876343320774774,0.15505691020879694,0.25354898528706643,0.297634400587569,0.12317601527939452,0.12317601527939452,0.0028148387023743163,0.06767417314232037,0.1473905049584886,0.30258063819780145,0.15889363159095088,0.2567105595302838,0.28833332457529603,0.12317601527939452,0.00242598013744313,0.12075003506021297,0.0,0.0,0.0,0,1,294,294
finetune,397,103,101.04470419883728,3.0097380284049557e-05,0.09205962080731352,0.0865695940123664,0.0030003121216248116,0.08356928175840622,0.002788065721750514,5.8085096474641405e-06,0.0,2.202748277113642e-07,0.0008785364870840194,0.020244304245958727,0.06725493697529165,4.1027458322764105e-06,1.0132795451627471e-06,0.004101732446768313,0.001,0.001,1.0,1.0,0.05549162099313023,0.06740883709146427,0.0539270697050115,0.9996961207471342,0.9166249332264957,0.08370259703479262,0.00270648272588658,8.158299225704887e-05,0.27223441004753113,0.3754935562610626,1.0,0.1,0.001,0.25,0.00259369931036495,0.00012171425403052996,0.00711467530992296,4.826163132794393e-05,0.007066413378104186,0.08123358746624401,0.0029641158976313523,0.07826947185218844,26.911414268689278,31.71794871794872,1.0,0.00365733648212547,0.00015906389671727084,0.15906388943011945,130.10329766558786,157.84615384615384,4.964753928866832,0.0017556289895477458,4.102087621924091e-06,0.0041020874284271504,2,1e-06,32,64,32,0,1.0,0.0,9.05423355102539,9.849452018737793,9.442062377929688,0.1897858828306198,0.9934940338134766,0.5740949511528015,0.8713708519935608,0.08814442157745361,256,64,256,0,1.0,0.0,0.17016983032226562,1.636806845664978,0.7207755446434021,0.22510594129562378,0.9582896828651428,-0.9591923952102661,-0.0035093699116259813,0.41194507479667664,288,288,0,1.0,0.0,0.15563231894886623,0.12161608832947751,0.12161608832947751,0.002796059157303039,0.0656090964067487,0.1445041753612058,0.3056451536875258,186,26880.0,1.0,0.12161608832947751,0.0025035332977533975,0.11911255612652352,0.0,0.0,0.0,0.12161608832947751,0.12161608832947751,0.002796059157303039,0.0656090964067487,0.1445041753612058,0.3056451536875258,0.15563231894886623,0.25566324255158823,0.29688171209186637,0.12275727901687013,0.12275727901687013,0.002796059157303039,0.06803433041298582,0.14678497717625671,0.3034408521908586,0.16023981719407984,0.25929626437925524,0.29231182021158997,0.12275727901687013,0.0024875512599271347,0.12026972830929655,0.0,0.0,0.0,0,1,294,294
finetune,398,104,102.73352718353271,2.9317889454200617e-05,0.09250335013255095,0.0869256181594653,0.0030665043880765,0.08385911399227941,0.0027906931220338894,7.038291257161361e-07,0.0,2.202748277113642e-07,0.000849432707761099,0.020976957212337572,0.06842258067913035,4.268418071493433e-06,1.0132795587663004e-06,0.0042674046807771185,0.001,0.001,1.0,1.0,0.05632273629944549,0.0675063438904591,0.05400507534161592,0.9996965782255189,0.915481436965812,0.08386564643209816,0.0027089933824972208,8.169973790424211e-05,0.27223441004753113,0.3754935562610626,1.0,0.1,0.001,0.25,0.0026497547927662795,0.0001249138169332893,0.007444896759131016,4.7000298181023354e-05,0.007397896713680691,0.08134194565379721,0.003031254164938234,0.07831069158437924,26.91546859089126,31.692307692307693,1.0,0.003656526120045246,0.00015935327828007066,0.15935327048994538,130.61576575906867,158.46153846153845,4.991096153053885,0.0017614606449491957,4.046197802913839e-06,0.0040461976304013506,2,1e-06,32,64,32,0,1.0,0.0,9.05423355102539,9.849452018737793,9.442062377929688,0.1897858828306198,0.9934940338134766,0.5740949511528015,0.8713708519935608,0.08814442157745361,256,64,256,0,1.0,0.0,0.17016983032226562,1.636806845664978,0.7207755446434021,0.22510594129562378,0.9582896828651428,-0.9591923952102661,-0.0035093699116259813,0.41194507479667664,288,288,0,1.0,0.0,0.153914204127686,0.12229803632548515,0.12229803632548515,0.0028099282793304387,0.06463022227899762,0.14313778234145014,0.30645160529241766,186,26880.0,1.0,0.12229803632548515,0.0025165564605986027,0.1197814792394638,0.0,0.0,0.0,0.12229803632548515,0.12229803632548515,0.0028099282793304387,0.06463022227899762,0.14313778234145014,0.30645160529241766,0.153914204127686,0.2514278109195412,0.294032250360776,0.12325914061449944,0.12325914061449944,0.0028099282793304387,0.06673658663977779,0.1449884658539167,0.30268816489686245,0.1574953195428656,0.25589773371335,0.2897311751880953,0.12325914061449944,0.0025063403609624888,0.12075280081084434,0.0,0.0,0.0,0,1,294,294
finetune,399,105,102.9492781162262,2.854966364683875e-05,0.09218157312044731,0.08670224567763826,0.0030458809829786676,0.08365636465386447,0.002808023041161971,3.7067693172611744e-06,0.0,2.202748277113642e-07,0.0008780446981127637,0.01997425969845305,0.06688515558584124,4.148742814089555e-06,1.0132795500211591e-06,0.004147729419498171,0.001,0.001,1.0,1.0,0.05639233806321763,0.0674630812027006,0.05397046516593705,0.9996962817306192,0.9168857672275641,0.08403781718677944,0.002723346577766232,8.467647057841532e-05,0.27223441004753113,0.3754935562610626,1.0,0.1,0.001,0.25,0.0026148184507082286,0.0001234995172250594,0.0070661352230952336,7.128438506370936e-05,0.006994851124592316,0.08140264413295648,0.0029924176941808853,0.07841022643778059,26.771089162582005,31.683760683760685,1.0,0.0036767979538561697,0.00016512421074693496,0.16512420238592687,129.15405469063,156.4102564102564,4.923973733081075,0.0017698952086413135,4.22873068536762e-06,0.00422873048700838,2,1e-06,32,64,32,0,1.0,0.0,9.05423355102539,9.849452018737793,9.442062377929688,0.1897858828306198,0.9934940338134766,0.5740949511528015,0.8713708519935608,0.08814442157745361,256,64,256,0,1.0,0.0,0.17016983032226562,1.636806845664978,0.7207755446434021,0.22510594129562378,0.9582896828651428,-0.9591923952102661,-0.0035093699116259813,0.41194507479667664,288,288,0,1.0,0.0,0.15219580289977852,0.12145527816833333,0.12145527816833333,0.0028094949765487555,0.06456138252190524,0.14233915733113403,0.3119892403483391,186,26880.0,1.0,0.12145527816833333,0.002653983954161881,0.11880129337944884,0.0,0.0,0.0,0.12145527816833333,0.12145527816833333,0.0028094949765487555,0.06456138252190524,0.14233915733113403,0.3119892403483391,0.15219580289977852,0.24881912960160163,0.2959677342285392,0.12255669924172949,0.12255669924172949,0.0028094949765487555,0.06703865908146385,0.142948453885413,0.3083870896809204,0.15757460501645842,0.2518767552270043,0.29553762623058855,0.12255669924172949,0.002639308118538812,0.11991739051139101,0.0,0.0,0.0,0,1,294,294
finetune,400,106,98.69476079940796,2.779303983119317e-05,0.09258743935925329,0.08688266505288263,0.0029427834301908365,0.08393988178835975,0.002790717969242579,3.3530259393473975e-06,0.0,2.202748277113642e-07,0.000944179042096202,0.022067530765237972,0.07022737460131319,4.084996126388992e-06,1.0132795432193825e-06,0.004083982746427258,0.001,0.001,1.0,1.0,0.05692937258535471,0.0678638748697236,0.05429110007408338,0.9996964325252761,0.9178039029113247,0.08390204716696699,0.0027104759087356236,8.024205553194141e-05,0.27223441004753113,0.3754935562610626,1.0,0.1,0.001,0.25,0.002548670968335345,0.00011852959477647136,0.00796725352605184,4.253397958400922e-05,0.007924719753428401,0.08090722509938428,0.0029108829455028297,0.07799634197328845,26.971088327913204,31.675213675213676,1.0,0.0036567384198021432,0.0001560364215924309,0.1560364136329064,129.9393431508643,156.54700854700855,4.931033698977246,0.0017642133837390658,4.447690648645127e-06,0.004447690442077115,2,1e-06,32,64,32,0,1.0,0.0,9.05423355102539,9.849452018737793,9.442062377929688,0.1897858828306198,0.9934940338134766,0.5740949511528015,0.8713708519935608,0.08814442157745361,256,64,256,0,1.0,0.0,0.17016983032226562,1.636806845664978,0.7207755446434021,0.22510594129562378,0.9582896828651428,-0.9591923952102661,-0.0035093699116259813,0.41194507479667664,288,288,0,1.0,0.0,0.1569073682711009,0.12225825593192527,0.12225825593192527,0.0027913928299428937,0.0643515756493935,0.14497208282832177,0.3105376267465212,186,26880.0,1.0,0.12225825593192527,0.002515928056883685,0.11974232754808792,0.0,0.0,0.0,0.12225825593192527,0.12225825593192527,0.0027913928299428937,0.0643515756493935,0.14497208282832177,0.3105376267465212,0.1569073682711009,0.25591217846639697,0.2964516040939157,0.12323614606197844,0.12323614606197844,0.0027913928299428937,0.06507852738372662,0.14461467621387333,0.30521504701145236,0.15977667782816193,0.2592906323812341,0.2947849374945446,0.12323614606197844,0.002508049808502039,0.12072809595376888,0.0,0.0,0.0,0,1,294,294
finetune,401,107,101.09662890434265,2.7048349887476078e-05,0.092894844392426,0.08755765282190762,0.0030039393524121908,0.08455371340880027,0.002786252794898728,2.4754349062712783e-05,0.0,2.202748277113642e-07,0.0009106180750522126,0.018955127694285832,0.06505146791410242,4.001211726405079e-06,1.0132795490494766e-06,0.004000198339812585,0.001,0.001,1.0,1.0,0.05613456029667813,0.0674630812027006,0.053970465181857094,0.9996962735795567,0.9165998931623932,0.08384907513092725,0.0027019122285115668,8.434057470476234e-05,0.27223441004753113,0.3754935562610626,1.0,0.1,0.001,0.25,0.002590976863438821,0.00012256051490827598,0.008216800343277108,5.435946588523877e-05,0.008162440907241952,0.08139505237340927,0.002963169753495763,0.07843188285572916,26.740714863834217,31.623931623931625,1.0,0.0036426117428793358,0.00016478227304556392,0.16478226531265128,128.68454527243588,156.4188034188034,4.931651763920709,0.0017612127230988226,3.898875521026328e-06,0.0038988753261729185,2,1e-06,32,64,32,0,1.0,0.0,9.05423355102539,9.849452018737793,9.442062377929688,0.1897858828306198,0.9934940338134766,0.5740949511528015,0.8713708519935608,0.08814442157745361,256,64,256,0,1.0,0.0,0.17016983032226562,1.636806845664978,0.7207755446434021,0.22510594129562378,0.9582896828651428,-0.9591923952102661,-0.0035093699116259813,0.41194507479667664,288,288,0,1.0,0.0,0.15436234835895798,0.12253070575125674,0.12253070575125674,0.002787158710565022,0.06327074668770756,0.14149066078807077,0.30747310953435075,186,26880.0,1.0,0.12253070575125674,0.002562699129834692,0.11996800753664463,0.0,0.0,0.0,0.12253070575125674,0.12253070575125674,0.002787158710565022,0.06327074668770756,0.14149066078807077,0.30747310953435075,0.15436234835895798,0.25185504860134533,0.2937096693022277,0.12340792252662335,0.12340792252662335,0.002787158710565022,0.0647812050001155,0.14217701631407903,0.3031720353230353,0.15843542492998544,0.25558369734915354,0.29263440038888683,0.12340792252662335,0.002560585828874498,0.12084733694791794,0.0,0.0,0.0,0,1,294,294
finetune,402,108,100.21263337135315,2.6315920461309e-05,0.09204725227040103,0.0864740452195844,0.0029338810278966418,0.0835401639342308,0.0028021720269870046,8.643615760036513e-05,0.0,2.202748277113642e-07,0.001087325911604651,0.02061072788320673,0.07047644273465516,4.110038247274957e-06,1.0132795539078886e-06,0.004109024869190513,0.001,0.001,1.0,1.0,0.057390690757296026,0.0674237308339176,0.053938984870910645,0.9996912764687823,0.9186364850427351,0.08380795856062163,0.002713799924374773,8.837210662333637e-05,0.27223441004753113,0.3754935562610626,1.0,0.1,0.001,0.25,0.0025340070493785967,0.00011970210524827379,0.007457676096859141,4.782785589878376e-05,0.00740984820912027,0.08088078814694005,0.002898010134977551,0.07798277790475096,26.64157478625958,31.504273504273506,1.0,0.0036676565332449656,0.00017165997866332196,0.171659970894838,127.5644315409864,154.51282051282053,4.871049487220233,0.0017599432946095227,5.084233634017095e-06,0.00508423340626252,2,1e-06,32,64,32,0,1.0,0.0,9.05423355102539,9.849452018737793,9.442062377929688,0.1897858828306198,0.9934940338134766,0.5740949511528015,0.8713708519935608,0.08814442157745361,256,64,256,0,1.0,0.0,0.17016983032226562,1.636806845664978,0.7207755446434021,0.22510594129562378,0.9582896828651428,-0.9591923952102661,-0.0035093699116259813,0.41194507479667664,288,288,0,1.0,0.0,0.15307297209097492,0.12189006631044631,0.12189006631044631,0.0028177513542803046,0.06299867148020415,0.14190100332201327,0.30688171313014084,186,26880.0,1.0,0.12189006631044631,0.0025629708097573926,0.11932709575333494,0.0,0.0,0.0,0.12189006631044631,0.12189006631044631,0.0028177513542803046,0.06299867148020415,0.14190100332201327,0.30688171313014084,0.15307297209097492,0.2522731530730442,0.2965591313537731,0.12287352376795829,0.12287352376795829,0.0028177513542803046,0.06416027559598367,0.14117797405549115,0.3055913912993605,0.15702891389849366,0.25501553281661005,0.29279569063776284,0.12287352376795829,0.002554807390898783,0.1203187161937673,0.0,0.0,0.0,0,1,294,294
finetune,403,109,99.70317578315735,2.559607282044531e-05,0.0924309048260379,0.08686567046958157,0.002963602524967148,0.08390206799038455,0.00280211814161804,3.708846883004547e-06,0.0,2.202748277113642e-07,0.0009279416288678538,0.02081105549636687,0.06769841390415135,4.099218250676364e-06,1.0132795519645238e-06,0.004098204861402026,0.001,0.001,1.0,1.0,0.05724418020019165,0.06768600954713984,0.05414880836048187,0.9996965486779172,0.9178706764155983,0.08408689900086476,0.002720270534722596,8.184762377939664e-05,0.27223441004753113,0.3754935562610626,1.0,0.1,0.001,0.25,0.0025539036308371453,0.00012023536618292764,0.007437674663005731,5.7254505988497e-05,0.007380420326167702,0.08128741447232728,0.002920661646968279,0.07836675274575877,26.89631036611704,31.683760683760685,1.0,0.0036694886218597237,0.00015935444796799173,0.1593544401674189,128.4636119288257,155.1965811965812,4.883135800620505,0.0017710524595255016,4.34079963792816e-06,0.004340799445779915,2,1e-06,32,64,32,0,1.0,0.0,9.05423355102539,9.849452018737793,9.442062377929688,0.1897858828306198,0.9934940338134766,0.5740949511528015,0.8713708519935608,0.08814442157745361,256,64,256,0,1.0,0.0,0.17016983032226562,1.636806845664978,0.7207755446434021,0.22510594129562378,0.9582896828651428,-0.9591923952102661,-0.0035093699116259813,0.41194507479667664,288,288,0,1.0,0.0,0.15802781075559635,0.12168438478987267,0.12168438478987267,0.0027991342556444886,0.06430280675751067,0.14232790124632658,0.30919354056478826,186,26880.0,1.0,0.12168438478987267,0.0026245388905814988,0.11905984612221414,0.0,0.0,0.0,0.12168438478987267,0.12168438478987267,0.0027991342556444886,0.06430280675751067,0.14232790124632658,0.30919354056478826,0.15802781075559635,0.25373096063092193,0.29435483125909684,0.12277882276697362,0.12277882276697362,0.0027991342556444886,0.06574506245513437,0.14467590564601523,0.30166665913276774,0.16088504634637346,0.25628955385858015,0.2905913902226315,0.12277882276697362,0.002614624912236282,0.12016419796867574,0.0,0.0,0.0,0,1,294,294
finetune,404,110,99.37666034698486,2.488912271385142e-05,0.09192705179891016,0.08641689066958223,0.0029496245750854923,0.08346726573430575,0.0027893976961127203,1.1897438930140601e-05,0.0,2.202748277113642e-07,0.0007666901135993783,0.020364211052337773,0.06795504211615293,4.025691655675846e-06,1.0132795500211591e-06,0.004024678279056699,0.001,0.001,1.0,1.0,0.0537641279749636,0.06827214271084875,0.05461771423235918,0.9996967483789493,0.9179666633279915,0.08371476746267742,0.002703375547216871,8.602214530451148e-05,0.27223441004753113,0.3754935562610626,1.0,0.1,0.001,0.25,0.0025506875488676257,0.00011917381300755108,0.006857095875291742,4.6239631513181404e-05,0.0068108561711433604,0.08127406863575308,0.002914944851699357,0.07835912373330858,26.653991259061375,31.54700854700855,1.0,0.0036509064081897084,0.00016771046266046306,0.16771045505491078,127.93564498118864,154.991452991453,4.893073690049496,0.0017558446822640223,4.333828435615693e-06,0.004333828249548236,2,1e-06,32,64,32,0,1.0,0.0,9.05423355102539,9.849452018737793,9.442062377929688,0.1897858828306198,0.9934940338134766,0.5740949511528015,0.8713708519935608,0.08814442157745361,256,64,256,0,1.0,0.0,0.17016983032226562,1.636806845664978,0.7207755446434021,0.22510594129562378,0.9582896828651428,-0.9591923952102661,-0.0035093699116259813,0.41194507479667664,288,288,0,1.0,0.0,0.15729956094536088,0.1217642734025387,0.1217642734025387,0.002762533684677266,0.06710689312588143,0.14845269765224187,0.3076344005843645,186,26880.0,1.0,0.1217642734025387,0.0024958613732373935,0.11926841101747879,0.0,0.0,0.0,0.1217642734025387,0.1217642734025387,0.002762533684677266,0.06710689312588143,0.14845269765224187,0.3076344005843645,0.15729956094536088,0.2560190298063781,0.29623655141681754,0.1230306588905923,0.1230306588905923,0.002762533684677266,0.06807981917674663,0.14894817410016892,0.3019892407120556,0.16139957410914282,0.2602854689122528,0.2933870885641344,0.1230306588905923,0.0024766502245527474,0.120554008699478,0.0,0.0,0.0,0,1,294,294
finetune,405,111,99.49873495101929,2.419538023320905e-05,0.09264589788822028,0.08716228591580676,0.002949344338530786,0.08421294168274626,0.0027700910647200723,9.713515352744323e-07,0.0,2.202748277113642e-07,0.0008321595132267838,0.020406180805661995,0.06680581672515115,4.012781152468027e-06,1.0132795451627471e-06,0.004011767787528503,0.001,0.001,1.0,1.0,0.05541527691559914,0.06740883680490348,0.053927069179650046,0.9996961212565756,0.9178539830395299,0.08356509771611956,0.0026871462603314565,8.294480236751649e-05,0.27223441004753113,0.3754935562610626,1.0,0.1,0.001,0.25,0.002558071626963205,0.00011980312693695951,0.008011478134709546,3.550845122713054e-05,0.00797596955910707,0.0811536775694953,0.0029227130003591888,0.07823096451341596,26.831221719073433,31.5982905982906,1.0,0.00362481776640838,0.00016154520740084804,0.16154519920675164,129.24502256996612,156.0,4.924716581259962,0.0017494747711695794,4.344398335017772e-06,0.004344398139888405,2,1e-06,32,64,32,0,1.0,0.0,9.05423355102539,9.849452018737793,9.442062377929688,0.1897858828306198,0.9934940338134766,0.5740949511528015,0.8713708519935608,0.08814442157745361,256,64,256,0,1.0,0.0,0.17016983032226562,1.636806845664978,0.7207755446434021,0.22510594129562378,0.9582896828651428,-0.9591923952102661,-0.0035093699116259813,0.41194507479667664,288,288,0,1.0,0.0,0.15180316038670078,0.12285080235055153,0.12285080235055153,0.0027835734951448567,0.06152484618547943,0.1356292019187603,0.30774192800444944,186,26880.0,1.0,0.12285080235055153,0.0026281816770936895,0.12022261987341211,0.0,0.0,0.0,0.12285080235055153,0.12285080235055153,0.0027835734951448567,0.06152484618547943,0.1356292019187603,0.30774192800444944,0.15180316038670078,0.2444940323550855,0.29424730439980823,0.12407706360867683,0.12407706360867683,0.0027835734951448567,0.06228301025456398,0.13625358120207826,0.30440859524633296,0.15466092088289798,0.24847076344554142,0.28865590659520957,0.12407706360867683,0.0026091063182127287,0.12146795731275639,0.0,0.0,0.0,0,1,294,294
finetune,406,112,101.91209816932678,2.351514967689859e-05,0.09302150203376754,0.08759373509221607,0.003023195539155386,0.08457053936699517,0.002810174615209938,1.7074778532752625e-05,0.000775566786272913,2.202748277113642e-07,0.0008207088786066456,0.01915715695518013,0.06581322947501117,4.145741911057314e-06,1.0132795422477002e-06,0.004144728527022287,0.001,0.001,1.0,1.0,0.054748269498475596,0.0677270511021981,0.0541816413975679,0.999695730005574,0.9165352063301282,0.08425868582776469,0.002728162787090509,8.20118266113777e-05,0.27223441004753113,0.3754935562610626,1.0,0.1,0.001,0.25,0.0026101837463032166,0.00012280395996142935,0.00790142809223925,5.0817301863024375e-05,0.007850610802316258,0.08166766402303663,0.0029850825637531206,0.07868258139261833,26.8805942616911,31.60683760683761,1.0,0.0036782189371844386,0.00015940173180464408,0.1594017244811751,129.94292736868573,157.0854700854701,4.950797778043695,0.0017781066200815332,4.621921666376172e-06,0.00462192144149389,2,1e-06,32,64,32,0,1.0,0.0,9.05423355102539,9.849452018737793,9.442062377929688,0.1897858828306198,0.9934940338134766,0.5740949511528015,0.8713708519935608,0.08814442157745361,256,64,256,0,1.0,0.0,0.17016983032226562,1.636806845664978,0.7207755446434021,0.22510594129562378,0.9582896828651428,-0.9591923952102661,-0.0035093699116259813,0.41194507479667664,288,288,0,1.0,0.0,0.15767255363365015,0.12106695787069645,0.12106695787069645,0.0028397017901644426,0.066308657158046,0.14551159203733488,0.3102150461686555,186,26880.0,1.0,0.12106695787069645,0.0025646833039106843,0.11850227463118573,0.0,0.0,0.0,0.12106695787069645,0.12106695787069645,0.0028397017901644426,0.066308657158046,0.14551159203733488,0.3102150461686555,0.15767255363365015,0.25361279374168766,0.2984408520722902,0.12234418569727147,0.12234418569727147,0.0028397017901644426,0.06825106219959355,0.14629895758805095,0.3090322508767087,0.1623123294363419,0.256533061664912,0.2935483784124415,0.12234418569727147,0.0025451871606105183,0.11979899920047597,0.0,0.0,0.0,0,1,294,294
finetune,407,113,99.85233402252197,2.2848729416523894e-05,0.09163939672657567,0.0860605867117898,0.002982141778895902,0.08307844444982007,0.0027564640722086285,1.5333987390383695e-06,0.0,2.202748277113642e-07,0.0008474726450485755,0.021092118595878027,0.07081430379906271,4.143448180480519e-06,1.0132795480777943e-06,0.004142434800911345,0.001,0.001,1.0,1.0,0.055631097931510366,0.0675345187067476,0.05402761557672778,0.9996947849917616,0.9166979667467948,0.08324327186132088,0.002674759691979131,8.170438621506099e-05,0.27223441004753113,0.3754935562610626,1.0,0.1,0.001,0.25,0.0025826097360581285,0.0001203032660645803,0.007054035989647238,4.4358476327779965e-05,0.0070096776526198425,0.08077005952851385,0.0029488729206550643,0.07782118640139572,26.820500740638145,31.683760683760685,1.0,0.0036136653477278277,0.00015960590761283247,0.15960590044657388,129.7302004170214,156.52991452991452,4.930894907424384,0.0017358540760305447,3.80286414828621e-06,0.003802863960592156,2,1e-06,32,64,32,0,1.0,0.0,9.05423355102539,9.849452018737793,9.442062377929688,0.1897858828306198,0.9934940338134766,0.5740949511528015,0.8713708519935608,0.08814442157745361,256,64,256,0,1.0,0.0,0.17016983032226562,1.636806845664978,0.7207755446434021,0.22510594129562378,0.9582896828651428,-0.9591923952102661,-0.0035093699116259813,0.41194507479667664,288,288,0,1.0,0.0,0.15233767208873586,0.12249184273024823,0.12249184273024823,0.002845063691641739,0.061660216576720196,0.14111490523622883,0.3043010682668737,186,26880.0,1.0,0.12249184273024823,0.002717033883140601,0.1197748081164157,0.0,0.0,0.0,0.12249184273024823,0.12249184273024823,0.002845063691641739,0.061660216576720196,0.14111490523622883,0.3043010682668737,0.15233767208873586,0.2500655798101297,0.2960214980186955,0.12370437145867247,0.12370437145867247,0.002845063691641739,0.0633670537161731,0.1414487583122106,0.30268816465652115,0.15602121285853848,0.25415236935500174,0.292580637159527,0.12370437145867247,0.002699804313956423,0.12100456892809969,0.0,0.0,0.0,0,1,294,294
finetune,408,114,98.36878991127014,2.2196411766036526e-05,0.09291504565467182,0.08742798138887455,0.00292715430035829,0.0845008275957189,0.0027844256872677393,9.91716853573791e-06,0.0,2.202748277113642e-07,0.0008423857824142095,0.020225719835322637,0.06751494791008468,4.074715937487516e-06,1.0132795412760177e-06,0.0040737025538742,0.001,0.001,1.0,1.0,0.055124232322614417,0.0675345189933084,0.054027615799608394,0.9996947783690232,0.9179583166399573,0.0838810390768907,0.0027028257126768683,8.159997177687891e-05,0.27223441004753113,0.3754935562610626,1.0,0.1,0.001,0.25,0.0025391330595255597,0.00011817850339959991,0.008182711835600372,3.64057656027313e-05,0.00814630638839852,0.08129094751217426,0.0028998499761562413,0.07839109780442001,26.897543002397587,31.666666666666668,1.0,0.0036425870528810807,0.00015859767053269834,0.15859766291756916,129.42932813595502,156.11111111111111,4.918004117427087,0.0017630643665026396,4.6022735321644295e-06,0.004602273305257161,2,1e-06,32,64,32,0,1.0,0.0,9.05423355102539,9.849452018737793,9.442062377929688,0.1897858828306198,0.9934940338134766,0.5740949511528015,0.8713708519935608,0.08814442157745361,256,64,256,0,1.0,0.0,0.17016983032226562,1.636806845664978,0.7207755446434021,0.22510594129562378,0.9582896828651428,-0.9591923952102661,-0.0035093699116259813,0.41194507479667664,288,288,0,1.0,0.0,0.15191469284435433,0.12241112171335423,0.12241112171335423,0.0028138858751651456,0.060783191206013804,0.14112588175402213,0.31220429406691624,186,26880.0,1.0,0.12241112171335423,0.0026047512903769918,0.1198063703610542,0.0,0.0,0.0,0.12241112171335423,0.12241112171335423,0.0028138858751651456,0.060783191206013804,0.14112588175402213,0.31220429406691624,0.15191469284435433,0.2505594190330275,0.29688171377425554,0.1235822283841194,0.1235822283841194,0.0028138858751651456,0.06240996055715587,0.139652839806732,0.30548386335853606,0.15583092239635285,0.252712674919636,0.29268816409892934,0.1235822283841194,0.002589151581521443,0.1209930769623594,0.0,0.0,0.0,0,1,294,294
finetune,409,115,100.43780398368835,2.1558482853517287e-05,0.09231236933642982,0.08674620798765084,0.002997473869811043,0.08374873478697915,0.0027945035129276095,9.917859067646867e-06,0.0,2.202748277113642e-07,0.0008451935778584112,0.02072716923032561,0.06938562437127797,4.2400027775959015e-06,1.013279554879571e-06,0.00423898938874133,0.001,0.001,1.0,1.0,0.05558873272031291,0.06768348590176329,0.054146789667061254,0.9996966505661989,0.9169149806356838,0.08387082407617161,0.00270828536639993,8.621814705627477e-05,0.27223441004753113,0.3754935562610626,1.0,0.1,0.001,0.25,0.002591355484373008,0.0001222326098550728,0.007519849345215365,4.302624326485854e-05,0.007476823197470771,0.08110632116977985,0.002965204187362399,0.0781411173251959,26.673708288078632,31.666666666666668,1.0,0.003654392233166175,0.00016828032626380396,0.16828031825204182,128.50843628451355,155.4957264957265,4.90173273406032,0.0017621785026186933,4.1559681932069825e-06,0.00415596798953847,2,1e-06,32,64,32,0,1.0,0.0,9.05423355102539,9.849452018737793,9.442062377929688,0.1897858828306198,0.9934940338134766,0.5740949511528015,0.8713708519935608,0.08814442157745361,256,64,256,0,1.0,0.0,0.17016983032226562,1.636806845664978,0.7207755446434021,0.22510594129562378,0.9582896828651428,-0.9591923952102661,-0.0035093699116259813,0.41194507479667664,288,288,0,1.0,0.0,0.1565734022246894,0.12073598596009802,0.12073598596009802,0.0028034710483823685,0.06548298942175523,0.14539629390202863,0.31053762766782955,186,26880.0,1.0,0.12073598596009802,0.002473824981976538,0.11826215953902995,0.0,0.0,0.0,0.12073598596009802,0.12073598596009802,0.0028034710483823685,0.06548298942175523,0.14539629390202863,0.31053762766782955,0.1565734022246894,0.2582498163946213,0.29908601402915935,0.12204155690492467,0.12204155690492467,0.0028034710483823685,0.06747750906894605,0.14619597892266928,0.30483870184229267,0.1602736416683402,0.2590366486580141,0.2922042928716188,0.12204155690492467,0.002453524299817992,0.11958803284041425,0.0,0.0,0.0,0,1,294,294
finetune,410,116,101.61429381370544,2.0935222495670998e-05,0.0924386534298587,0.08689984373557262,0.003043519758368627,0.0838563233996049,0.002803371478922856,7.90182628438004e-06,0.0,2.202748277113642e-07,0.001067531601612657,0.0205929023731086,0.06708659515039533,4.2146790344934115e-06,1.0132795441910648e-06,0.004213665642638285,0.001,0.001,1.0,1.0,0.05815052424167466,0.06750886549807003,0.054007092443032145,0.99969680288918,0.9160782251602564,0.08402663227329907,0.00271797022368345,8.54012529073685e-05,0.27223441004753113,0.3754935562610626,1.0,0.1,0.001,0.25,0.0026388591728531397,0.00012399965608838256,0.0077305046411661,3.389260755517544e-05,0.007696611758990166,0.0811019651273377,0.0030181003036972485,0.07808386470772262,26.673686019375793,31.65811965811966,1.0,0.0036660930018426264,0.00016628768935333937,0.16628768097641122,129.72322225978232,157.35042735042734,4.955267179947915,0.0017698474703993425,4.51481670383239e-06,0.004514816479805188,2,1e-06,32,64,32,0,1.0,0.0,9.05423355102539,9.849452018737793,9.442062377929688,0.1897858828306198,0.9934940338134766,0.5740949511528015,0.8713708519935608,0.08814442157745361,256,64,256,0,1.0,0.0,0.17016983032226562,1.636806845664978,0.7207755446434021,0.22510594129562378,0.9582896828651428,-0.9591923952102661,-0.0035093699116259813,0.41194507479667664,288,288,0,1.0,0.0,0.15668969298963265,0.12203642377193938,0.12203642377193938,0.0027913129690321204,0.06608313620491053,0.14509545701245466,0.30989246511010715,186,26880.0,1.0,0.12203642377193938,0.002510008823245447,0.11952641542921676,0.0,0.0,0.0,0.12203642377193938,0.12203642377193938,0.0027913129690321204,0.06608313620491053,0.14509545701245466,0.30989246511010715,0.15668969298963265,0.25338720622402366,0.29440859384754653,0.12312848453826093,0.12312848453826093,0.0027913129690321204,0.06776846940529042,0.1463495360547176,0.307419348708404,0.16048789352819484,0.25718310867906896,0.28935483001893564,0.12312848453826093,0.002497204314382311,0.12063127898789466,0.0,0.0,0.0,0,1,294,294
finetune,411,117,97.90631365776062,2.032690407508952e-05,0.09233700681445944,0.08683836472849561,0.0028462155909142178,0.08399214920325157,0.0027936584212713772,0.0005622970250745615,0.0,2.202748277113642e-07,0.0009553224766792622,0.020220452059920017,0.06780908709694432,3.892394052338834e-06,1.0132795539078886e-06,0.003891380688035761,0.001,0.001,1.0,1.0,0.05535966477309091,0.06827214280636902,0.05461771423235918,0.9996967499072735,0.9201472355769231,0.08367989766292083,0.0027065183290750044,8.714009169887146e-05,0.27223441004753113,0.3754935562610626,1.0,0.1,0.001,0.25,0.0024603368071058136,0.00011569768265479412,0.007671300672058366,4.451073562869659e-05,0.007626790012049879,0.08108488922445183,0.0028128325381976925,0.07827205675789434,26.98600728287656,31.47008547008547,1.0,0.00365711311594798,0.00016586810400043853,0.1658680968814426,128.9600310366378,154.93162393162393,4.886984846252089,0.0017559235342420065,8.412078206507649e-06,0.008412077895596497,2,1e-06,32,64,32,0,1.0,0.0,9.05423355102539,9.849452018737793,9.442062377929688,0.1897858828306198,0.9934940338134766,0.5740949511528015,0.8713708519935608,0.08814442157745361,256,64,256,0,1.0,0.0,0.17016983032226562,1.636806845664978,0.7207755446434021,0.22510594129562378,0.9582896828651428,-0.9591923952102661,-0.0035093699116259813,0.41194507479667664,288,288,0,1.0,0.0,0.1563287920729127,0.12191246434095059,0.12191246434095059,0.0027917003893154733,0.06262674914943354,0.14202634556098812,0.3120430023759924,186,26880.0,1.0,0.12191246434095059,0.0025889783418994953,0.11932348570925125,0.0,0.0,0.0,0.12191246434095059,0.12191246434095059,0.0027917003893154733,0.06262674914943354,0.14202634556098812,0.3120430023759924,0.1563287920729127,0.253459661277712,0.2997311751848908,0.12290296132894273,0.12290296132894273,0.0027917003893154733,0.06446283929781006,0.14185126397197925,0.30822579867096356,0.15983181839348168,0.255477688926202,0.295591388899152,0.12290296132894273,0.0025801698583118775,0.12032279086873886,0.0,0.0,0.0,0,1,294,294
finetune,412,118,103.09775519371033,1.973379442033724e-05,0.09268575072543234,0.08711759746074677,0.0030593377126094242,0.08405825966953212,0.002813749660093051,7.54972665101035e-06,0.0,2.202748277113642e-07,0.0008845818158553236,0.020654585765690632,0.06838072027660842,4.253485027943381e-06,1.0132795519645238e-06,0.004252471645665156,0.001,0.001,1.0,1.0,0.05643611915536925,0.0673784616156521,0.05390277019359617,0.9996961324642866,0.9157986111111112,0.08423854194135748,0.002730949196773462,8.280045846895051e-05,0.27223441004753113,0.3754935562610626,1.0,0.1,0.001,0.25,0.0026284908581302208,0.0001241884502267831,0.007683188996763311,6.859673935378718e-05,0.007614591946968665,0.08135520590421481,0.0030078901580940834,0.0783473157729858,26.84480670374683,31.752136752136753,1.0,0.003683637885344971,0.00016138352159934086,0.16138351473033938,130.83150932116385,158.07692307692307,4.969867080865411,0.001778260503226939,4.217394592793954e-06,0.004217394396790072,2,1e-06,32,64,32,0,1.0,0.0,9.05423355102539,9.849452018737793,9.442062377929688,0.1897858828306198,0.9934940338134766,0.5740949511528015,0.8713708519935608,0.08814442157745361,256,64,256,0,1.0,0.0,0.17016983032226562,1.636806845664978,0.7207755446434021,0.22510594129562378,0.9582896828651428,-0.9591923952102661,-0.0035093699116259813,0.41194507479667664,288,288,0,1.0,0.0,0.160731090553185,0.12215156853199005,0.12215156853199005,0.002816094125204898,0.06886779012969665,0.1484785239883168,0.3143548310924602,186,26880.0,1.0,0.12215156853199005,0.0026006497878660545,0.11955091943766208,0.0,0.0,0.0,0.12215156853199005,0.12215156853199005,0.002816094125204898,0.06886779012969665,0.1484785239883168,0.3143548310924602,0.160731090553185,0.2565814009116542,0.300215046892884,0.12337653624250534,0.12337653624250534,0.002816094125204898,0.06945784968794674,0.14909517681927129,0.30956988549360664,0.1637595968461165,0.25938838620179444,0.29456988577881166,0.12337653624250534,0.0025826055962750887,0.12079393182029115,0.0,0.0,0.0,0,1,294,294
finetune,413,119,103.84232234954834,1.9156153688911198e-05,0.09346957390124981,0.08813653236780411,0.0030810647727682805,0.08505546753732567,0.0028056199523086986,1.7231378035667614e-05,0.0,2.202748277113642e-07,0.0008377576372849867,0.018685330053727724,0.06538829977950479,4.168463762777494e-06,1.0132795500211591e-06,0.0041674503969012676,0.001,0.001,1.0,1.0,0.056627612147066325,0.06740883696410391,0.053927069243330225,0.9996961176904857,0.9155461237980769,0.08393073011922021,0.0027191560082615186,8.646394541530877e-05,0.27223441004753113,0.3754935562610626,1.0,0.1,0.001,0.25,0.0026598389148035557,0.00012650366275360843,0.008751986373184074,4.737080735528571e-05,0.00870461545438848,0.08157254265159623,0.003045536667251816,0.0785270059465343,26.667612361092853,31.54700854700855,1.0,0.0036740283318596263,0.00016857674927450716,0.1685767418298966,129.0423708858653,156.9145299145299,4.954246545229581,0.0017642837155084962,4.351141322906623e-06,0.004351141106369149,2,1e-06,32,64,32,0,1.0,0.0,9.05423355102539,9.849452018737793,9.442062377929688,0.1897858828306198,0.9934940338134766,0.5740949511528015,0.8713708519935608,0.08814442157745361,256,64,256,0,1.0,0.0,0.17016983032226562,1.636806845664978,0.7207755446434021,0.22510594129562378,0.9582896828651428,-0.9591923952102661,-0.0035093699116259813,0.41194507479667664,288,288,0,1.0,0.0,0.1625927318167943,0.12175697833299637,0.12175697833299637,0.002807190354437904,0.06999190134917616,0.14983671712338603,0.3088171970780178,186,26880.0,1.0,0.12175697833299637,0.00256484961186714,0.1191921295954826,0.0,0.0,0.0,0.12175697833299637,0.12175697833299637,0.002807190354437904,0.06999190134917616,0.14983671712338603,0.3088171970780178,0.1625927318167943,0.25906080812696486,0.2963440774749684,0.12276387928014106,0.12276387928014106,0.002807190354437904,0.07126615424540335,0.15202019442754086,0.30225805786027704,0.16487991449333006,0.26150183644025554,0.29177418607537464,0.12276387928014106,0.0025543885657246758,0.1202094906822164,0.0,0.0,0.0,0,1,294,294
finetune,414,120,98.16234970092773,1.8594235253127395e-05,0.09241010286869147,0.08676945488167624,0.002907385155120785,0.08386206926188917,0.002797077240772609,1.7465354922490242e-05,0.0,2.202748277113642e-07,0.000986613971472874,0.021384930415238198,0.0700080454763439,4.0105771859089145e-06,1.013279547106112e-06,0.004009563819123194,0.001,0.001,1.0,1.0,0.05748364798979372,0.06746585224556108,0.05397268215942587,0.9996955140024169,0.9189348791399573,0.08381360552759252,0.0027143751891950765,8.270204548314055e-05,0.27223441004753113,0.3754935562610626,1.0,0.1,0.001,0.25,0.0025093022716016723,0.00011794333974656681,0.007821302128653241,5.2152213473350574e-05,0.0077691495927989995,0.08090347809414579,0.0028682709940207694,0.07803520732201062,26.90094685350728,31.623931623931625,1.0,0.0036686778080482515,0.00016065701990563454,0.16065701256450424,128.43565785986746,155.07692307692307,4.885943651646284,0.0017600726071570036,4.7470710157062385e-06,0.004747070817865877,2,1e-06,32,64,32,0,1.0,0.0,9.05423355102539,9.849452018737793,9.442062377929688,0.1897858828306198,0.9934940338134766,0.5740949511528015,0.8713708519935608,0.08814442157745361,256,64,256,0,1.0,0.0,0.17016983032226562,1.636806845664978,0.7207755446434021,0.22510594129562378,0.9582896828651428,-0.9591923952102661,-0.0035093699116259813,0.41194507479667664,288,288,0,1.0,0.0,0.1600329727935855,0.12148724211023208,0.12148724211023208,0.002786631681064659,0.0675264911585918,0.148085144098087,0.3093010684655559,186,26880.0,1.0,0.12148724211023208,0.002501830056141269,0.11898541244420599,0.0,0.0,0.0,0.12148724211023208,0.12148724211023208,0.002786631681064659,0.0675264911585918,0.148085144098087,0.3093010684655559,0.1600329727935855,0.259806498805041,0.2966128957047257,0.12249665596383683,0.12249665596383683,0.002786631681064659,0.06865424198418936,0.14661585282213907,0.3072042927065844,0.16286190697342479,0.25999783111676095,0.29526880856162757,0.12249665596383683,0.0024940602381049873,0.1200025958266664,0.0,0.0,0.0,0,1,294,294
finetune,415,121,98.96318459510803,1.8048285588983344e-05,0.09287859849695466,0.08747704976644272,0.0029227759790582918,0.08455427360330892,0.0027699458679486797,1.190100900000996e-06,0.0,2.202748277113642e-07,0.0009011858715311588,0.01963723837557193,0.0663072564599351,3.906576870981047e-06,9.824293573938821e-06,0.0038967524957644125,0.001,0.001,1.0,1.0,0.056936919259337276,0.0675572090041943,0.05404576648058545,0.9996961502947359,0.9169817541399573,0.08344420656943932,0.0026879909141864786,8.195495590767584e-05,0.27223441004753113,0.3754935562610626,1.0,0.1,0.001,0.25,0.0025232856621583686,0.00011862730351799072,0.008527429949524056,5.3842502256107124e-05,0.008473587341797657,0.08108147755902037,0.0028823941008737073,0.07819908322432102,26.890783668583275,31.726495726495727,1.0,0.0036306902786127776,0.0001596814096963996,0.15968140170105502,128.2894392421103,155.10256410256412,4.881217200022817,0.0017452915557301962,4.22850244932407e-06,0.004228502257257445,2,1e-06,32,64,32,0,1.0,0.0,9.05423355102539,9.849452018737793,9.442062377929688,0.1897858828306198,0.9934940338134766,0.5740949511528015,0.8713708519935608,0.08814442157745361,256,64,256,0,1.0,0.0,0.17016983032226562,1.636806845664978,0.7207755446434021,0.22510594129562378,0.9582896828651428,-0.9591923952102661,-0.0035093699116259813,0.41194507479667664,288,288,0,1.0,0.0,0.15898600070466917,0.12264577838334631,0.12264577838334631,0.002814593863614062,0.06641407112430742,0.14465978590431072,0.30768816581656855,186,26880.0,1.0,0.12264577838334631,0.002568914886920693,0.12007686353110253,0.0,0.0,0.0,0.12264577838334631,0.12264577838334631,0.002814593863614062,0.06641407112430742,0.14465978590431072,0.30768816581656855,0.15898600070466917,0.2551121027959931,0.2945698843367638,0.12380238051744218,0.12380238051744218,0.002814593863614062,0.06863306494059182,0.1463058436169259,0.30177418647273896,0.16295266958574453,0.25821598454989414,0.2913978418675802,0.12380238051744218,0.0025540894600859982,0.12124829057683335,0.0,0.0,0.0,0,1,294,294
finetune,416,122,99.8747148513794,1.751854416804555e-05,0.09216698946861121,0.08668636912718797,0.002966859563986142,0.08371950959802693,0.0027847179116155855,3.6599007076942003e-06,0.0,2.202748277113642e-07,0.0008551393987702865,0.02013162659624448,0.06777943912734333,4.089849242588501e-06,1.0132795519645238e-06,0.004088835874333596,0.001,0.001,1.0,1.0,0.05582551651785516,0.06813695587408848,0.054509564931703426,0.9996968772676256,0.9168669871794872,0.08369773963832447,0.0027051919724983284,7.952593704951732e-05,0.27223441004753113,0.3754935562610626,1.0,0.1,0.001,0.25,0.0025615177841650117,0.0001210037912214752,0.007411865342376579,5.085595174987092e-05,0.0073610095896272576,0.08112747037512624,0.002928717600173739,0.07819875266052718,27.019828910501595,31.71794871794872,1.0,0.0036550663913098667,0.00015504616080722612,0.15504615327231905,130.58405147454678,157.82051282051282,4.969635882337496,0.0017553175725918422,4.005713539101681e-06,0.004005713340563652,2,1e-06,32,64,32,0,1.0,0.0,9.05423355102539,9.849452018737793,9.442062377929688,0.1897858828306198,0.9934940338134766,0.5740949511528015,0.8713708519935608,0.08814442157745361,256,64,256,0,1.0,0.0,0.17016983032226562,1.636806845664978,0.7207755446434021,0.22510594129562378,0.9582896828651428,-0.9591923952102661,-0.0035093699116259813,0.41194507479667664,288,288,0,1.0,0.0,0.16375314296093038,0.12120167356222233,0.12120167356222233,0.002790097974518195,0.07042507662548013,0.14884772826667114,0.3134408527484504,186,26880.0,1.0,0.12120167356222233,0.00262738594616902,0.1185742882972068,0.0,0.0,0.0,0.12120167356222233,0.12120167356222233,0.002790097974518195,0.07042507662548013,0.14884772826667114,0.3134408527484504,0.16375314296093038,0.2606076160746236,0.30182794962198506,0.12253327303110285,0.12253327303110285,0.002790097974518195,0.0705826154644651,0.147149339478503,0.3088171974785866,0.16499893445401423,0.26128607916255153,0.2960214975380128,0.12253327303110285,0.002611955553491382,0.11992131839407251,0.0,0.0,0.0,0,1,294,294
finetune,417,123,98.85879635810852,1.7005243352409344e-05,0.09221287931387241,0.08665403583620349,0.0029148849565137783,0.08373915047472359,0.0027533886480567036,4.202889628772043e-06,0.0,2.202748277113642e-07,0.0009839190308847385,0.02112200113538748,0.06883191642088768,3.951726407299598e-06,1.0132795587663004e-06,0.003950713036191833,0.001,0.001,1.0,1.0,0.056659706796591096,0.06734867417850555,0.05387894005283841,0.9996959709713602,0.9186156183226496,0.0833156085294536,0.002676106113781277,7.72825340888638e-05,0.27223441004753113,0.3754935562610626,1.0,0.1,0.001,0.25,0.00251165696252615,0.00011782741309546579,0.007744361702193562,6.0446679783173095e-05,0.007683914950770191,0.08084576468691866,0.0028695499466763986,0.07797621426164594,27.108798149304512,31.64957264957265,1.0,0.003614169700692097,0.000149714552215798,0.1497145453069964,128.4072821527465,154.52136752136752,4.865980564185395,0.0017380425358254812,4.850516192218337e-06,0.004850515952477088,2,1e-06,32,64,32,0,1.0,0.0,9.05423355102539,9.849452018737793,9.442062377929688,0.1897858828306198,0.9934940338134766,0.5740949511528015,0.8713708519935608,0.08814442157745361,256,64,256,0,1.0,0.0,0.17016983032226562,1.636806845664978,0.7207755446434021,0.22510594129562378,0.9582896828651428,-0.9591923952102661,-0.0035093699116259813,0.41194507479667664,288,288,0,1.0,0.0,0.15741739349980508,0.12150029124731714,0.12150029124731714,0.0027907108590799444,0.06784911189849178,0.14955934723939307,0.3077956919548332,186,26880.0,1.0,0.12150029124731714,0.0025028479681845676,0.11899744211993318,0.0,0.0,0.0,0.12150029124731714,0.12150029124731714,0.0027907108590799444,0.06784911189849178,0.14955934723939307,0.3077956919548332,0.15741739349980508,0.25760681037941285,0.2968279493431891,0.12284033666265771,0.12284033666265771,0.0027907108590799444,0.06835039220349763,0.14984538243903267,0.30263440206807146,0.16170051145136996,0.26141882595676247,0.29279569135878675,0.12284033666265771,0.0024822769869871915,0.1203580600150088,0.0,0.0,0.0,0,1,294,294
finetune,418,124,99.79349493980408,1.6508608292777225e-05,0.09255773484961599,0.08716855185408877,0.0029427835630237036,0.08422576827116501,0.0028089389372139405,1.0054236134657493e-05,0.0,2.202748277113642e-07,0.0009309460140521436,0.019260645461961243,0.06491971471243435,4.050932798003114e-06,1.0132795529362063e-06,0.004049919431225166,0.001,0.001,1.0,1.0,0.056249693863921695,0.0675014720704311,0.05400117805116197,0.9996967239257617,0.9179019764957265,0.08403363104304697,0.002725510953519589,8.34279752679221e-05,0.27223441004753113,0.3754935562610626,1.0,0.1,0.001,0.25,0.002541189038186756,0.0001206808541859122,0.00820106751898415,4.759911272642959e-05,0.008153468370437622,0.08101775115117049,0.002907084227483879,0.07811066692965662,26.822445633064987,31.692307692307693,1.0,0.0036802047139240634,0.00016222837806179817,0.1622283703241593,128.79655720637396,155.64957264957266,4.901681256318352,0.001770817185155092,4.6275723812503466e-06,0.004627572165595161,2,1e-06,32,64,32,0,1.0,0.0,9.05423355102539,9.849452018737793,9.442062377929688,0.1897858828306198,0.9934940338134766,0.5740949511528015,0.8713708519935608,0.08814442157745361,256,64,256,0,1.0,0.0,0.17016983032226562,1.636806845664978,0.7207755446434021,0.22510594129562378,0.9582896828651428,-0.9591923952102661,-0.0035093699116259813,0.41194507479667664,288,288,0,1.0,0.0,0.15865111619394312,0.12181253144715695,0.12181253144715695,0.0027897866403168822,0.06470901166559548,0.14670527265757644,0.30908601362538596,186,26880.0,1.0,0.12181253144715695,0.00250733158788941,0.11930520071628246,0.0,0.0,0.0,0.12181253144715695,0.12181253144715695,0.0027897866403168822,0.06470901166559548,0.14670527265757644,0.30908601362538596,0.15865111619394312,0.2562529394222844,0.2958064438194357,0.12327764991750108,0.12327764991750108,0.0027897866403168822,0.06520362658506279,0.14827565261993997,0.3033333255719113,0.16130463594710956,0.2611076021066276,0.29344085107247037,0.12327764991750108,0.002481914214552083,0.12079573644602552,0.0,0.0,0.0,0,1,294,294
finetune,419,125,99.43638753890991,1.6028856829700286e-05,0.0918689110977018,0.08638808806227823,0.002938777079972892,0.08344931098131034,0.002762633590744092,1.9067757102286712e-05,0.0,2.202748277113642e-07,0.0009566143116860316,0.02034599035500716,0.06786216184114799,4.011149527232347e-06,1.0132795451627471e-06,0.0040101361541578975,0.001,0.001,1.0,1.0,0.056023430270262256,0.06753537813440347,0.05402830268582727,0.9996957407038436,0.9180417835202992,0.08324795904067847,0.0026826925026491666,7.994109154634106e-05,0.27223441004753113,0.3754935562610626,1.0,0.1,0.001,0.25,0.002536147821925453,0.0001191489718932535,0.007314614251128629,5.350286403718667e-05,0.007261111440821591,0.08090212718289122,0.0028986499324425035,0.07800347733701396,27.008308060148842,31.683760683760685,1.0,0.003629591982636569,0.00015547202347701168,0.155472015723204,129.63739988538953,156.46153846153845,4.922904215623751,0.0017357930336067947,4.410159078330082e-06,0.004410158874642136,2,1e-06,32,64,32,0,1.0,0.0,9.05423355102539,9.849452018737793,9.442062377929688,0.1897858828306198,0.9934940338134766,0.5740949511528015,0.8713708519935608,0.08814442157745361,256,64,256,0,1.0,0.0,0.17016983032226562,1.636806845664978,0.7207755446434021,0.22510594129562378,0.9582896828651428,-0.9591923952102661,-0.0035093699116259813,0.41194507479667664,288,288,0,1.0,0.0,0.1615539165113562,0.12158112941270179,0.12158112941270179,0.00278121871536875,0.06932931545601097,0.15000612799438737,0.31139784258219505,186,26880.0,1.0,0.12158112941270179,0.0025132770645134943,0.11906785264294198,0.0,0.0,0.0,0.12158112941270179,0.12158112941270179,0.00278121871536875,0.06932931545601097,0.15000612799438737,0.31139784258219505,0.1615539165113562,0.2593742656691741,0.2959139705986105,0.12287456272764409,0.12287456272764409,0.00278121871536875,0.07092706015914359,0.15109955625588534,0.3037096701001608,0.1645954241074862,0.2628618129078419,0.2923118196507936,0.12287456272764409,0.0024981116405390995,0.12037645090133586,0.0,0.0,0.0,0,1,294,294
finetune,420,126,99.74864172935486,1.5566199398026156e-05,0.0923459452823696,0.08676284487940307,0.0029217833135690954,0.0838410621906957,0.00278704205297061,3.4527968551613326e-06,0.0,2.202748277113642e-07,0.0010135520656654586,0.021011934496271305,0.06898370327857825,4.014431338051649e-06,1.0132795451627471e-06,0.004013417947850325,0.001,0.001,1.0,1.0,0.05672838487940976,0.06755990181595851,0.05404792129038236,0.9996922897477435,0.9185425848023504,0.0834754267309466,0.0027028589417887293,8.418312018354618e-05,0.27223441004753113,0.3754935562610626,1.0,0.1,0.001,0.25,0.0025182985471816272,0.00011880119270174943,0.00790959953242897,5.667901828757718e-05,0.00785292086438236,0.08083064529376152,0.0028792740498534124,0.07795137160608911,26.828524312402447,31.53846153846154,1.0,0.003659360154539856,0.0001636112812666708,0.16361127348027676,128.78179526532818,155.5982905982906,4.907378441451022,0.0017463577180925724,4.754959256862428e-06,0.004754959008632562,2,1e-06,32,64,32,0,1.0,0.0,9.05423355102539,9.849452018737793,9.442062377929688,0.1897858828306198,0.9934940338134766,0.5740949511528015,0.8713708519935608,0.08814442157745361,256,64,256,0,1.0,0.0,0.17016983032226562,1.636806845664978,0.7207755446434021,0.22510594129562378,0.9582896828651428,-0.9591923952102661,-0.0035093699116259813,0.41194507479667664,288,288,0,1.0,0.0,0.1537584539262518,0.12165768650618006,0.12165768650618006,0.00281369609342135,0.0631034186445377,0.14054766584748543,0.3074731097746921,186,26880.0,1.0,0.12165768650618006,0.0026070006919945493,0.11905068428592479,0.0,0.0,0.0,0.12165768650618006,0.12165768650618006,0.00281369609342135,0.0631034186445377,0.14054766584748543,0.3074731097746921,0.1537584539262518,0.25039443529901967,0.29698923863069987,0.12297906393700457,0.12297906393700457,0.00281369609342135,0.06417151096637451,0.14063904574641617,0.30172042328343596,0.15643332856557063,0.25290918598572415,0.29290321813796155,0.12297906393700457,0.0025885277898348076,0.12039053614469285,0.0,0.0,0.0,0,1,294,294
finetune,421,127,100.68575620651245,1.5120838934595354e-05,0.09197836261019747,0.08644944397557495,0.0029650762961763474,0.08348436761870344,0.002763815315710938,1.2403943090357332e-06,0.0,2.202748277113642e-07,0.0008943883034955169,0.020696484865859534,0.06904858530650282,4.074527372077317e-06,1.0132795519645238e-06,0.004073513980206643,0.001,0.001,1.0,1.0,0.0565419097423044,0.06746308126638079,0.0539704652932974,0.9996962817306192,0.9165393796741453,0.08335683959671575,0.002685151064895794,7.866424456528292e-05,0.27223441004753113,0.3754935562610626,1.0,0.1,0.001,0.25,0.002559828832665952,0.00012091436186675022,0.007594580579007792,5.201981840734808e-05,0.0075425607526404224,0.08075350847763893,0.0029260614323708364,0.07782744692686276,27.059409361619217,31.675213675213676,1.0,0.003630059174238107,0.00015323876256384872,0.15323875500605658,129.81702185084677,156.81196581196582,4.938587413184188,0.0017402429525684724,4.089726538538352e-06,0.004089726342095269,2,1e-06,32,64,32,0,1.0,0.0,9.05423355102539,9.849452018737793,9.442062377929688,0.1897858828306198,0.9934940338134766,0.5740949511528015,0.8713708519935608,0.08814442157745361,256,64,256,0,1.0,0.0,0.17016983032226562,1.636806845664978,0.7207755446434021,0.22510594129562378,0.9582896828651428,-0.9591923952102661,-0.0035093699116259813,0.41194507479667664,288,288,0,1.0,0.0,0.15965125245112244,0.12206135341461669,0.12206135341461669,0.0027927279799304745,0.0676833585866036,0.14890589456885092,0.3119354764780691,186,26880.0,1.0,0.12206135341461669,0.0024592693191655773,0.11960208447689706,0.0,0.0,0.0,0.12206135341461669,0.12206135341461669,0.0027927279799304745,0.0676833585866036,0.14890589456885092,0.3119354764780691,0.15965125245112244,0.2565643944407022,0.2964516055359635,0.12327807253979622,0.12327807253979622,0.0027927279799304745,0.06821302609938767,0.14960915629341398,0.3048924661932453,0.16153121945918889,0.25884049754309396,0.292849454107464,0.12327807253979622,0.0024466220155714992,0.12083144993224043,0.0,0.0,0.0,0,1,294,294
finetune,422,128,99.45479369163513,1.4692970789226446e-05,0.09240566945483542,0.08690538524817197,0.0029403903137526326,0.08396499546674582,0.0027710255971735613,8.1617269728683e-06,0.0,2.202748277113642e-07,0.0009413526798316836,0.02039472925134449,0.06848568638038431,3.987391572540468e-06,1.0132795509928415e-06,0.0039863781923921695,0.001,0.001,1.0,1.0,0.0561365836705917,0.06734867468794696,0.05387894000507828,0.9996959760657742,0.9175722823183761,0.08342830734884638,0.002689062675429333,8.196292650158533e-05,0.27223441004753113,0.3754935562610626,1.0,0.1,0.001,0.25,0.0025367994253467927,0.00011933776654470235,0.0077540252962683,5.4674513606179476e-05,0.007699351025442792,0.08108986653069146,0.002899384427552995,0.07819048219766372,26.91270679897732,31.735042735042736,1.0,0.0036341228769121007,0.0001597604134123032,0.15976040587465987,129.2770875784067,156.2051282051282,4.914159944255884,0.0017440024838965926,4.1654397424499e-06,0.004165439524202265,2,1e-06,32,64,32,0,1.0,0.0,9.05423355102539,9.849452018737793,9.442062377929688,0.1897858828306198,0.9934940338134766,0.5740949511528015,0.8713708519935608,0.08814442157745361,256,64,256,0,1.0,0.0,0.17016983032226562,1.636806845664978,0.7207755446434021,0.22510594129562378,0.9582896828651428,-0.9591923952102661,-0.0035093699116259813,0.41194507479667664,288,288,0,1.0,0.0,0.155559916229498,0.12146790309789333,0.12146790309789333,0.0027915956105719853,0.06320093125004762,0.1409942834407732,0.3087096689369089,186,26880.0,1.0,0.12146790309789333,0.0025147697293853508,0.11895313256598533,0.0,0.0,0.0,0.12146790309789333,0.12146790309789333,0.0027915956105719853,0.06320093125004762,0.1409942834407732,0.3087096689369089,0.155559916229498,0.2557745387637487,0.2967204220032179,0.12252100763168741,0.12252100763168741,0.0027915956105719853,0.06368570789564601,0.1407806770976192,0.30376343212781415,0.15798975831718856,0.2572280349590445,0.293279561304277,0.12252100763168741,0.002507442407845024,0.12001356514210397,0.0,0.0,0.0,0,1,294,294
finetune,423,129,103.66513204574585,1.4282782639029144e-05,0.09246648020214504,0.08707409524000607,0.0030688706130728633,0.0840052251632397,0.002791148377582431,1.209876181669215e-05,0.0,2.202748277113642e-07,0.0009523929930788327,0.019374916282219764,0.06586171312528288,4.1756050539598254e-06,1.0132795432193825e-06,0.004174591663978103,0.001,0.001,1.0,1.0,0.058162699684373334,0.06768348622016418,0.05414678910985971,0.9996966475095505,0.9152164296207265,0.08381097795616867,0.0027044096058154972,8.67387696836466e-05,0.27223441004753113,0.3754935562610626,1.0,0.1,0.001,0.25,0.0026314183751232605,0.00012568555465470563,0.007592649796070197,7.341738639033248e-05,0.00751923241166987,0.08137960795663361,0.003013807572782613,0.07836580072712694,26.674280989883293,31.632478632478634,1.0,0.003648099487520054,0.00016891345291937757,0.16891344592102572,129.5214235680735,157.53846153846155,4.9686825610651235,0.0017607197181409241,4.564085806119443e-06,0.004564085577288245,2,1e-06,32,64,32,0,1.0,0.0,9.05423355102539,9.849452018737793,9.442062377929688,0.1897858828306198,0.9934940338134766,0.5740949511528015,0.8713708519935608,0.08814442157745361,256,64,256,0,1.0,0.0,0.17016983032226562,1.636806845664978,0.7207755446434021,0.22510594129562378,0.9582896828651428,-0.9591923952102661,-0.0035093699116259813,0.41194507479667664,288,288,0,1.0,0.0,0.16076414527431612,0.12176033791075362,0.12176033791075362,0.0028360602891746352,0.06650065295698662,0.14730362103430814,0.3091397781365661,186,26880.0,1.0,0.12176033791075362,0.002596129856488489,0.11916420862395713,0.0,0.0,0.0,0.12176033791075362,0.12176033791075362,0.0028360602891746352,0.06650065295698662,0.14730362103430814,0.3091397781365661,0.16076414527431612,0.2573752275878383,0.2978494547868288,0.1228467416256032,0.1228467416256032,0.0028360602891746352,0.06744059097141988,0.14614886126571125,0.30408601334659,0.16205521560804817,0.2589383913624671,0.29387095987155876,0.1228467416256032,0.002590920040483012,0.12025582140430491,0.0,0.0,0.0,0,1,294,294
finetune,424,130,101.28422808647156,1.389045440608298e-05,0.09288651133194947,0.08735397241563879,0.0029901078679304346,0.08436386471884882,0.002777574028676519,5.0392750109362805e-06,0.0,2.202748277113642e-07,0.0010293077555102988,0.02069864958588384,0.06799799000096117,4.091056076469193e-06,1.0132795509928415e-06,0.0040900426803347776,0.001,0.001,1.0,1.0,0.058422033141693495,0.06734867398746502,0.05387893989363797,0.9996959724996843,0.9157568776709402,0.08361202911434011,0.0026959307635059724,8.164326017998601e-05,0.27223441004753113,0.3754935562610626,1.0,0.1,0.001,0.25,0.002593171323597845,0.00012264497546801486,0.008382762599195171,3.361008348914548e-05,0.008349152457000863,0.08106690052992259,0.0029649003060598276,0.07810200043977836,26.864424224592682,31.632478632478634,1.0,0.0036410173644017205,0.0001589661369818605,0.15896612966162527,129.7874840304383,156.85470085470087,4.94525962687253,0.001750844151665194,4.320383277785306e-06,0.004320383071899414,2,1e-06,32,64,32,0,1.0,0.0,9.05423355102539,9.849452018737793,9.442062377929688,0.1897858828306198,0.9934940338134766,0.5740949511528015,0.8713708519935608,0.08814442157745361,256,64,256,0,1.0,0.0,0.17016983032226562,1.636806845664978,0.7207755446434021,0.22510594129562378,0.9582896828651428,-0.9591923952102661,-0.0035093699116259813,0.41194507479667664,288,288,0,1.0,0.0,0.15898186216751733,0.12153563141188722,0.12153563141188722,0.0027439121028130994,0.06701884990538,0.14846938221605235,0.30989246559078976,186,26880.0,1.0,0.12153563141188722,0.0024411971334050942,0.11909443552189684,0.0,0.0,0.0,0.12153563141188722,0.12153563141188722,0.0027439121028130994,0.06701884990538,0.14846938221605235,0.30989246559078976,0.15898186216751733,0.25864406274531476,0.2967204220032179,0.12262623741271649,0.12262623741271649,0.0027439121028130994,0.0681789844992861,0.1479516016539707,0.3056451543684929,0.16188103921951785,0.26147996770438325,0.29435483125909684,0.12262623741271649,0.002433313258695713,0.12019292344438269,0.0,0.0,0.0,0,1,294,294
finetune,425,131,98.34791612625122,1.3516158178517484e-05,0.0918828451480621,0.08640566436398743,0.0029033620381114893,0.08350230186668217,0.002763003626297045,4.8026058456709244e-05,0.0,2.202748277113642e-07,0.0009047890414363699,0.020255056090461902,0.06838319710113554,3.934417063248444e-06,1.0132795587663004e-06,0.003933403699690651,0.001,0.001,1.0,1.0,0.05543258665209143,0.06760996312667163,0.05408797008741615,0.9996936183709365,0.9181022970085471,0.08341395530181053,0.0026827646104985066,8.02390083049237e-05,0.27223441004753113,0.3754935562610626,1.0,0.1,0.001,0.25,0.002513719862923981,0.00011754090887851093,0.007533785114940415,4.303438238735892e-05,0.007490750816133287,0.08075532546410194,0.002871086252315973,0.07788423881826238,27.021942154974,31.564102564102566,1.0,0.0036227241174405455,0.00015571403457573216,0.15571402688311714,129.2980175996438,156.06837606837607,4.915396695615457,0.001742805103556468,4.76398245728289e-06,0.004763982234857021,2,1e-06,32,64,32,0,1.0,0.0,9.05423355102539,9.849452018737793,9.442062377929688,0.1897858828306198,0.9934940338134766,0.5740949511528015,0.8713708519935608,0.08814442157745361,256,64,256,0,1.0,0.0,0.17016983032226562,1.636806845664978,0.7207755446434021,0.22510594129562378,0.9582896828651428,-0.9591923952102661,-0.0035093699116259813,0.41194507479667664,288,288,0,1.0,0.0,0.15726236584446124,0.12195942804534385,0.12195942804534385,0.002739297126994488,0.0677600540245773,0.1486667733919877,0.30731182096786397,186,26880.0,1.0,0.12195942804534385,0.0024033532319392295,0.11955607476386618,0.0,0.0,0.0,0.12195942804534385,0.12195942804534385,0.002739297126994488,0.0677600540245773,0.1486667733919877,0.30731182096786397,0.15726236584446124,0.25643205418381637,0.2956989162391232,0.12303799501758941,0.12303799501758941,0.002739297126994488,0.06841604754088386,0.14572067436591912,0.3024731104572614,0.159501635819994,0.25665633752942085,0.2914516044560299,0.12303799501758941,0.002397794060983715,0.120640200661852,0.0,0.0,0.0,0,1,294,294
finetune,426,132,99.4568419456482,1.31600581350287e-05,0.0919317061192969,0.08644406287333904,0.0029068988574764286,0.08353716453425905,0.002797953840185944,2.217897747316931e-05,0.0,2.202748277113642e-07,0.0009573077704734352,0.02016099989334615,0.06686184142962989,4.0144681227883484e-06,1.0132795529362063e-06,0.004013454728624505,0.001,0.001,1.0,1.0,0.05772493741451166,0.06772705199372055,0.05418164123836745,0.9996957345905467,0.9181064703525641,0.08382213969006498,0.0027167221778032617,8.12316765925652e-05,0.27223441004753113,0.3754935562610626,1.0,0.1,0.001,0.25,0.002521517218397055,0.0001195745869317295,0.0073422325981987845,3.1925515972205205e-05,0.007310307178741846,0.08093738855205031,0.002882954720248524,0.07805443408652249,26.93147215883956,31.65811965811966,1.0,0.003673198059774362,0.00015831849547491098,0.15831848698803502,129.53227920206183,156.31623931623932,4.921366372576049,0.0017602462988171694,4.144858267236331e-06,0.004144858091305464,2,1e-06,32,64,32,0,1.0,0.0,9.05423355102539,9.849452018737793,9.442062377929688,0.1897858828306198,0.9934940338134766,0.5740949511528015,0.8713708519935608,0.08814442157745361,256,64,256,0,1.0,0.0,0.17016983032226562,1.636806845664978,0.7207755446434021,0.22510594129562378,0.9582896828651428,-0.9591923952102661,-0.0035093699116259813,0.41194507479667664,288,288,0,1.0,0.0,0.1640164653059616,0.12155562734350245,0.12155562734350245,0.002791242688854641,0.07138200271974808,0.15472682878895794,0.3167204218766382,186,26880.0,1.0,0.12155562734350245,0.0024403770555781715,0.11911524895657884,0.0,0.0,0.0,0.12155562734350245,0.12155562734350245,0.002791242688854641,0.07138200271974808,0.15472682878895794,0.3167204218766382,0.1640164653059616,0.26030768642342217,0.294731174505526,0.12252448150452147,0.12252448150452147,0.002791242688854641,0.07168833817285235,0.1526811984017171,0.3099999932912729,0.16539842895762893,0.26122788159597304,0.29263439974797667,0.12252448150452147,0.002438376522672541,0.1200861044703646,0.0,0.0,0.0,0,1,294,294
finetune,427,133,101.55852961540222,1.2822310472864894e-05,0.09206687073167573,0.08654464520195611,0.0029842896435736143,0.08356035602653128,0.0027767752006681813,6.01354190427014e-06,0.0,2.202748277113642e-07,0.0010748039744962275,0.020598206095970593,0.06804700116189118,4.084889804903663e-06,1.0132795500211591e-06,0.004083876417448314,0.001,0.001,1.0,1.0,0.05757967475005704,0.0673536922559779,0.05388295362329381,0.9996959648580632,0.9167814336271367,0.0834991058223268,0.002697087422363524,7.968777149510729e-05,0.27223441004753113,0.3754935562610626,1.0,0.1,0.001,0.25,0.0025649959605553337,0.00012159335929960108,0.007726925560551831,6.88856244724021e-05,0.007658040166920067,0.08074945096786205,0.002932625426214316,0.07781682571030071,26.975168374868538,31.752136752136753,1.0,0.0036481187527633123,0.00015520077033573363,0.15520076262645233,129.38422044933353,156.84615384615384,4.9307979901695145,0.001746056066093664,4.174772687032305e-06,0.004174772490802993,2,1e-06,32,64,32,0,1.0,0.0,9.05423355102539,9.849452018737793,9.442062377929688,0.1897858828306198,0.9934940338134766,0.5740949511528015,0.8713708519935608,0.08814442157745361,256,64,256,0,1.0,0.0,0.17016983032226562,1.636806845664978,0.7207755446434021,0.22510594129562378,0.9582896828651428,-0.9591923952102661,-0.0035093699116259813,0.41194507479667664,288,288,0,1.0,0.0,0.15934955711246176,0.12098862531971424,0.12098862531971424,0.0027695992674202996,0.06574992283738108,0.146041807718575,0.31145160517064474,186,26880.0,1.0,0.12098862531971424,0.002513082561756861,0.11847554274061893,0.0,0.0,0.0,0.12098862531971424,0.12098862531971424,0.0027695992674202996,0.06574992283738108,0.146041807718575,0.31145160517064474,0.15934955711246176,0.2574824649960764,0.2995698841348771,0.12212150623189642,0.12212150623189642,0.0027695992674202996,0.06691807874488415,0.14458980694693582,0.30338708992286395,0.16218422395327398,0.2589760653434261,0.29327956298666613,0.12212150623189642,0.002503059938193319,0.11961844563484192,0.0,0.0,0.0,0,1,294,294
finetune,428,134,99.7144865989685,1.2503063339313363e-05,0.09252415622910883,0.0869304881646083,0.00294175289837946,0.08398873524533378,0.002772180005334891,6.536730270609896e-07,0.0,2.202748277113642e-07,0.0009752582554160926,0.021291788464459855,0.06872934768469925,4.040438702215132e-06,1.013279539332653e-06,0.004039425331239517,0.001,0.001,1.0,1.0,0.05629982363082405,0.06739699604929003,0.05391759734250542,0.9996964106192956,0.9182608840811965,0.08369306602284439,0.0026927589693576354,7.942102817270276e-05,0.27223441004753113,0.3754935562610626,1.0,0.1,0.001,0.25,0.0025315624840844134,0.00011927152178016427,0.007836441453705486,6.316072291607021e-05,0.007773280653179201,0.08105315694696882,0.0028943823576849112,0.07815877488280973,26.993340435191097,31.683760683760685,1.0,0.0036309493673790214,0.00015469219476635306,0.15469218726850983,129.3399131318443,156.10256410256412,4.916345005054682,0.0017545685733262545,4.149861006731549e-06,0.00414986080593533,2,1e-06,32,64,32,0,1.0,0.0,9.05423355102539,9.849452018737793,9.442062377929688,0.1897858828306198,0.9934940338134766,0.5740949511528015,0.8713708519935608,0.08814442157745361,256,64,256,0,1.0,0.0,0.17016983032226562,1.636806845664978,0.7207755446434021,0.22510594129562378,0.9582896828651428,-0.9591923952102661,-0.0035093699116259813,0.41194507479667664,288,288,0,1.0,0.0,0.15639955083769497,0.12147593989651254,0.12147593989651254,0.0027793539549283526,0.06488825091391161,0.1452638748232075,0.3140322504344807,186,26880.0,1.0,0.12147593989651254,0.002461987512899523,0.11901395165539802,0.0,0.0,0.0,0.12147593989651254,0.12147593989651254,0.0027793539549283526,0.06488825091391161,0.1452638748232075,0.3140322504344807,0.15639955083769497,0.2532892874892681,0.295752679148028,0.12274726749734675,0.12274726749734675,0.0027793539549283526,0.06651932152829343,0.1429694774911128,0.3102688093179016,0.15954679491058474,0.2546825440580486,0.29134407735640006,0.12274726749734675,0.002449725162574744,0.1202975406925729,0.0,0.0,0.0,0,1,294,294
finetune,429,135,101.40291142463684,1.2202456766718098e-05,0.0921852393155424,0.08675882143852039,0.002968774739310591,0.08379004628230365,0.002804948269731851,0.0,0.0,2.202748277113642e-07,0.0010307417928082491,0.01950721726474217,0.06656913745861787,4.0262141885608035e-06,1.0132795480777943e-06,0.0040252008316162815,0.001,0.001,1.0,1.0,0.057865920627855845,0.06805716267126238,0.05444573044267475,0.9996962684851426,0.9175472422542735,0.08398480522326934,0.0027234409816372087,8.15072801190729e-05,0.27223441004753113,0.3754935562610626,1.0,0.1,0.001,0.25,0.002550651639715856,0.0001215817669889607,0.007785163374028654,6.727641448378563e-05,0.007717886796364417,0.08091994884431872,0.002918317427452749,0.07800163112135015,26.925203160343006,31.794871794871796,1.0,0.0036795280404134183,0.00015865568530300044,0.15865567810515052,129.82818270952274,156.991452991453,4.932410279386087,0.001767353920870994,4.358874625178677e-06,0.0043588744269477,2,1e-06,32,64,32,0,1.0,0.0,9.05423355102539,9.849452018737793,9.442062377929688,0.1897858828306198,0.9934940338134766,0.5740949511528015,0.8713708519935608,0.08814442157745361,256,64,256,0,1.0,0.0,0.17016983032226562,1.636806845664978,0.7207755446434021,0.22510594129562378,0.9582896828651428,-0.9591923952102661,-0.0035093699116259813,0.41194507479667664,288,288,0,1.0,0.0,0.16296641720879462,0.12149396205836153,0.12149396205836153,0.0027855783502789256,0.07040176549876329,0.14968412810115403,0.3120430033373576,186,26880.0,1.0,0.12149396205836153,0.0025714905734391925,0.11892247279273703,0.0,0.0,0.0,0.12149396205836153,0.12149396205836153,0.0027855783502789256,0.07040176549876329,0.14968412810115403,0.3120430033373576,0.16296641720879462,0.26129126861210794,0.29865590490961585,0.12292576739762692,0.12292576739762692,0.0027855783502789256,0.07057726254526486,0.14885618999820724,0.30838709028177363,0.16497099091128636,0.26127126392337585,0.2937634326918151,0.12292576739762692,0.0025536449269411413,0.12037212179696306,0.0,0.0,0.0,0,1,294,294
finetune,430,136,100.0294885635376,1.192062261105698e-05,0.09264152630781516,0.08719075808667728,0.002923652505090174,0.08426710568432115,0.002787807174265767,7.496516689912886e-05,0.0,2.202748277113642e-07,0.0008549182124018747,0.019941495062831122,0.06639404798674788,4.016288661053598e-06,1.013279547106112e-06,0.004015275301574929,0.001,0.001,1.0,1.0,0.0556746401434016,0.06755990200699905,0.054047921481422886,0.9996922856722122,0.9178331163194444,0.08378025972180897,0.002705333748450264,8.247343040184361e-05,0.27223441004753113,0.3754935562610626,1.0,0.1,0.001,0.25,0.0025247876076167053,0.00011934935864545932,0.007918330848726451,4.8232623017751255e-05,0.007870098209788656,0.08125200995013244,0.0028874780378268603,0.07836453209065983,26.944052895929058,31.504273504273506,1.0,0.0036532388259776128,0.00016028749267471174,0.16028748414455316,130.18438415853387,156.76068376068375,4.941611442619507,0.0017574286749029262,4.659369682209745e-06,0.004659369460537902,2,1e-06,32,64,32,0,1.0,0.0,9.05423355102539,9.849452018737793,9.442062377929688,0.1897858828306198,0.9934940338134766,0.5740949511528015,0.8713708519935608,0.08814442157745361,256,64,256,0,1.0,0.0,0.17016983032226562,1.636806845664978,0.7207755446434021,0.22510594129562378,0.9582896828651428,-0.9591923952102661,-0.0035093699116259813,0.41194507479667664,288,288,0,1.0,0.0,0.16220421211854105,0.12120937698699058,0.12120937698699058,0.0027886311860477672,0.07092974227302337,0.1521260883178442,0.3118817134089367,186,26880.0,1.0,0.12120937698699058,0.0025302125339178327,0.11867916473048798,0.0,0.0,0.0,0.12120937698699058,0.12120937698699058,0.0027886311860477672,0.07092974227302337,0.1521260883178442,0.3118817134089367,0.16220421211854105,0.26160656668806587,0.2981182724557897,0.12251762126354461,0.12251762126354461,0.0027886311860477672,0.07249132216837938,0.15355674499866143,0.308064508982884,0.16453014416319708,0.26323591533207125,0.2946236474860099,0.12251762126354461,0.0025136164003150894,0.12000400382787624,0.0,0.0,0.0,0,1,294,294
finetune,431,137,100.63856077194214,1.165768449410539e-05,0.09234980703928532,0.08683547269330065,0.002952729441368809,0.08388274309472141,0.00278805240861371,1.5236015439542949e-05,0.0,2.202748277113642e-07,0.000983448563749692,0.02056999723466798,0.06642148653284097,4.0846688453035686e-06,1.013279557794618e-06,0.004083655472112517,0.001,0.001,1.0,1.0,0.05887756996557244,0.06769460821763063,0.05415568714085807,0.9996961171810443,0.9169128939636753,0.08388197855052786,0.0027067123307313165,8.134008483186614e-05,0.27223441004753113,0.3754935562610626,1.0,0.1,0.001,0.25,0.002563521522694291,0.00012205043946553029,0.007767697939505944,2.780666129074545e-05,0.007739891353835408,0.08100969911131084,0.00293187444540075,0.07807782483406556,26.908766836182686,31.641025641025642,1.0,0.003651450730414472,0.00015807588317687225,0.15807587468726003,128.78777437128574,155.44444444444446,4.899635693513151,0.0017619739280631526,4.6042868308356065e-06,0.004604286617702908,2,1e-06,32,64,32,0,1.0,0.0,9.05423355102539,9.849452018737793,9.442062377929688,0.1897858828306198,0.9934940338134766,0.5740949511528015,0.8713708519935608,0.08814442157745361,256,64,256,0,1.0,0.0,0.17016983032226562,1.636806845664978,0.7207755446434021,0.22510594129562378,0.9582896828651428,-0.9591923952102661,-0.0035093699116259813,0.41194507479667664,288,288,0,1.0,0.0,0.1620596081258789,0.12158718721029606,0.12158718721029606,0.0027707216696457025,0.06762273258890115,0.1471919873228637,0.3116666588091081,186,26880.0,1.0,0.12158718721029606,0.0025040690906028796,0.1190831184070161,0.0,0.0,0.0,0.12158718721029606,0.12158718721029606,0.0027707216696457025,0.06762273258890115,0.1471919873228637,0.3116666588091081,0.1620596081258789,0.2589576284010564,0.29983870236463445,0.12288838640806522,0.12288838640806522,0.0027707216696457025,0.06758864595985381,0.14688833493499026,0.30499999169059977,0.1631377933006133,0.2615226319720668,0.294247303438443,0.12288838640806522,0.0024903809993547647,0.12039800543100276,0.0,0.0,0.0,0,1,294,294
finetune,432,138,98.78961157798767,1.1413757749211606e-05,0.09168827043384568,0.08621935419037811,0.0029094717127040154,0.08330988202594285,0.002801288989905873,5.484845202702742e-06,0.0,2.202748277113642e-07,0.0009362290381362142,0.019848320436162446,0.06779050441761302,3.9533460842429695e-06,1.0132795432193825e-06,0.003952332698684345,0.001,0.001,1.0,1.0,0.0565969675906703,0.06752485307490724,0.054019882877030946,0.9996958512526292,0.9184382512019231,0.08392823105439162,0.0027192791915920554,8.200980748649902e-05,0.27223441004753113,0.3754935562610626,1.0,0.1,0.001,0.25,0.0025135093223319477,0.00011821659352743808,0.007411683217073098,5.06831237520927e-05,0.007360999910240499,0.0806605917138931,0.002871459369889946,0.07778913222062282,26.87372665731316,31.65811965811966,1.0,0.0036728689785346263,0.0001598107239229477,0.15981071627038157,129.35037192320212,155.97435897435898,4.919134211326926,0.0017656893907194464,4.208891004381234e-06,0.004208890800802116,2,1e-06,32,64,32,0,1.0,0.0,9.05423355102539,9.849452018737793,9.442062377929688,0.1897858828306198,0.9934940338134766,0.5740949511528015,0.8713708519935608,0.08814442157745361,256,64,256,0,1.0,0.0,0.17016983032226562,1.636806845664978,0.7207755446434021,0.22510594129562378,0.9582896828651428,-0.9591923952102661,-0.0035093699116259813,0.41194507479667664,288,288,0,1.0,0.0,0.15495269096666767,0.12207251057979908,0.12207251057979908,0.00277300385084558,0.06551858336133982,0.14737043397060484,0.30704300353924435,186,26880.0,1.0,0.12207251057979908,0.0025075872062130813,0.11956492383429344,0.0,0.0,0.0,0.12207251057979908,0.12207251057979908,0.00277300385084558,0.06551858336133982,0.14737043397060484,0.30704300353924435,0.15495269096666767,0.254864339466377,0.29365590631320915,0.12329418164618472,0.12329418164618472,0.00277300385084558,0.06777764982994526,0.14828008586060135,0.30430106738562224,0.15934146974756513,0.2567718178033829,0.2923655822392433,0.12329418164618472,0.002494826625557022,0.12079935330659786,0.0,0.0,0.0,0,1,294,294
finetune,433,139,102.14364743232727,1.118894937070779e-05,0.09268494020415168,0.087077385531022,0.0029963546591257662,0.08408103125472353,0.00282022485939356,2.8216803414571998e-05,0.0,2.202748277113642e-07,0.0009190029793424976,0.02091989920148228,0.06901832459828793,4.238035408893005e-06,1.0132795509928415e-06,0.004237022026517612,0.001,0.001,1.0,1.0,0.05702509882294724,0.06755990143387745,0.05404792084462113,0.9996922892383021,0.9168732471955128,0.08423518841592674,0.0027331249871983742,8.709986322461409e-05,0.27223441004753113,0.3754935562610626,1.0,0.1,0.001,0.25,0.0025888417022099765,0.0001225025514661236,0.007670712521952442,4.601601957001238e-05,0.007624696717303024,0.08132435126691802,0.0029618426444482566,0.0783625086530661,26.739203844314968,31.52991452991453,1.0,0.003689003696378607,0.00016947639948125277,0.16947639090383154,129.08111115806122,155.8034188034188,4.909672736473348,0.0017772462660781085,4.723327001498453e-06,0.004723326772706121,2,1e-06,32,64,32,0,1.0,0.0,9.05423355102539,9.849452018737793,9.442062377929688,0.1897858828306198,0.9934940338134766,0.5740949511528015,0.8713708519935608,0.08814442157745361,256,64,256,0,1.0,0.0,0.17016983032226562,1.636806845664978,0.7207755446434021,0.22510594129562378,0.9582896828651428,-0.9591923952102661,-0.0035093699116259813,0.41194507479667664,288,288,0,1.0,0.0,0.15548252552667613,0.12085981952383164,0.12085981952383164,0.002790417556868906,0.0659917079222699,0.1477134389282074,0.3134946154170139,186,26880.0,1.0,0.12085981952383164,0.002620078529171804,0.11823974058349082,0.0,0.0,0.0,0.12085981952383164,0.12085981952383164,0.002790417556868906,0.0659917079222699,0.1477134389282074,0.3134946154170139,0.15548252552667613,0.2545635993442228,0.30005375456105,0.12226936316236536,0.12226936316236536,0.002790417556868906,0.06715449429697969,0.14764228017540068,0.3103225727876027,0.15745030199327775,0.2556143851690395,0.29532257339326284,0.12226936316236536,0.0026020473860045696,0.11966731494411509,0.0,0.0,0.0,0,1,294,294
finetune,434,140,99.21636152267456,1.0983357966978752e-05,0.0919769256033449,0.08632288370122257,0.0029288589104643874,0.08339402538079482,0.0027774104402742833,3.5157447091789327e-06,0.0,2.202748277113642e-07,0.0009626741957306985,0.02162937421558632,0.07086711956395043,4.060362764584691e-06,1.0132795403043353e-06,0.004059349379748997,0.001,0.001,1.0,1.0,0.0575415398607142,0.06746308101166008,0.053970465070416786,0.9996962761267637,0.9184737246260684,0.08361431173025033,0.0026968782011451376,8.053224189649735e-05,0.27223441004753113,0.3754935562610626,1.0,0.1,0.001,0.25,0.002535691482321415,0.0001187101079578388,0.00752361513610579,4.263148985357366e-05,0.007480983550731952,0.08068017254018375,0.002896885293074207,0.0777832875903855,26.97103229750935,31.735042735042736,1.0,0.0036419290953721753,0.00015662680924188497,0.1566268012054965,128.89625855796356,155.991452991453,4.902900669655397,0.001751827308908105,4.43767503355001e-06,0.004437674823989216,2,1e-06,32,64,32,0,1.0,0.0,9.05423355102539,9.849452018737793,9.442062377929688,0.1897858828306198,0.9934940338134766,0.5740949511528015,0.8713708519935608,0.08814442157745361,256,64,256,0,1.0,0.0,0.17016983032226562,1.636806845664978,0.7207755446434021,0.22510594129562378,0.9582896828651428,-0.9591923952102661,-0.0035093699116259813,0.41194507479667664,288,288,0,1.0,0.0,0.15947909855474068,0.12142811160772404,0.12142811160772404,0.0027815212069594477,0.06868676366835272,0.14956858100229373,0.3125806379542556,186,26880.0,1.0,0.12142811160772404,0.0024760742126864956,0.11895203796472956,0.0,0.0,0.0,0.12142811160772404,0.12142811160772404,0.0027815212069594477,0.06868676366835272,0.14956858100229373,0.3125806379542556,0.15947909855474068,0.25825750971994094,0.2969354770036154,0.12282498799105908,0.12282498799105908,0.0027815212069594477,0.06791274740751232,0.14937456067331056,0.30811827269292646,0.16000199343969104,0.2601716407845097,0.29258063707941323,0.12282498799105908,0.0024595451516475765,0.12036544100401249,0.0,0.0,0.0,0,1,294,294
finetune,435,141,100.47309160232544,1.0797073717209015e-05,0.09167866205048357,0.08627696437203985,0.002954258312845332,0.08332270613083473,0.002782824793512113,4.8022693357406515e-06,0.0,2.202748277113642e-07,0.0010907764306031247,0.01951900532699994,0.06618076780986072,4.074284820723196e-06,1.0132795539078886e-06,0.0040732714472911675,0.001,0.001,1.0,1.0,0.057606327259897165,0.0673486740511452,0.053878939686677396,0.9996959781035398,0.9173239683493589,0.08372927603558597,0.002700426952085561,8.239783895459189e-05,0.27223441004753113,0.3754935562610626,1.0,0.1,0.001,0.25,0.002565891332685565,0.00012166291493579197,0.00708545808099274,2.533529435371996e-05,0.007060122795594044,0.08096287068393496,0.0029352568418312915,0.07802761416149954,26.849449304433968,31.683760683760685,1.0,0.003644069278628653,0.00016032377541892065,0.16032376859942052,129.4299681247809,156.69230769230768,4.931867192776692,0.0017567846185774503,4.471901340762904e-06,0.004471901135566907,2,1e-06,32,64,32,0,1.0,0.0,9.05423355102539,9.849452018737793,9.442062377929688,0.1897858828306198,0.9934940338134766,0.5740949511528015,0.8713708519935608,0.08814442157745361,256,64,256,0,1.0,0.0,0.17016983032226562,1.636806845664978,0.7207755446434021,0.22510594129562378,0.9582896828651428,-0.9591923952102661,-0.0035093699116259813,0.41194507479667664,288,288,0,1.0,0.0,0.1621393584796498,0.12163296167520767,0.12163296167520767,0.0027801396345045973,0.06898531308197366,0.14782102558241095,0.3110214991755383,186,26880.0,1.0,0.12163296167520767,0.0025672426848533624,0.11906571828938545,0.0,0.0,0.0,0.12163296167520767,0.12163296167520767,0.0027801396345045973,0.06898531308197366,0.14782102558241095,0.3110214991755383,0.1621393584796498,0.25819667572936705,0.29887096039069594,0.1229848712682724,0.1229848712682724,0.0027801396345045973,0.07001345406877257,0.1483631816402238,0.30467741223432687,0.16399815394192613,0.25956474821413716,0.2946236475661237,0.1229848712682724,0.0025518072665015115,0.12043306279055616,0.0,0.0,0.0,0,1,294,294
finetune,436,142,98.38875198364258,1.0630178331827278e-05,0.09192933180393317,0.0863375023771555,0.002914524970488607,0.08342297776387288,0.0027694197562642586,7.673680113676266e-06,0.0,2.202748277113642e-07,0.0009511869179071713,0.021278708807041503,0.06895943495452914,3.992616850862558e-06,1.013279547106112e-06,0.003991603455307265,0.001,0.001,1.0,1.0,0.057152239478424065,0.06735369171469639,0.053882953909854606,0.9996959653675047,0.91845703125,0.08344155002353537,0.0026898042310793432,7.961552557358856e-05,0.27223441004753113,0.3754935562610626,1.0,0.1,0.001,0.25,0.002520355554178166,0.00011799633362416066,0.007484872881163899,4.735479577102213e-05,0.007437518519214076,0.08072384784364292,0.002879008874655343,0.07784483887446232,27.012073842888203,31.64957264957265,1.0,0.0036355787430468025,0.00015465141899394206,0.15465141157818657,129.73589536878796,156.28205128205127,4.925610453262937,0.0017440297240868975,4.579631919059621e-06,0.004579631691305046,2,1e-06,32,64,32,0,1.0,0.0,9.05423355102539,9.849452018737793,9.442062377929688,0.1897858828306198,0.9934940338134766,0.5740949511528015,0.8713708519935608,0.08814442157745361,256,64,256,0,1.0,0.0,0.17016983032226562,1.636806845664978,0.7207755446434021,0.22510594129562378,0.9582896828651428,-0.9591923952102661,-0.0035093699116259813,0.41194507479667664,288,288,0,1.0,0.0,0.15558054155960518,0.12108855615270898,0.12108855615270898,0.0027736099833186637,0.06631864856688245,0.14548736116698674,0.313924723254737,186,26880.0,1.0,0.12108855615270898,0.0025193767617159384,0.11856917878414722,0.0,0.0,0.0,0.12108855615270898,0.12108855615270898,0.0027736099833186637,0.06631864856688245,0.14548736116698674,0.313924723254737,0.15558054155960518,0.25252234607294044,0.2990860133081354,0.12249209256248271,0.12249209256248271,0.0027736099833186637,0.06731284717448376,0.14511830895458178,0.30516128250027214,0.15885126234222485,0.2544284189340248,0.2928494544279191,0.12249209256248271,0.0024993486152565542,0.11999274330570343,0.0,0.0,0.0,0,1,294,294
finetune,437,143,100.17244410514832,1.0482745016665528e-05,0.09143071698072629,0.08595031639959058,0.0029397247263138844,0.08301059194864371,0.0027700830748479846,5.1217185508491646e-05,0.0,2.202748277113642e-07,0.0010240412004523178,0.02027763436253891,0.06774944729275173,4.035156626143253e-06,1.0132795441910648e-06,0.004034143245209836,0.001,0.001,1.0,1.0,0.05646880940558054,0.06750586020768198,0.05400468762486409,0.9996884903337202,0.9183756510416666,0.08324392955017905,0.0026828340776105467,8.724899829462824e-05,0.27223441004753113,0.3754935562610626,1.0,0.1,0.001,0.25,0.002528204933121307,0.00011927980294708077,0.007198668952681061,6.671677319667279e-05,0.00713195250584529,0.08055131430299874,0.0028896871464163796,0.07766162731453903,26.691098490331928,31.46153846153846,1.0,0.003629320380715733,0.00017013213779199193,0.17013212962028307,128.29555084358933,155.39316239316238,4.904208435140026,0.0017363477934104127,4.365858049797882e-06,0.004365857849773179,2,1e-06,32,64,32,0,1.0,0.0,9.05423355102539,9.849452018737793,9.442062377929688,0.1897858828306198,0.9934940338134766,0.5740949511528015,0.8713708519935608,0.08814442157745361,256,64,256,0,1.0,0.0,0.17016983032226562,1.636806845664978,0.7207755446434021,0.22510594129562378,0.9582896828651428,-0.9591923952102661,-0.0035093699116259813,0.41194507479667664,288,288,0,1.0,0.0,0.16433382609118058,0.12137426261572128,0.12137426261572128,0.0027774250719379235,0.07288567217878036,0.15328133690060788,0.3141935411640393,186,26880.0,1.0,0.12137426261572128,0.002557567728217691,0.11881669531477258,0.0,0.0,0.0,0.12137426261572128,0.12137426261572128,0.0027774250719379235,0.07288567217878036,0.15328133690060788,0.3141935411640393,0.16433382609118058,0.2600730667992305,0.30102149813726387,0.12283889410343576,0.12283889410343576,0.0027774250719379235,0.07300469735437022,0.1522244596353141,0.3055376266680097,0.16675016950936086,0.26133472792884355,0.2962365514969313,0.12283889410343576,0.0025398901458136103,0.12029900512796768,0.0,0.0,0.0,0,1,294,294
finetune,438,144,100.9608154296875,1.0354838440848503e-05,0.0917896088371929,0.08624309613409205,0.0029650751021730467,0.08327802143290512,0.0028039611732730498,7.560209999991279e-07,0.0,2.202748277113642e-07,0.0010505526092098687,0.020542921538217965,0.06831375028715174,4.071220452256717e-06,1.013279539332653e-06,0.004070207075629797,0.001,0.001,1.0,1.0,0.058707746064178966,0.06755720843107273,0.054045766767146244,0.9996961472380874,0.9176202757745726,0.08396706946639933,0.002717431867495179,8.652930528036931e-05,0.27223441004753113,0.3754935562610626,1.0,0.1,0.001,0.25,0.0025600106733986456,0.0001218218995691287,0.0073444216679304074,4.810385374177215e-05,0.007296317917668921,0.08073478020154513,0.0029289972118667178,0.07780578293097325,26.59101927993644,31.58974358974359,1.0,0.0036679013636217923,0.00016899622352913214,0.168996215885521,128.42296235174194,155.7094017094017,4.915937715817389,0.0017669623584335304,4.062385834979659e-06,0.004062385640592657,2,1e-06,32,64,32,0,1.0,0.0,9.05423355102539,9.849452018737793,9.442062377929688,0.1897858828306198,0.9934940338134766,0.5740949511528015,0.8713708519935608,0.08814442157745361,256,64,256,0,1.0,0.0,0.17016983032226562,1.636806845664978,0.7207755446434021,0.22510594129562378,0.9582896828651428,-0.9591923952102661,-0.0035093699116259813,0.41194507479667664,288,288,0,1.0,0.0,0.15602544360663942,0.12141409373663842,0.12141409373663842,0.002814494127883239,0.06726005041511149,0.14718342360149148,0.31295698039954706,186,26880.0,1.0,0.12141409373663842,0.00253607807284657,0.11887801628797612,0.0,0.0,0.0,0.12141409373663842,0.12141409373663842,0.002814494127883239,0.06726005041511149,0.14718342360149148,0.31295698039954706,0.15602544360663942,0.2528805429897001,0.3000537547212775,0.12286335974931717,0.12286335974931717,0.002814494127883239,0.06804969484957876,0.1464918841938338,0.3065591327125026,0.1581402414588518,0.25425320935826146,0.2906989163608961,0.12286335974931717,0.00251655645688322,0.12034680266329582,0.0,0.0,0.0,0,1,294,294
finetune,439,145,98.90608286857605,1.0246514708427704e-05,0.0921922181533952,0.08667484174172084,0.0029102464825408454,0.08376459579946649,0.0027862035621626256,6.618016025322116e-06,0.0,2.202748277113642e-07,0.0009726917921328165,0.020384969265383277,0.06877225449579394,3.980868739698706e-06,1.0132795519645238e-06,0.0039798553692750056,0.001,0.001,1.0,1.0,0.057501998435483016,0.06769460850419143,0.054155687061257854,0.9996961176904857,0.9189995659722222,0.08367030800153048,0.0027051150587857026,8.108849958347507e-05,0.27223441004753113,0.3754935562610626,1.0,0.1,0.001,0.25,0.00251563048014083,0.00011893202460288373,0.007623944527063615,4.400673290539501e-05,0.007579937959328676,0.08095688353746365,0.0028772414333593003,0.07807964232996997,26.912252523960213,31.666666666666668,1.0,0.0036562414875683878,0.00015774678900210053,0.15774678165077144,128.52435084285898,154.82905982905982,4.879079200060846,0.0017539886280130118,4.430210697817404e-06,0.0044302104884742675,2,1e-06,32,64,32,0,1.0,0.0,9.05423355102539,9.849452018737793,9.442062377929688,0.1897858828306198,0.9934940338134766,0.5740949511528015,0.8713708519935608,0.08814442157745361,256,64,256,0,1.0,0.0,0.17016983032226562,1.636806845664978,0.7207755446434021,0.22510594129562378,0.9582896828651428,-0.9591923952102661,-0.0035093699116259813,0.41194507479667664,288,288,0,1.0,0.0,0.1555445429778868,0.1215655895623755,0.1215655895623755,0.0027839439633758145,0.06497338040161037,0.1453611931753575,0.3095161207420852,186,26880.0,1.0,0.1215655895623755,0.0025689967751919116,0.11899659307079112,0.0,0.0,0.0,0.1215655895623755,0.1215655895623755,0.0027839439633758145,0.06497338040161037,0.1453611931753575,0.3095161207420852,0.1555445429778868,0.25493957739203205,0.297096766691695,0.12301709788276795,0.12301709788276795,0.0027839439633758145,0.06504073327467326,0.14400339315855695,0.30435483237748506,0.1573930368708667,0.25615058442757976,0.29252687368982583,0.12301709788276795,0.00254890648895835,0.12046819164397869,0.0,0.0,0.0,0,1,294,294
finetune,440,146,101.31258630752563,1.0157821333772305e-05,0.09260449291039737,0.08695625125342964,0.0030111122481389623,0.08394513903265326,0.0028021778338230574,6.231594767071243e-06,0.0,2.202748277113642e-07,0.001040693902264799,0.021464941545556754,0.06942850303573486,4.2441963779878215e-06,1.0132795480777943e-06,0.004243182974596882,0.001,0.001,1.0,1.0,0.05865225106732458,0.06786387464684299,0.05429110004224329,0.9996964299780691,0.9168982872596154,0.08399746917251848,0.002720259400641816,8.191842386863715e-05,0.27223441004753113,0.3754935562610626,1.0,0.1,0.001,0.25,0.0025979328878685576,0.0001229397594915309,0.008169425094229544,5.210027233976075e-05,0.008117324776119657,0.08082918230539714,0.0029720370433866405,0.07785714532320316,26.881889196542595,31.70940170940171,1.0,0.003672946960880206,0.0001596647427162617,0.15966473481593987,130.37226854634082,157.77777777777777,4.9676728438825215,0.0017675718513484567,4.1721052522730015e-06,0.004172105055588942,2,1e-06,32,64,32,0,1.0,0.0,9.05423355102539,9.849452018737793,9.442062377929688,0.1897858828306198,0.9934940338134766,0.5740949511528015,0.8713708519935608,0.08814442157745361,256,64,256,0,1.0,0.0,0.17016983032226562,1.636806845664978,0.7207755446434021,0.22510594129562378,0.9582896828651428,-0.9591923952102661,-0.0035093699116259813,0.41194507479667664,288,288,0,1.0,0.0,0.15989546806261104,0.1211154633697043,0.1211154633697043,0.0027719291095483177,0.06973768986250845,0.1482323078458668,0.3102150468896794,186,26880.0,1.0,0.1211154633697043,0.0025156839983537793,0.11859977958684272,0.0,0.0,0.0,0.1211154633697043,0.1211154633697043,0.0027719291095483177,0.06973768986250845,0.1482323078458668,0.3102150468896794,0.15989546806261104,0.25857944165666896,0.3003763368213049,0.12252392841780439,0.12252392841780439,0.0027719291095483177,0.07079068567073073,0.14782930283697063,0.30688171361082345,0.16392325277450265,0.2599661935881902,0.29677418603371547,0.12252392841780439,0.002499555903883215,0.1200243722885213,0.0,0.0,0.0,0,1,294,294
finetune,441,147,100.30244898796082,1.0088797220727781e-05,0.09236499896416298,0.08698748886330515,0.002943567639618762,0.08404392188685572,0.002802647606461731,3.919775526110942e-06,0.0,2.202748277113642e-07,0.0009587730714378671,0.019298218150869902,0.0640117646728316,3.9639393785986395e-06,1.0132795519645238e-06,0.003962925995966722,0.001,0.001,1.0,1.0,0.05771620917078267,0.06805716324438396,0.05444573014019392,0.999696272560674,0.9182671440972222,0.08415265273079912,0.002719183935998724,8.3463673821141e-05,0.27223441004753113,0.3754935562610626,1.0,0.1,0.001,0.25,0.0025329385136859096,0.00012031982681262765,0.007999018726185856,6.199946913581628e-05,0.007937019706791284,0.08098822488234593,0.002897068038761902,0.07809115710676226,26.7796136578943,31.623931623931625,1.0,0.003664777644026356,0.0001628220685917892,0.16282206111484104,127.66249775682759,154.66666666666666,4.878663080060465,0.0017735902190160675,4.105278769676595e-06,0.004105278569408971,2,1e-06,32,64,32,0,1.0,0.0,9.05423355102539,9.849452018737793,9.442062377929688,0.1897858828306198,0.9934940338134766,0.5740949511528015,0.8713708519935608,0.08814442157745361,256,64,256,0,1.0,0.0,0.17016983032226562,1.636806845664978,0.7207755446434021,0.22510594129562378,0.9582896828651428,-0.9591923952102661,-0.0035093699116259813,0.41194507479667664,288,288,0,1.0,0.0,0.15741427074516973,0.12097551372457058,0.12097551372457058,0.002778228446643086,0.06607548864958908,0.14552963447947337,0.30849461609958323,186,26880.0,1.0,0.12097551372457058,0.002380289335517173,0.11859522506277612,0.0,0.0,0.0,0.12097551372457058,0.12097551372457058,0.002778228446643086,0.06607548864958908,0.14552963447947337,0.30849461609958323,0.15741427074516973,0.25860546272928997,0.29634407891701625,0.12228978361855163,0.12228978361855163,0.002778228446643086,0.06709265822334395,0.14668178698548706,0.3063440794746081,0.16001979950615156,0.2604782445135937,0.29215053060362417,0.12228978361855163,0.002362730620587443,0.11992705407294821,0.0,0.0,0.0,0,1,294,294
finetune,442,148,100.57264304161072,1.0039472645551374e-05,0.09198218348444018,0.08650849275609367,0.002953770373446437,0.08355472294183877,0.002809063706578862,3.729320258602627e-05,0.0,2.202748277113642e-07,0.0008799959915230417,0.01990326035879234,0.06693686837823982,4.052509777279622e-06,1.0132795490494766e-06,0.004051496407104672,0.001,0.001,1.0,1.0,0.05626903033345683,0.06742373118415856,0.05393898504603113,0.9996912744310167,0.9174637753739316,0.08417098536195917,0.0027273541782051325,8.170952133097562e-05,0.27223441004753113,0.3754935562610626,1.0,0.1,0.001,0.25,0.0025533496802195143,0.00012081996489860491,0.007160075454630404,4.589402427275976e-05,0.007114181406477578,0.08113843629248121,0.00291934985623687,0.07821908682330042,26.910107710422615,31.572649572649574,1.0,0.003680124839083252,0.0001595052997131422,0.1595052918817243,130.7295545431284,157.60683760683762,4.969324166543299,0.0017745835332470571,3.913743057880396e-06,0.003913742864233816,2,1e-06,32,64,32,0,1.0,0.0,9.05423355102539,9.849452018737793,9.442062377929688,0.1897858828306198,0.9934940338134766,0.5740949511528015,0.8713708519935608,0.08814442157745361,256,64,256,0,1.0,0.0,0.17016983032226562,1.636806845664978,0.7207755446434021,0.22510594129562378,0.9582896828651428,-0.9591923952102661,-0.0035093699116259813,0.41194507479667664,288,288,0,1.0,0.0,0.1554466620568306,0.12114037509928359,0.12114037509928359,0.0028022877584667283,0.062147104434208365,0.14041335143709696,0.31102149693235276,186,26880.0,1.0,0.12114037509928359,0.0024889860515225123,0.11865138769783873,0.0,0.0,0.0,0.12114037509928359,0.12114037509928359,0.0028022877584667283,0.062147104434208365,0.14041335143709696,0.31102149693235276,0.1554466620568306,0.2547223126535775,0.2981720351243532,0.1227097176807992,0.1227097176807992,0.0028022877584667283,0.06222004655458193,0.13862307204474364,0.30645160533247456,0.1579806112474011,0.2556433961676654,0.2930645076658136,0.1227097176807992,0.0024693201994523406,0.12024039680019338,0.0,0.0,0.0,0,1,294,294
finetune,443,149,99.9490213394165,1.0009869243631953e-05,0.09210295618599297,0.08652919365300073,0.0029346917339990665,0.08359450197372681,0.002785843152266282,8.596638695169719e-06,0.0,2.202748277113642e-07,0.000998473601775447,0.02094965057972914,0.06879534228489949,4.002058893512674e-06,1.0132795539078886e-06,0.004001045509532062,0.001,0.001,1.0,1.0,0.05863183751129187,0.06769460863155177,0.054155687061257854,0.99969611921881,0.9175910623664529,0.08373122006400019,0.0027006037163142213,8.52394287227444e-05,0.27223441004753113,0.3754935562610626,1.0,0.1,0.001,0.25,0.002538816990931797,0.00012021052434569837,0.00792116487128103,4.34992685675239e-05,0.007877665707188794,0.0805883198721796,0.0029020672833196754,0.07768625269333522,26.689503074711205,31.5982905982906,1.0,0.003644122781916561,0.00016569637221584702,0.16569636418269232,127.85898994380592,154.5982905982906,4.8809213126510125,0.001757084649716878,4.782485389483539e-06,0.004782485146807809,2,1e-06,32,64,32,0,1.0,0.0,9.05423355102539,9.849452018737793,9.442062377929688,0.1897858828306198,0.9934940338134766,0.5740949511528015,0.8713708519935608,0.08814442157745361,256,64,256,0,1.0,0.0,0.17016983032226562,1.636806845664978,0.7207755446434021,0.22510594129562378,0.9582896828651428,-0.9591923952102661,-0.0035093699116259813,0.41194507479667664,288,288,0,1.0,0.0,0.15756919102803355,0.12151858733689531,0.12151858733689531,0.002813117786687105,0.06431952133394217,0.14326696755284424,0.3096236480019426,186,26880.0,1.0,0.12151858733689531,0.0025782332547563823,0.1189403530765087,0.0,0.0,0.0,0.12151858733689531,0.12151858733689531,0.002813117786687105,0.06431952133394217,0.14326696755284424,0.3096236480019426,0.15756919102803355,0.25635830168762513,0.2983870889230441,0.1228266808580845,0.1228266808580845,0.002813117786687105,0.064741966752736,0.14184183532231917,0.30360214272013275,0.15908783994695191,0.2573586393908788,0.2940322496397521,0.1228266808580845,0.002564214229425217,0.12026246637105942,0.0,0.0,0.0,0,1,294,294
finetune,444,150,100.77467632293701,1e-05,0.0925002319053707,0.08705081440444686,0.0029862959606525227,0.0840645185393146,0.0028174331582859796,8.697106112909114e-06,0.0,2.202748277113642e-07,0.0011119405718580731,0.01966552907585079,0.06602308539371206,4.088921292723404e-06,1.0132795509928415e-06,0.004087907923823302,0.001,0.001,1.0,1.0,0.05852726866037418,0.06750886527518941,0.0540070930798339,0.9996968033986214,0.916969234107906,0.08418040728976584,0.0027311334394427957,8.629972322741484e-05,0.27223441004753113,0.3754935562610626,1.0,0.1,0.001,0.25,0.0025849363231299142,0.00012356079275929768,0.007922223235806849,3.574624394950194e-05,0.007886477005787386,0.08110914697759172,0.0029594862781878975,0.07814966078497405,26.702185614496216,31.58974358974359,1.0,0.0036864848588553504,0.0001682544857003372,0.16825447734604534,129.0143548036233,156.32478632478632,4.934780018946069,0.0017757820140602242,4.344960771739849e-06,0.004344960563203208,2,1e-06,32,64,32,0,1.0,0.0,9.05423355102539,9.849452018737793,9.442062377929688,0.1897858828306198,0.9934940338134766,0.5740949511528015,0.8713708519935608,0.08814442157745361,256,64,256,0,1.0,0.0,0.17016983032226562,1.636806845664978,0.7207755446434021,0.22510594129562378,0.9582896828651428,-0.9591923952102661,-0.0035093699116259813,0.41194507479667664,288,288,0,1.0,0.0,0.16584065312179186,0.12097656267120484,0.12097656267120484,0.0027752524251712764,0.07230956295895721,0.15342100767759226,0.3129032183718938,186,26880.0,1.0,0.12097656267120484,0.002417451663666028,0.11855910987930095,0.0,0.0,0.0,0.12097656267120484,0.12097656267120484,0.0027752524251712764,0.07230956295895721,0.15342100767759226,0.3129032183718938,0.16584065312179186,0.2616190781756755,0.2988171964403122,0.1223916711008295,0.1223916711008295,0.0027752524251712764,0.07184680636912104,0.15451718537357226,0.30870966989827414,0.16778790780533387,0.2650007398859147,0.2953763354209162,0.1223916711008295,0.0023978584293682286,0.11999381349441852,0.0,0.0,0.0,0,1,294,294
